// M5StickC Nixie tube Clock: 2019.06.06
#include "driver/adc.h"
#include <DNSServer.h>
#include "esp_adc_cal.h"
#include <esp_wifi.h>
#include <NTPClient.h> //Biblioteca NTPClient modificada
#include <M5StickC.h>
#include <stdint.h>
#include <VL53L0X.h>
#include <WebServer.h>
#include <Wire.h>
#include <WiFi.h>
#include <WiFiManager.h>
#include <WiFiUdp.h>

static const uint8_t vfd_18x34_0[1224] = {
  0x00, 0x00, 0x00, 0x00, 0x00, 0x00, 0x00, 0x00, 0x00, 0x00, 0x00, 0x00, 0x00, 0x00, 0x00, 0x00, 0x20, 0xc2, 0x18, 0xa2, 0x00, 0x00, 0x00, 0x00, 0x00, 0x00, 0x00, 0x00, 0x00, 0x00, 0x00, 0x00, 0x00, 0x00, 0x00, 0x00,
  0x00, 0x00, 0x00, 0x00, 0x00, 0x00, 0x00, 0x00, 0x00, 0x00, 0x00, 0x00, 0x00, 0x00, 0x00, 0x00, 0x29, 0x02, 0x20, 0xe2, 0x00, 0x00, 0x00, 0x00, 0x00, 0x00, 0x00, 0x00, 0x00, 0x00, 0x00, 0x00, 0x00, 0x00, 0x00, 0x00,
  0x00, 0x00, 0x00, 0x00, 0x00, 0x00, 0x00, 0x00, 0x00, 0x00, 0x00, 0x00, 0x00, 0x00, 0x08, 0x62, 0x7a, 0x85, 0x72, 0x45, 0x00, 0x00, 0x00, 0x00, 0x00, 0x00, 0x00, 0x00, 0x00, 0x00, 0x00, 0x00, 0x00, 0x00, 0x00, 0x00,
  0x00, 0x00, 0x00, 0x00, 0x00, 0x00, 0x00, 0x00, 0x00, 0x00, 0x00, 0x00, 0x00, 0x00, 0x00, 0x20, 0x28, 0xe2, 0x18, 0xc2, 0x00, 0x00, 0x00, 0x00, 0x00, 0x00, 0x00, 0x00, 0x00, 0x00, 0x00, 0x00, 0x00, 0x00, 0x00, 0x00,
  0x00, 0x00, 0x00, 0x00, 0x00, 0x21, 0x10, 0xa3, 0x29, 0x23, 0x39, 0x43, 0x39, 0x42, 0x28, 0xe2, 0x49, 0x63, 0x39, 0x23, 0x18, 0xa1, 0x18, 0x81, 0x08, 0x20, 0x00, 0x00, 0x00, 0x00, 0x00, 0x20, 0x08, 0x61, 0x00, 0x00,
  0x00, 0x00, 0x4a, 0x68, 0x42, 0x07, 0x59, 0xc5, 0x82, 0x64, 0x8a, 0x64, 0x69, 0xe3, 0x49, 0x62, 0x49, 0x63, 0x51, 0xa3, 0x82, 0x65, 0x7a, 0x85, 0x72, 0x45, 0x82, 0xa5, 0x31, 0x03, 0x10, 0xa2, 0x39, 0x64, 0x00, 0x20,
  0x31, 0x86, 0x52, 0x06, 0x49, 0x83, 0xab, 0x85, 0x7a, 0x43, 0x72, 0x23, 0x51, 0x62, 0x28, 0xc1, 0x10, 0xa1, 0x28, 0xe2, 0x51, 0xa3, 0x8a, 0x85, 0x82, 0xa6, 0x8a, 0xa6, 0x9b, 0x06, 0x61, 0xe4, 0x39, 0x43, 0x18, 0xa2,
  0x39, 0xe7, 0x00, 0x41, 0xe5, 0x67, 0xd4, 0x66, 0x49, 0x43, 0x59, 0xc4, 0x28, 0xe2, 0x28, 0xe2, 0xaa, 0x82, 0x8a, 0x22, 0x18, 0xc2, 0x51, 0xa4, 0x82, 0xa5, 0x72, 0x66, 0xa2, 0xc5, 0xb3, 0xa6, 0x00, 0x21, 0x18, 0xc2,
  0x39, 0xe7, 0x00, 0x81, 0x59, 0x62, 0x00, 0x00, 0x18, 0x60, 0x10, 0x61, 0x00, 0x21, 0x00, 0x21, 0x49, 0x20, 0x61, 0x61, 0x00, 0x21, 0x08, 0x41, 0x28, 0xc1, 0x31, 0x02, 0x51, 0x63, 0x41, 0x43, 0x00, 0x41, 0x18, 0xc2,
  0x3a, 0x07, 0x08, 0x81, 0x69, 0xa2, 0x38, 0xe1, 0x28, 0xa1, 0x00, 0x02, 0x71, 0xe1, 0xfb, 0x41, 0x79, 0xa1, 0x92, 0x00, 0xfb, 0x21, 0x61, 0xa1, 0x08, 0x42, 0x49, 0x42, 0x6a, 0x04, 0x51, 0x83, 0x00, 0x61, 0x18, 0xc2,
  0x39, 0xe7, 0x00, 0x81, 0x71, 0xc2, 0x28, 0xc1, 0x00, 0x21, 0x92, 0x22, 0xe3, 0x60, 0x28, 0x00, 0x28, 0x00, 0x20, 0x00, 0x30, 0x00, 0xec, 0x00, 0x92, 0x62, 0x18, 0xe3, 0x61, 0xc3, 0x51, 0x83, 0x00, 0x41, 0x18, 0xc2,
  0x39, 0xc7, 0x00, 0x61, 0x81, 0xc2, 0x30, 0xc1, 0x41, 0x02, 0xdb, 0x61, 0x00, 0x01, 0x00, 0x20, 0x28, 0x60, 0x28, 0x60, 0x00, 0x20, 0x00, 0x01, 0xec, 0x21, 0x61, 0xc3, 0x51, 0x42, 0x61, 0x82, 0x00, 0x41, 0x18, 0xa2,
  0x39, 0xc7, 0x00, 0x60, 0x79, 0xc2, 0x30, 0xe2, 0xaa, 0xc2, 0x50, 0xc1, 0x00, 0x01, 0x18, 0x60, 0x20, 0x81, 0x28, 0x81, 0x10, 0x40, 0x00, 0x00, 0x8a, 0x22, 0xbb, 0x22, 0x38, 0xe2, 0x59, 0x62, 0x00, 0x41, 0x10, 0xa2,
  0x39, 0xc7, 0x00, 0x61, 0x61, 0x82, 0x82, 0x02, 0xd3, 0x41, 0x00, 0x01, 0x10, 0x60, 0x10, 0x40, 0x20, 0x81, 0x20, 0x81, 0x18, 0x40, 0x18, 0x81, 0x10, 0x22, 0xcb, 0x02, 0x71, 0xa2, 0x51, 0x62, 0x00, 0x41, 0x10, 0xa2,
  0x39, 0xc7, 0x00, 0x60, 0x49, 0x01, 0xd3, 0x42, 0xb3, 0x61, 0x00, 0x00, 0x10, 0x60, 0x10, 0x20, 0x18, 0x60, 0x18, 0x60, 0x18, 0x61, 0x10, 0x40, 0x18, 0x42, 0xdc, 0x02, 0xc2, 0xa1, 0x38, 0xe2, 0x00, 0x41, 0x18, 0xa2,
  0x31, 0xa7, 0x00, 0x60, 0x50, 0xc1, 0xcb, 0x61, 0x69, 0xa1, 0x08, 0x41, 0x10, 0x40, 0x10, 0x20, 0x18, 0x61, 0x20, 0x81, 0x10, 0x40, 0x08, 0x20, 0x31, 0x02, 0x82, 0x02, 0xf3, 0x41, 0x28, 0xa2, 0x00, 0x41, 0x18, 0xa2,
  0x39, 0xa7, 0x00, 0x61, 0x69, 0x21, 0xd3, 0x41, 0x28, 0x61, 0x20, 0xa1, 0x18, 0x61, 0x18, 0x61, 0x20, 0x81, 0x20, 0x81, 0x10, 0x60, 0x18, 0x81, 0x30, 0xe2, 0x40, 0xc1, 0xba, 0x82, 0x30, 0xc1, 0x00, 0x61, 0x18, 0xc2,
  0x31, 0xa6, 0x00, 0x61, 0x81, 0x61, 0xeb, 0x61, 0x20, 0x61, 0x28, 0xa1, 0x18, 0x81, 0x18, 0x61, 0x18, 0x81, 0x18, 0x81, 0x18, 0x81, 0x20, 0xa1, 0x28, 0xc1, 0x49, 0x22, 0xdb, 0x21, 0x20, 0x41, 0x08, 0x61, 0x18, 0xc2,
  0x31, 0xa6, 0x00, 0x40, 0x79, 0x81, 0xd2, 0xc1, 0x30, 0xe2, 0x20, 0x81, 0x10, 0x40, 0x10, 0x40, 0x18, 0x60, 0x18, 0x60, 0x10, 0x40, 0x18, 0x81, 0x41, 0x22, 0x41, 0x42, 0xe3, 0x40, 0x20, 0x20, 0x08, 0x61, 0x18, 0xc2,
  0x31, 0x86, 0x00, 0x40, 0x71, 0x61, 0xe3, 0x21, 0x28, 0x81, 0x18, 0x81, 0x10, 0x61, 0x10, 0x40, 0x18, 0x61, 0x18, 0x61, 0x10, 0x60, 0x18, 0x81, 0x20, 0xa1, 0x51, 0x42, 0xf3, 0x80, 0x18, 0x20, 0x00, 0x61, 0x18, 0xa2,
  0x31, 0x86, 0x00, 0x40, 0x69, 0x61, 0x9a, 0x22, 0x20, 0x61, 0x18, 0x60, 0x10, 0x61, 0x10, 0x61, 0x18, 0x61, 0x18, 0x61, 0x18, 0x61, 0x18, 0x61, 0x20, 0xa1, 0x38, 0xa1, 0xb1, 0xa0, 0x28, 0x80, 0x08, 0x61, 0x18, 0xa2,
  0x29, 0x65, 0x00, 0x40, 0x40, 0xe1, 0xa2, 0x81, 0x40, 0xc1, 0x18, 0x81, 0x18, 0x61, 0x10, 0x60, 0x18, 0x60, 0x18, 0x60, 0x18, 0x81, 0x18, 0x61, 0x28, 0xc1, 0x71, 0x61, 0x91, 0x80, 0x10, 0x40, 0x08, 0x61, 0x18, 0xa2,
  0x29, 0x65, 0x00, 0x40, 0x28, 0xc1, 0xd2, 0xa0, 0x81, 0xe1, 0x00, 0x21, 0x10, 0x40, 0x10, 0x40, 0x18, 0x60, 0x18, 0x60, 0x18, 0x61, 0x10, 0x40, 0x10, 0x61, 0xc2, 0x20, 0x81, 0x80, 0x10, 0x60, 0x08, 0x61, 0x18, 0xa2,
  0x29, 0x45, 0x00, 0x20, 0x49, 0x21, 0x69, 0x81, 0xb2, 0x60, 0x00, 0x00, 0x10, 0x40, 0x10, 0x60, 0x18, 0x60, 0x20, 0x61, 0x18, 0x60, 0x10, 0x60, 0x18, 0x21, 0xaa, 0x40, 0x28, 0x81, 0x28, 0x80, 0x08, 0x41, 0x18, 0xa2,
  0x21, 0x24, 0x00, 0x20, 0x59, 0x21, 0x18, 0x61, 0xaa, 0xa0, 0x18, 0x00, 0x08, 0x40, 0x18, 0x60, 0x18, 0x60, 0x20, 0x81, 0x18, 0x60, 0x00, 0x01, 0x91, 0xc1, 0xaa, 0x40, 0x00, 0x21, 0x28, 0xa0, 0x08, 0x41, 0x18, 0xa2,
  0x19, 0x04, 0x00, 0x20, 0x48, 0xe1, 0x10, 0x40, 0x82, 0x00, 0xda, 0xc0, 0x00, 0x00, 0x18, 0x40, 0x20, 0x60, 0x20, 0x60, 0x00, 0x40, 0x10, 0x01, 0xc2, 0xa0, 0x08, 0x01, 0x10, 0x60, 0x28, 0xa0, 0x08, 0x41, 0x18, 0xa2,
  0x18, 0xe3, 0x00, 0x00, 0x38, 0xc1, 0x20, 0x80, 0x00, 0x00, 0xc2, 0xa0, 0xa1, 0xe0, 0x00, 0x00, 0x10, 0x20, 0x10, 0x20, 0x30, 0x60, 0xb2, 0x60, 0x49, 0x00, 0x00, 0x00, 0x18, 0x60, 0x20, 0x80, 0x08, 0x41, 0x10, 0xa2,
  0x10, 0xc3, 0x00, 0x00, 0x30, 0xa0, 0x20, 0x60, 0x10, 0x40, 0x00, 0x00, 0x8a, 0x40, 0x71, 0xa0, 0x59, 0x00, 0x69, 0x60, 0x99, 0xa0, 0x39, 0x00, 0x00, 0x00, 0x08, 0x20, 0x18, 0x40, 0x20, 0x80, 0x08, 0x41, 0x10, 0xa2,
  0x10, 0xa2, 0x00, 0x00, 0x28, 0x80, 0x18, 0x60, 0x10, 0x60, 0x08, 0x20, 0x00, 0x00, 0x00, 0x40, 0x89, 0xe0, 0x79, 0xa1, 0x00, 0x20, 0x08, 0x40, 0x08, 0x40, 0x08, 0x40, 0x10, 0x60, 0x18, 0x80, 0x00, 0x20, 0x10, 0x82,
  0x08, 0x81, 0x00, 0x00, 0x10, 0x81, 0x39, 0x42, 0x39, 0x22, 0x20, 0xc2, 0x18, 0xa2, 0x18, 0xa1, 0x30, 0xe1, 0x31, 0x01, 0x31, 0x02, 0x31, 0x23, 0x31, 0x43, 0x31, 0x23, 0x39, 0x43, 0x20, 0xc2, 0x10, 0x61, 0x10, 0x82,
  0x08, 0x61, 0x00, 0x00, 0x59, 0xa1, 0x6a, 0x23, 0x00, 0x00, 0x00, 0x00, 0x00, 0x20, 0x00, 0x00, 0x00, 0x00, 0x00, 0x00, 0x00, 0x00, 0x00, 0x20, 0x08, 0x20, 0x08, 0x40, 0x30, 0xe1, 0x41, 0x42, 0x08, 0x61, 0x10, 0x61,
  0x00, 0x41, 0x00, 0x00, 0x08, 0x20, 0x00, 0x00, 0x00, 0x00, 0x00, 0x00, 0x00, 0x00, 0x00, 0x00, 0x00, 0x00, 0x00, 0x00, 0x00, 0x00, 0x00, 0x00, 0x00, 0x00, 0x08, 0x20, 0x00, 0x00, 0x00, 0x20, 0x08, 0x41, 0x08, 0x61,
  0x00, 0x20, 0x00, 0x00, 0x00, 0x00, 0x00, 0x00, 0x00, 0x00, 0x00, 0x00, 0x00, 0x00, 0x00, 0x00, 0x00, 0x00, 0x00, 0x00, 0x00, 0x00, 0x00, 0x00, 0x00, 0x00, 0x08, 0x20, 0x08, 0x00, 0x00, 0x00, 0x08, 0x41, 0x08, 0x41,
  0x00, 0x00, 0x00, 0x00, 0x00, 0x00, 0x00, 0x00, 0x00, 0x00, 0x00, 0x00, 0x00, 0x00, 0x00, 0x00, 0x00, 0x00, 0x00, 0x00, 0x00, 0x00, 0x00, 0x00, 0x00, 0x00, 0x00, 0x00, 0x00, 0x00, 0x00, 0x00, 0x00, 0x00, 0x00, 0x20
};

static const uint8_t vfd_18x34_1[1224] = {
  0x00, 0x00, 0x00, 0x00, 0x00, 0x00, 0x00, 0x00, 0x00, 0x00, 0x00, 0x00, 0x00, 0x00, 0x00, 0x00, 0x29, 0x24, 0x18, 0xc3, 0x00, 0x00, 0x00, 0x00, 0x00, 0x00, 0x00, 0x00, 0x00, 0x00, 0x00, 0x00, 0x00, 0x00, 0x00, 0x00,
  0x00, 0x00, 0x00, 0x00, 0x00, 0x00, 0x00, 0x00, 0x00, 0x00, 0x00, 0x00, 0x00, 0x00, 0x00, 0x00, 0x39, 0x64, 0x21, 0x03, 0x00, 0x00, 0x00, 0x00, 0x00, 0x00, 0x00, 0x00, 0x00, 0x00, 0x00, 0x00, 0x00, 0x00, 0x00, 0x00,
  0x00, 0x00, 0x00, 0x00, 0x00, 0x00, 0x00, 0x00, 0x00, 0x00, 0x00, 0x00, 0x00, 0x00, 0x21, 0x24, 0x6a, 0x66, 0x62, 0x46, 0x00, 0x20, 0x00, 0x00, 0x00, 0x00, 0x00, 0x00, 0x00, 0x00, 0x00, 0x00, 0x00, 0x00, 0x00, 0x00,
  0x00, 0x00, 0x00, 0x00, 0x00, 0x00, 0x00, 0x00, 0x00, 0x00, 0x00, 0x00, 0x00, 0x00, 0x00, 0x20, 0x29, 0x03, 0x18, 0xa2, 0x00, 0x00, 0x00, 0x00, 0x00, 0x00, 0x00, 0x00, 0x00, 0x00, 0x00, 0x00, 0x00, 0x00, 0x00, 0x00,
  0x00, 0x00, 0x00, 0x00, 0x08, 0x61, 0x21, 0x45, 0x31, 0x85, 0x39, 0x43, 0x31, 0x23, 0x20, 0xc2, 0x39, 0x64, 0x29, 0x03, 0x18, 0x81, 0x10, 0x81, 0x08, 0x40, 0x00, 0x00, 0x00, 0x00, 0x08, 0x41, 0x10, 0x82, 0x00, 0x00,
  0x00, 0x00, 0x63, 0x2b, 0x42, 0x48, 0x41, 0xc5, 0x62, 0x04, 0x61, 0xe3, 0x49, 0x83, 0x39, 0x22, 0x31, 0x02, 0x39, 0x22, 0x59, 0xc4, 0x51, 0xa4, 0x49, 0x83, 0x59, 0xc4, 0x10, 0x81, 0x10, 0x82, 0x31, 0x45, 0x00, 0x20,
  0x42, 0x08, 0x39, 0xc6, 0x39, 0x83, 0x9b, 0x06, 0x61, 0xe4, 0x59, 0xe4, 0x39, 0x43, 0x20, 0xc2, 0x00, 0x82, 0x20, 0xe3, 0x41, 0xa4, 0x6a, 0x45, 0x72, 0x86, 0x72, 0x46, 0x7a, 0x65, 0x39, 0x43, 0x21, 0x03, 0x10, 0xa2,
  0x4a, 0x69, 0x00, 0x40, 0xe5, 0x28, 0xab, 0xa6, 0x59, 0xe5, 0x49, 0xc4, 0x21, 0x23, 0x31, 0x43, 0xaa, 0xe5, 0x8a, 0x85, 0x29, 0x85, 0x5a, 0x66, 0x83, 0x28, 0x7b, 0x08, 0x92, 0xc6, 0x72, 0x24, 0x00, 0x41, 0x18, 0xc2,
  0x4a, 0x49, 0x08, 0x40, 0x30, 0xa0, 0x08, 0x01, 0x18, 0xa1, 0x10, 0x81, 0x10, 0x81, 0x10, 0x81, 0x30, 0xc1, 0x41, 0x22, 0x00, 0x41, 0x10, 0x61, 0x20, 0xc1, 0x39, 0x23, 0x49, 0x83, 0x20, 0xa1, 0x08, 0x61, 0x18, 0xc2,
  0x4a, 0x69, 0x10, 0x40, 0x49, 0x21, 0x28, 0xe1, 0x20, 0xc1, 0x28, 0xe2, 0x20, 0xa1, 0x08, 0x02, 0xbb, 0x22, 0x9a, 0x01, 0x08, 0x82, 0x31, 0x23, 0x31, 0x22, 0x41, 0x83, 0x72, 0x66, 0x28, 0xc1, 0x08, 0x61, 0x18, 0xc2,
  0x4a, 0x69, 0x10, 0x60, 0x51, 0x62, 0x20, 0xa1, 0x20, 0xa1, 0x20, 0xe2, 0x10, 0x61, 0x00, 0x02, 0xfd, 0xe1, 0xd2, 0xe0, 0x00, 0x01, 0x20, 0xc2, 0x51, 0xa4, 0x49, 0xa4, 0x59, 0xe4, 0x30, 0xe2, 0x08, 0x41, 0x18, 0xc2,
  0x4a, 0x69, 0x10, 0x60, 0x51, 0x62, 0x28, 0xc1, 0x39, 0x22, 0x18, 0xa1, 0x10, 0x81, 0x08, 0x02, 0xfd, 0x20, 0xc2, 0xa0, 0x00, 0x01, 0x08, 0x41, 0x59, 0xc4, 0x62, 0x25, 0x49, 0x83, 0x31, 0x02, 0x00, 0x41, 0x10, 0xa2,
  0x4a, 0x69, 0x10, 0x40, 0x51, 0x42, 0x39, 0x02, 0x31, 0x02, 0x18, 0xa1, 0x10, 0x81, 0x18, 0x01, 0xfd, 0x20, 0xc2, 0xc1, 0x00, 0x01, 0x18, 0xa2, 0x39, 0x42, 0x5a, 0x05, 0x59, 0xa3, 0x30, 0xe2, 0x00, 0x40, 0x10, 0xa2,
  0x4a, 0x49, 0x10, 0x40, 0x49, 0x42, 0x41, 0x42, 0x39, 0x22, 0x18, 0xa1, 0x10, 0x81, 0x10, 0x01, 0xfd, 0x40, 0xba, 0x80, 0x00, 0x01, 0x20, 0xc2, 0x28, 0xc2, 0x59, 0xe4, 0x61, 0xe4, 0x30, 0xe2, 0x00, 0x40, 0x10, 0xa2,
  0x4a, 0x49, 0x08, 0x40, 0x49, 0x42, 0x41, 0x42, 0x39, 0x22, 0x10, 0x61, 0x10, 0x81, 0x08, 0x00, 0xfd, 0x60, 0xc2, 0xa1, 0x08, 0x41, 0x10, 0x61, 0x41, 0x63, 0x51, 0xc4, 0x59, 0xc4, 0x30, 0xe1, 0x00, 0x20, 0x10, 0xa2,
  0x42, 0x49, 0x08, 0x40, 0x49, 0x42, 0x41, 0x63, 0x31, 0x02, 0x18, 0xa1, 0x10, 0x61, 0x08, 0x00, 0xfd, 0x80, 0xb2, 0xe2, 0x00, 0x01, 0x10, 0x41, 0x49, 0x83, 0x31, 0x02, 0x61, 0xe4, 0x28, 0xe2, 0x08, 0x41, 0x10, 0xa2,
  0x4a, 0x49, 0x08, 0x40, 0x49, 0x21, 0x49, 0x83, 0x30, 0xe2, 0x20, 0xc2, 0x18, 0xa1, 0x20, 0x62, 0xe3, 0x42, 0x8a, 0x02, 0x00, 0x21, 0x20, 0xe2, 0x31, 0x02, 0x30, 0xe2, 0x69, 0xe4, 0x18, 0x81, 0x08, 0x41, 0x18, 0xc2,
  0x42, 0x28, 0x08, 0x40, 0x49, 0x41, 0x49, 0x83, 0x39, 0x22, 0x28, 0xe2, 0x18, 0xa2, 0x18, 0x42, 0xfc, 0x22, 0xa2, 0xc2, 0x00, 0x41, 0x29, 0x23, 0x29, 0x02, 0x49, 0x63, 0x41, 0x42, 0x08, 0x60, 0x08, 0x61, 0x18, 0xc2,
  0x42, 0x28, 0x08, 0x40, 0x51, 0x42, 0x49, 0x83, 0x41, 0x63, 0x18, 0xa1, 0x10, 0x61, 0x10, 0x01, 0xfc, 0x81, 0xaa, 0x61, 0x00, 0x21, 0x29, 0x03, 0x41, 0x63, 0x41, 0x63, 0x20, 0xa1, 0x10, 0x60, 0x08, 0x61, 0x18, 0xc2,
  0x42, 0x28, 0x08, 0x20, 0x49, 0x42, 0x51, 0xa4, 0x31, 0x22, 0x18, 0xa1, 0x18, 0x81, 0x18, 0x01, 0xfb, 0xa2, 0x92, 0x21, 0x00, 0x41, 0x20, 0xc2, 0x28, 0xc2, 0x41, 0x43, 0x20, 0x81, 0x18, 0x60, 0x08, 0x61, 0x18, 0xc2,
  0x42, 0x08, 0x08, 0x20, 0x59, 0x82, 0x51, 0xa4, 0x20, 0xc1, 0x18, 0x81, 0x18, 0xa1, 0x18, 0x21, 0xfb, 0xa2, 0x91, 0xc1, 0x08, 0x61, 0x18, 0xa1, 0x20, 0xa1, 0x20, 0xc1, 0x20, 0xa1, 0x18, 0x60, 0x08, 0x61, 0x10, 0xa2,
  0x42, 0x08, 0x08, 0x20, 0x59, 0x62, 0x41, 0x63, 0x30, 0xe2, 0x20, 0xc2, 0x18, 0xa1, 0x18, 0x01, 0xfc, 0x01, 0x92, 0x01, 0x08, 0x61, 0x18, 0xa1, 0x31, 0x02, 0x18, 0x81, 0x20, 0xc1, 0x18, 0x60, 0x08, 0x61, 0x10, 0xa2,
  0x42, 0x08, 0x08, 0x20, 0x51, 0x62, 0x39, 0x22, 0x30, 0xe2, 0x18, 0xa1, 0x10, 0x61, 0x20, 0x01, 0xfc, 0x61, 0xa2, 0x41, 0x00, 0x41, 0x18, 0x81, 0x28, 0xe2, 0x10, 0x61, 0x28, 0xc1, 0x18, 0x80, 0x08, 0x41, 0x10, 0x82,
  0x42, 0x08, 0x08, 0x20, 0x51, 0x62, 0x39, 0x22, 0x31, 0x02, 0x18, 0x81, 0x10, 0x81, 0x28, 0x01, 0xfc, 0x21, 0x9a, 0x41, 0x00, 0x21, 0x18, 0xa1, 0x20, 0xc2, 0x10, 0x61, 0x28, 0xe2, 0x18, 0x60, 0x08, 0x41, 0x10, 0x82,
  0x39, 0xe8, 0x08, 0x20, 0x51, 0x41, 0x41, 0x42, 0x30, 0xe1, 0x18, 0x81, 0x10, 0x81, 0x28, 0x01, 0xfc, 0x21, 0x92, 0x22, 0x00, 0x21, 0x20, 0xc2, 0x18, 0xa1, 0x18, 0x81, 0x20, 0xa1, 0x18, 0x80, 0x08, 0x41, 0x10, 0x82,
  0x39, 0xc7, 0x08, 0x20, 0x49, 0x21, 0x39, 0x02, 0x30, 0xe2, 0x18, 0x81, 0x10, 0x61, 0x28, 0x21, 0xfb, 0xe1, 0x72, 0x02, 0x08, 0x61, 0x18, 0xa1, 0x18, 0xa1, 0x18, 0xa1, 0x18, 0x60, 0x18, 0x81, 0x08, 0x41, 0x10, 0x81,
  0x31, 0xc7, 0x00, 0x20, 0x41, 0x01, 0x28, 0xc1, 0x28, 0xc1, 0x18, 0xa1, 0x10, 0x61, 0x18, 0x01, 0xf3, 0x21, 0x71, 0x61, 0x00, 0x61, 0x20, 0xc2, 0x20, 0xe2, 0x08, 0x40, 0x10, 0x60, 0x10, 0x60, 0x08, 0x41, 0x08, 0x61,
  0x31, 0xa6, 0x00, 0x20, 0x38, 0xe1, 0x28, 0xa1, 0x20, 0x80, 0x10, 0x61, 0x18, 0x81, 0x08, 0x21, 0xb2, 0x21, 0x51, 0x21, 0x10, 0x81, 0x18, 0xc2, 0x10, 0x61, 0x08, 0x40, 0x10, 0x60, 0x10, 0x60, 0x08, 0x41, 0x08, 0x61,
  0x29, 0x86, 0x00, 0x20, 0x38, 0xe1, 0x20, 0x81, 0x20, 0xa1, 0x10, 0x61, 0x10, 0x61, 0x08, 0x81, 0x61, 0xa2, 0x51, 0x82, 0x08, 0x61, 0x10, 0x81, 0x10, 0x81, 0x08, 0x61, 0x10, 0x61, 0x10, 0x60, 0x00, 0x20, 0x08, 0x61,
  0x29, 0x45, 0x00, 0x20, 0x31, 0x23, 0x62, 0x66, 0x51, 0xc4, 0x31, 0x43, 0x31, 0x23, 0x29, 0x22, 0x39, 0x02, 0x39, 0x42, 0x31, 0x43, 0x31, 0x64, 0x29, 0x43, 0x21, 0x02, 0x29, 0x23, 0x10, 0x81, 0x08, 0x20, 0x08, 0x41,
  0x21, 0x04, 0x00, 0x00, 0xab, 0xe6, 0x8b, 0x86, 0x00, 0x00, 0x00, 0x00, 0x08, 0x40, 0x00, 0x00, 0x00, 0x00, 0x00, 0x00, 0x00, 0x00, 0x00, 0x20, 0x08, 0x20, 0x08, 0x20, 0x20, 0xa1, 0x20, 0xa1, 0x00, 0x40, 0x08, 0x40,
  0x18, 0xe3, 0x00, 0x00, 0x08, 0x40, 0x00, 0x00, 0x00, 0x00, 0x00, 0x00, 0x00, 0x00, 0x00, 0x00, 0x00, 0x00, 0x00, 0x00, 0x00, 0x00, 0x00, 0x20, 0x00, 0x20, 0x08, 0x00, 0x00, 0x00, 0x00, 0x00, 0x00, 0x20, 0x00, 0x20,
  0x10, 0xa2, 0x00, 0x00, 0x00, 0x00, 0x08, 0x20, 0x08, 0x20, 0x00, 0x00, 0x00, 0x00, 0x00, 0x00, 0x00, 0x00, 0x00, 0x00, 0x00, 0x00, 0x00, 0x00, 0x00, 0x20, 0x08, 0x20, 0x00, 0x00, 0x00, 0x00, 0x00, 0x20, 0x00, 0x20,
  0x10, 0x82, 0x00, 0x00, 0x00, 0x00, 0x08, 0x20, 0x08, 0x00, 0x00, 0x00, 0x00, 0x00, 0x00, 0x00, 0x00, 0x00, 0x00, 0x00, 0x00, 0x00, 0x00, 0x00, 0x00, 0x00, 0x00, 0x00, 0x00, 0x00, 0x00, 0x00, 0x00, 0x00, 0x00, 0x00
};

static const uint8_t vfd_18x34_2[1260] = {
  0x00, 0x00, 0x00, 0x00, 0x00, 0x00, 0x00, 0x00, 0x00, 0x00, 0x00, 0x00, 0x00, 0x00, 0x00, 0x00, 0x30, 0xe2, 0x18, 0x81, 0x00, 0x00, 0x00, 0x00, 0x00, 0x00, 0x00, 0x00, 0x00, 0x00, 0x00, 0x00, 0x00, 0x00, 0x00, 0x00,
  0x00, 0x00, 0x00, 0x00, 0x00, 0x00, 0x00, 0x00, 0x00, 0x00, 0x00, 0x00, 0x00, 0x00, 0x00, 0x00, 0x39, 0x42, 0x20, 0xc2, 0x00, 0x00, 0x00, 0x00, 0x00, 0x00, 0x00, 0x00, 0x00, 0x00, 0x00, 0x00, 0x00, 0x00, 0x00, 0x00,
  0x00, 0x00, 0x00, 0x00, 0x00, 0x00, 0x00, 0x00, 0x00, 0x00, 0x00, 0x00, 0x00, 0x00, 0x10, 0xa1, 0x8a, 0xc6, 0x7a, 0x65, 0x00, 0x00, 0x00, 0x00, 0x00, 0x00, 0x00, 0x00, 0x00, 0x00, 0x00, 0x00, 0x00, 0x00, 0x00, 0x00,
  0x00, 0x00, 0x00, 0x00, 0x00, 0x00, 0x00, 0x00, 0x00, 0x00, 0x00, 0x00, 0x00, 0x00, 0x00, 0x20, 0x39, 0x22, 0x20, 0xc1, 0x00, 0x00, 0x00, 0x00, 0x00, 0x00, 0x00, 0x00, 0x00, 0x00, 0x00, 0x00, 0x00, 0x00, 0x00, 0x00,
  0x00, 0x00, 0x00, 0x00, 0x00, 0x00, 0x00, 0x41, 0x20, 0xc2, 0x31, 0x02, 0x29, 0x02, 0x18, 0x81, 0x49, 0x83, 0x29, 0x02, 0x10, 0x61, 0x10, 0x60, 0x00, 0x00, 0x00, 0x00, 0x00, 0x00, 0x00, 0x00, 0x00, 0x20, 0x00, 0x00,
  0x00, 0x00, 0x4a, 0x06, 0x4a, 0x06, 0x7a, 0xa6, 0x9b, 0x47, 0xab, 0x47, 0x8a, 0xa5, 0x62, 0x04, 0x62, 0x05, 0x6a, 0x25, 0xa3, 0x07, 0x9b, 0x48, 0x7a, 0xa6, 0x93, 0x06, 0x30, 0xe2, 0x20, 0xa2, 0x39, 0x43, 0x00, 0x20,
  0x31, 0x65, 0x6a, 0x87, 0x41, 0x42, 0x9b, 0xa9, 0x82, 0xc6, 0x72, 0x65, 0x49, 0x83, 0x28, 0xe1, 0x18, 0x81, 0x31, 0x02, 0x6a, 0x25, 0x8a, 0xe7, 0x93, 0x07, 0x9b, 0x47, 0x8b, 0x48, 0x41, 0x43, 0x41, 0x43, 0x18, 0xa1,
  0x41, 0xe7, 0x00, 0x01, 0xff, 0x96, 0xf6, 0x51, 0x72, 0x66, 0x82, 0xe7, 0x41, 0x43, 0x41, 0x43, 0xc3, 0x85, 0x82, 0x84, 0x31, 0x23, 0x82, 0xc7, 0xc4, 0x09, 0xa3, 0x48, 0xd4, 0x69, 0xb4, 0x08, 0x00, 0x21, 0x18, 0xa1,
  0x39, 0xa6, 0x00, 0x41, 0x72, 0x02, 0x10, 0x00, 0x20, 0x81, 0x18, 0x60, 0x00, 0x20, 0x00, 0x41, 0x7a, 0x02, 0x71, 0xc2, 0x00, 0x40, 0x10, 0x40, 0x20, 0xc1, 0x28, 0xe2, 0x61, 0xa3, 0x51, 0xc3, 0x00, 0x21, 0x18, 0xa1,
  0x39, 0xc6, 0x08, 0xa1, 0x71, 0xe3, 0x39, 0x01, 0x30, 0xe2, 0x39, 0x22, 0xba, 0x81, 0x8a, 0x01, 0x69, 0x41, 0x79, 0xa1, 0xa2, 0x21, 0x9a, 0x21, 0x39, 0x23, 0x59, 0xc4, 0x8a, 0x85, 0x51, 0xa3, 0x08, 0x41, 0x18, 0xa2,
  0x39, 0xa6, 0x00, 0xa1, 0x8a, 0x23, 0x18, 0xa1, 0x41, 0x42, 0x92, 0x62, 0xa9, 0xa1, 0x20, 0x81, 0x30, 0x80, 0x18, 0x40, 0x30, 0xa1, 0xba, 0x01, 0xc3, 0xa3, 0x39, 0x84, 0x82, 0x44, 0x59, 0xa3, 0x00, 0x41, 0x18, 0xa1,
  0x39, 0xa6, 0x00, 0x81, 0x9a, 0x83, 0x39, 0x01, 0xd3, 0x82, 0x30, 0x61, 0x00, 0x00, 0x10, 0x60, 0x30, 0x80, 0x28, 0x80, 0x08, 0x40, 0x00, 0x00, 0xaa, 0xc4, 0xcb, 0xa4, 0x59, 0x63, 0x61, 0xc2, 0x00, 0x41, 0x18, 0xa1,
  0x31, 0x85, 0x00, 0x81, 0x7a, 0x02, 0xc3, 0x02, 0x9a, 0x82, 0x08, 0x01, 0x18, 0x60, 0x18, 0x60, 0x28, 0x80, 0x28, 0x80, 0x18, 0x60, 0x08, 0x40, 0x49, 0x03, 0xcb, 0x84, 0xcb, 0x43, 0x41, 0x22, 0x00, 0x21, 0x18, 0x81,
  0x31, 0x86, 0x00, 0x61, 0x92, 0x42, 0xeb, 0xe2, 0x38, 0xc2, 0x20, 0xa1, 0x18, 0x60, 0x18, 0x60, 0x20, 0x80, 0x20, 0x60, 0x18, 0x60, 0x20, 0x81, 0x38, 0xe2, 0x71, 0xe4, 0xfc, 0x02, 0x39, 0x02, 0x00, 0x41, 0x18, 0x81,
  0x31, 0x85, 0x00, 0x41, 0xcb, 0x41, 0xfc, 0x02, 0x30, 0xe3, 0x18, 0x81, 0x18, 0x61, 0x10, 0x40, 0x20, 0x81, 0x20, 0x60, 0x20, 0x81, 0x10, 0x60, 0x49, 0x42, 0x59, 0x84, 0xe3, 0x62, 0x49, 0x22, 0x00, 0x41, 0x18, 0xa1,
  0x31, 0x65, 0x00, 0x81, 0x92, 0x42, 0x61, 0xa2, 0x49, 0x63, 0x18, 0x81, 0x10, 0x60, 0x10, 0x40, 0x20, 0x81, 0x20, 0x81, 0x18, 0x60, 0x00, 0x20, 0x59, 0xa3, 0x51, 0x63, 0xeb, 0xa2, 0x39, 0x02, 0x00, 0x41, 0x18, 0xa1,
  0x31, 0x85, 0x00, 0x81, 0x71, 0xe3, 0x59, 0xa3, 0x49, 0x42, 0x28, 0xa1, 0x10, 0x40, 0x18, 0x60, 0x28, 0xa1, 0x28, 0xa1, 0x18, 0x40, 0x18, 0x60, 0x49, 0x42, 0x59, 0xa2, 0xfb, 0xe2, 0x30, 0x82, 0x08, 0x61, 0x18, 0xa2,
  0x31, 0x85, 0x00, 0x81, 0x7a, 0x03, 0x61, 0xc3, 0x39, 0x22, 0x28, 0xc2, 0x20, 0xa1, 0x20, 0x81, 0x28, 0xa1, 0x28, 0xa1, 0x20, 0x81, 0x18, 0x81, 0x10, 0x02, 0xeb, 0xa2, 0xa2, 0x62, 0x18, 0x61, 0x10, 0x61, 0x18, 0xa2,
  0x31, 0x65, 0x00, 0x81, 0x7a, 0x03, 0x59, 0xa3, 0x59, 0xa3, 0x20, 0xa1, 0x18, 0x60, 0x18, 0x60, 0x10, 0x40, 0x08, 0x01, 0x08, 0x01, 0x30, 0x61, 0xec, 0x22, 0xd4, 0x42, 0x30, 0x21, 0x20, 0x80, 0x10, 0x81, 0x18, 0xa2,
  0x31, 0x65, 0x00, 0x61, 0x7a, 0x03, 0x61, 0xc3, 0x51, 0x63, 0x20, 0xa1, 0x00, 0x20, 0x00, 0x01, 0x71, 0x81, 0xf3, 0xa1, 0xd3, 0x61, 0xbb, 0x21, 0x92, 0x62, 0x38, 0xe3, 0x30, 0xa1, 0x28, 0xa0, 0x10, 0x81, 0x18, 0xa2,
  0x31, 0x65, 0x00, 0x61, 0x82, 0x23, 0x69, 0xe3, 0x41, 0x22, 0x00, 0x21, 0x28, 0x61, 0xfb, 0xa1, 0xeb, 0x80, 0x79, 0xc0, 0x30, 0x61, 0x00, 0x01, 0x20, 0xa1, 0x41, 0x22, 0x30, 0xa0, 0x28, 0xa0, 0x10, 0x61, 0x18, 0xa2,
  0x31, 0x65, 0x00, 0x60, 0x8a, 0x23, 0x59, 0xa3, 0x18, 0xc1, 0x49, 0x02, 0xd3, 0xa1, 0x61, 0x20, 0x00, 0x00, 0x10, 0x20, 0x20, 0x81, 0x18, 0x60, 0x39, 0x02, 0x28, 0xc1, 0x28, 0xa1, 0x28, 0xa0, 0x10, 0x61, 0x18, 0xa1,
  0x31, 0x65, 0x00, 0x60, 0x81, 0xe2, 0x41, 0x42, 0x49, 0x22, 0xd3, 0xc1, 0x10, 0x01, 0x00, 0x00, 0x28, 0x80, 0x28, 0xa1, 0x20, 0xa1, 0x18, 0x60, 0x39, 0x22, 0x18, 0x81, 0x28, 0xa1, 0x28, 0xa0, 0x10, 0x61, 0x18, 0xa2,
  0x31, 0x65, 0x00, 0x40, 0x82, 0x02, 0x18, 0x02, 0xdb, 0xe1, 0x59, 0x41, 0x00, 0x00, 0x20, 0x60, 0x28, 0x80, 0x28, 0xa1, 0x20, 0x81, 0x18, 0x60, 0x31, 0x02, 0x10, 0x60, 0x30, 0xe1, 0x28, 0xa1, 0x10, 0x61, 0x18, 0xa1,
  0x31, 0x65, 0x00, 0x40, 0x61, 0x62, 0xab, 0x21, 0xfc, 0xe1, 0x00, 0x01, 0x20, 0x60, 0x20, 0x60, 0x20, 0x81, 0x28, 0xa1, 0x18, 0x81, 0x20, 0x81, 0x20, 0xc2, 0x10, 0x61, 0x30, 0xe1, 0x28, 0xa1, 0x10, 0x61, 0x18, 0xa2,
  0x29, 0x45, 0x00, 0x40, 0x61, 0x42, 0x9a, 0xa1, 0x71, 0xa2, 0x10, 0x20, 0x18, 0x60, 0x20, 0x60, 0x28, 0x81, 0x28, 0xa1, 0x20, 0x81, 0x20, 0xa1, 0x18, 0x81, 0x18, 0x81, 0x28, 0xc1, 0x28, 0xa1, 0x10, 0x61, 0x18, 0xa2,
  0x29, 0x45, 0x00, 0x40, 0x81, 0xe1, 0xd3, 0x01, 0x20, 0x61, 0x28, 0x80, 0x18, 0x60, 0x20, 0x60, 0x28, 0x80, 0x28, 0xa1, 0x20, 0xa1, 0x20, 0xa1, 0x20, 0xa1, 0x18, 0x81, 0x20, 0xa1, 0x28, 0xc1, 0x10, 0x61, 0x18, 0xa2,
  0x29, 0x24, 0x00, 0x20, 0xa2, 0xa1, 0xd3, 0x61, 0x00, 0x01, 0x00, 0x00, 0x00, 0x00, 0x08, 0x20, 0x20, 0x20, 0x10, 0x21, 0x08, 0x01, 0x10, 0x21, 0x08, 0x01, 0x00, 0x00, 0x18, 0x81, 0x30, 0xc1, 0x10, 0x61, 0x18, 0xa2,
  0x29, 0x24, 0x00, 0x20, 0x91, 0xe1, 0xf3, 0xe0, 0xcb, 0x41, 0xc2, 0xc0, 0xaa, 0x80, 0xa1, 0xe0, 0x92, 0x22, 0xaa, 0xc1, 0xaa, 0xa1, 0xc2, 0xe1, 0xc2, 0xc0, 0xca, 0xc0, 0xd9, 0xe0, 0x18, 0xa1, 0x10, 0x61, 0x18, 0xa2,
  0x21, 0x24, 0x00, 0x20, 0x41, 0x02, 0x29, 0x21, 0x59, 0xe3, 0x41, 0x42, 0x31, 0x01, 0x39, 0x21, 0xb3, 0x43, 0x9a, 0xe4, 0x31, 0x22, 0x41, 0x62, 0x39, 0x42, 0x29, 0x41, 0x41, 0x01, 0x18, 0x81, 0x08, 0x61, 0x18, 0xa2,
  0x21, 0x24, 0x00, 0x20, 0x49, 0xe5, 0x7b, 0x29, 0x51, 0xe5, 0x31, 0x43, 0x41, 0x84, 0x29, 0x23, 0x49, 0x82, 0x49, 0xa3, 0x41, 0xc4, 0x49, 0xc4, 0x51, 0xe5, 0x41, 0xa4, 0x5a, 0x05, 0x31, 0x43, 0x28, 0xc2, 0x18, 0xa2,
  0x21, 0x04, 0x00, 0x00, 0xf6, 0x2f, 0xc5, 0x2e, 0x00, 0x00, 0x00, 0x20, 0x08, 0x20, 0x00, 0x00, 0x00, 0x00, 0x00, 0x00, 0x00, 0x00, 0x00, 0x00, 0x10, 0x81, 0x10, 0x61, 0x69, 0xe4, 0x6a, 0x04, 0x18, 0xa2, 0x18, 0xa2,
  0x21, 0x04, 0x00, 0x20, 0x18, 0xa1, 0x08, 0x20, 0x20, 0xa1, 0x00, 0x20, 0x00, 0x00, 0x00, 0x00, 0x08, 0x00, 0x00, 0x00, 0x00, 0x20, 0x00, 0x00, 0x10, 0x61, 0x20, 0xa1, 0x08, 0x20, 0x00, 0x20, 0x20, 0xc2, 0x18, 0xa2,
  0x18, 0xe3, 0x08, 0x40, 0x18, 0x81, 0x20, 0xa1, 0x20, 0xa1, 0x00, 0x20, 0x00, 0x20, 0x00, 0x00, 0x08, 0x20, 0x08, 0x20, 0x00, 0x00, 0x00, 0x00, 0x10, 0x61, 0x28, 0xe1, 0x18, 0x80, 0x08, 0x40, 0x20, 0xc2, 0x18, 0xa2,
  0x18, 0xc3, 0x08, 0x20, 0x10, 0x60, 0x20, 0xc1, 0x20, 0xa1, 0x08, 0x40, 0x00, 0x00, 0x00, 0x00, 0x08, 0x20, 0x10, 0x40, 0x00, 0x00, 0x00, 0x00, 0x08, 0x20, 0x10, 0x40, 0x08, 0x40, 0x08, 0x20, 0x10, 0x61, 0x10, 0x61
};

static const uint8_t vfd_18x34_3[1224] = {
  0x00, 0x00, 0x00, 0x00, 0x00, 0x00, 0x00, 0x00, 0x00, 0x00, 0x00, 0x00, 0x00, 0x00, 0x00, 0x00, 0x29, 0x03, 0x10, 0x82, 0x00, 0x00, 0x00, 0x00, 0x00, 0x00, 0x00, 0x00, 0x00, 0x00, 0x00, 0x00, 0x00, 0x00, 0x00, 0x00,
  0x00, 0x00, 0x00, 0x00, 0x00, 0x00, 0x00, 0x00, 0x00, 0x00, 0x00, 0x00, 0x00, 0x00, 0x00, 0x00, 0x41, 0x43, 0x20, 0xc2, 0x00, 0x00, 0x00, 0x00, 0x00, 0x00, 0x00, 0x00, 0x00, 0x00, 0x00, 0x00, 0x00, 0x00, 0x00, 0x00,
  0x00, 0x00, 0x00, 0x00, 0x00, 0x00, 0x00, 0x00, 0x00, 0x00, 0x00, 0x00, 0x00, 0x00, 0x20, 0xe3, 0x82, 0xa6, 0x6a, 0x45, 0x00, 0x00, 0x00, 0x00, 0x00, 0x00, 0x00, 0x00, 0x00, 0x00, 0x00, 0x00, 0x00, 0x00, 0x00, 0x00,
  0x00, 0x00, 0x00, 0x00, 0x00, 0x00, 0x00, 0x00, 0x00, 0x00, 0x00, 0x00, 0x00, 0x00, 0x00, 0x20, 0x31, 0x02, 0x18, 0xa2, 0x00, 0x00, 0x00, 0x00, 0x00, 0x00, 0x00, 0x00, 0x00, 0x00, 0x00, 0x00, 0x00, 0x00, 0x00, 0x00,
  0x00, 0x00, 0x00, 0x00, 0x08, 0x41, 0x18, 0xc3, 0x29, 0x24, 0x41, 0x63, 0x41, 0x63, 0x31, 0x22, 0x59, 0xc4, 0x39, 0x43, 0x20, 0xc2, 0x20, 0xc2, 0x10, 0x61, 0x00, 0x20, 0x00, 0x00, 0x08, 0x20, 0x08, 0x82, 0x00, 0x00,
  0x00, 0x00, 0x5a, 0xea, 0x41, 0xe6, 0x62, 0x25, 0x8a, 0xc5, 0x92, 0x84, 0x72, 0x24, 0x51, 0xa3, 0x49, 0x83, 0x59, 0xc4, 0x8a, 0xa5, 0x7a, 0x85, 0x72, 0x65, 0x82, 0xa5, 0x29, 0x03, 0x18, 0xc2, 0x39, 0x85, 0x00, 0x20,
  0x42, 0x08, 0x49, 0xe6, 0x6a, 0x45, 0xc3, 0xe6, 0x82, 0x64, 0x8a, 0x84, 0x51, 0x83, 0x28, 0xe2, 0x10, 0xa2, 0x31, 0x22, 0x59, 0xc4, 0x8a, 0xa5, 0x82, 0xc6, 0x8a, 0xa6, 0xa3, 0x46, 0x61, 0xe4, 0x41, 0x44, 0x18, 0xa2,
  0x4a, 0x69, 0x00, 0x41, 0xfe, 0x6a, 0xab, 0xc6, 0x41, 0x85, 0x49, 0xa4, 0x29, 0x03, 0x29, 0x43, 0xdb, 0x64, 0x9a, 0xa4, 0x31, 0x03, 0x49, 0xc5, 0x72, 0x86, 0x6a, 0x46, 0xa2, 0xe6, 0x93, 0x05, 0x00, 0x41, 0x18, 0xc2,
  0x4a, 0x49, 0x00, 0xa1, 0x69, 0x41, 0x69, 0x41, 0x71, 0xe2, 0x39, 0x22, 0x29, 0x01, 0x39, 0x01, 0x69, 0x61, 0x81, 0xc1, 0x28, 0xe1, 0x39, 0x01, 0x61, 0xa3, 0x51, 0xe3, 0x72, 0x24, 0x41, 0x22, 0x00, 0x61, 0x18, 0xc2,
  0x4a, 0x49, 0x00, 0xa1, 0x92, 0x02, 0xa2, 0x21, 0xb2, 0x82, 0x92, 0x02, 0x91, 0xc1, 0x99, 0x61, 0x71, 0x41, 0x81, 0x41, 0x91, 0x81, 0x89, 0xe2, 0x79, 0xe3, 0xeb, 0xc3, 0xfd, 0x84, 0x30, 0xa3, 0x08, 0x81, 0x18, 0xc2,
  0x4a, 0x49, 0x00, 0xa1, 0xa2, 0x23, 0x10, 0xa1, 0x08, 0x82, 0x28, 0xc2, 0x00, 0x20, 0x00, 0x61, 0x30, 0xa1, 0x18, 0x60, 0x00, 0x20, 0x00, 0x21, 0x18, 0x44, 0xec, 0x42, 0x82, 0x03, 0x49, 0x42, 0x00, 0x61, 0x18, 0xc2,
  0x42, 0x29, 0x00, 0xa1, 0x8a, 0x23, 0x39, 0x01, 0x49, 0x63, 0x28, 0xa1, 0x18, 0x61, 0x20, 0x81, 0x30, 0xa1, 0x30, 0x80, 0x20, 0x60, 0x00, 0x01, 0xfd, 0xc2, 0x8a, 0x84, 0x59, 0x43, 0x59, 0x82, 0x00, 0x41, 0x18, 0xa2,
  0x42, 0x08, 0x00, 0xa1, 0x8a, 0x23, 0x51, 0x82, 0x49, 0x42, 0x20, 0xa1, 0x18, 0x61, 0x20, 0x81, 0x30, 0x81, 0x38, 0xa0, 0x00, 0x01, 0xdb, 0x81, 0xfb, 0xe2, 0x29, 0x04, 0x79, 0xe3, 0x51, 0x83, 0x00, 0x41, 0x18, 0xa2,
  0x42, 0x08, 0x08, 0xa1, 0x82, 0x03, 0x59, 0xa3, 0x51, 0x83, 0x20, 0xa1, 0x20, 0x81, 0x20, 0x60, 0x38, 0xa1, 0x10, 0x01, 0xa2, 0x61, 0xf3, 0xe1, 0x00, 0x23, 0x59, 0xc4, 0x7a, 0x24, 0x51, 0x83, 0x00, 0x41, 0x18, 0xa2,
  0x42, 0x08, 0x08, 0x81, 0x82, 0x03, 0x59, 0xc3, 0x59, 0xa3, 0x10, 0x81, 0x18, 0x81, 0x18, 0x60, 0x20, 0x41, 0x60, 0xe1, 0xfc, 0x21, 0x00, 0x01, 0x49, 0x43, 0x59, 0xc4, 0x7a, 0x24, 0x49, 0x83, 0x00, 0x41, 0x18, 0xa2,
  0x42, 0x08, 0x08, 0x81, 0x82, 0x03, 0x61, 0xe4, 0x51, 0x83, 0x20, 0xc2, 0x18, 0x61, 0x08, 0x40, 0x61, 0x02, 0xfc, 0xe1, 0x20, 0x01, 0x00, 0x21, 0x59, 0xa3, 0x41, 0x42, 0x82, 0x45, 0x49, 0x83, 0x08, 0x61, 0x18, 0xc2,
  0x42, 0x08, 0x08, 0x80, 0x7a, 0x03, 0x6a, 0x04, 0x41, 0x62, 0x28, 0xe2, 0x20, 0xa1, 0x10, 0x61, 0x8a, 0x62, 0xfc, 0x82, 0xa2, 0x02, 0x41, 0x02, 0x20, 0xe2, 0x49, 0x42, 0x8a, 0x44, 0x28, 0xe2, 0x10, 0x82, 0x18, 0xc2,
  0x42, 0x08, 0x08, 0x81, 0x7a, 0x03, 0x62, 0x04, 0x51, 0xa3, 0x31, 0x02, 0x20, 0xa1, 0x28, 0xa1, 0x38, 0x81, 0x48, 0xa1, 0x89, 0xe2, 0xba, 0xe3, 0x92, 0x43, 0x49, 0x84, 0x61, 0x82, 0x18, 0x81, 0x10, 0x82, 0x18, 0xc3,
  0x42, 0x08, 0x08, 0x81, 0x7a, 0x23, 0x61, 0xe4, 0x61, 0xe4, 0x20, 0xc2, 0x18, 0x61, 0x18, 0x61, 0x28, 0xa1, 0x28, 0x81, 0x00, 0x21, 0x18, 0x42, 0xfc, 0x03, 0x8a, 0x84, 0x28, 0x81, 0x20, 0x81, 0x10, 0x82, 0x18, 0xc2,
  0x3a, 0x08, 0x00, 0x60, 0x7a, 0x03, 0x6a, 0x25, 0x49, 0x83, 0x20, 0xa1, 0x18, 0x81, 0x20, 0x81, 0x28, 0xc1, 0x30, 0xc1, 0x28, 0x81, 0x18, 0x81, 0x38, 0xe3, 0xa2, 0x83, 0x30, 0x81, 0x28, 0xa1, 0x10, 0x82, 0x18, 0xc2,
  0x3a, 0x08, 0x00, 0x40, 0x82, 0x43, 0x6a, 0x04, 0x39, 0x02, 0x18, 0x81, 0x20, 0x81, 0x20, 0x81, 0x20, 0xa1, 0x28, 0xa1, 0x28, 0xc1, 0x20, 0x81, 0x28, 0xe2, 0x79, 0x62, 0x89, 0x21, 0x18, 0x81, 0x10, 0x61, 0x10, 0xa2,
  0x3a, 0x08, 0x00, 0x40, 0x82, 0x23, 0x59, 0xc3, 0x41, 0x62, 0x28, 0xe2, 0x20, 0xa1, 0x20, 0x81, 0x20, 0xa1, 0x28, 0xa1, 0x28, 0xa1, 0x20, 0x81, 0x49, 0x22, 0x41, 0x41, 0xa9, 0x81, 0x18, 0x81, 0x08, 0x61, 0x18, 0xa2,
  0x39, 0xe8, 0x00, 0x40, 0x82, 0x03, 0x49, 0x63, 0x49, 0x62, 0x20, 0xa1, 0x18, 0x61, 0x20, 0x81, 0x28, 0xa1, 0x28, 0xa1, 0x20, 0xa1, 0x18, 0x61, 0x39, 0x02, 0x48, 0xe1, 0x99, 0x81, 0x10, 0x60, 0x08, 0x61, 0x10, 0xa2,
  0x39, 0xe8, 0x00, 0x40, 0x8a, 0x22, 0x41, 0x63, 0x51, 0x62, 0x18, 0x81, 0x18, 0x81, 0x20, 0x81, 0x28, 0xa1, 0x28, 0xc1, 0x20, 0x81, 0x20, 0x81, 0x20, 0xc1, 0x58, 0xe1, 0x89, 0x61, 0x20, 0x80, 0x08, 0x61, 0x10, 0x82,
  0x39, 0xe7, 0x00, 0x40, 0x81, 0xe2, 0xa2, 0x43, 0x51, 0x83, 0x10, 0x61, 0x20, 0x81, 0x20, 0x81, 0x28, 0xa1, 0x30, 0xc1, 0x20, 0x81, 0x28, 0xa1, 0x10, 0x81, 0x69, 0x41, 0x48, 0xe1, 0x28, 0xa0, 0x08, 0x61, 0x10, 0xa2,
  0x31, 0xc7, 0x00, 0x40, 0x71, 0xa1, 0x8a, 0x03, 0xba, 0x83, 0x08, 0x21, 0x10, 0x61, 0x28, 0x81, 0x30, 0xa1, 0x30, 0xa1, 0x20, 0x81, 0x00, 0x61, 0x71, 0x42, 0x49, 0x21, 0x20, 0x80, 0x28, 0xa1, 0x08, 0x61, 0x10, 0x82,
  0x31, 0xc7, 0x00, 0x40, 0x79, 0xa2, 0x28, 0xe2, 0x92, 0x03, 0xaa, 0x02, 0x20, 0x81, 0x00, 0x41, 0x20, 0x80, 0x18, 0x61, 0x10, 0x81, 0x79, 0x81, 0x71, 0x62, 0x00, 0x21, 0x28, 0x80, 0x20, 0x80, 0x08, 0x41, 0x10, 0x81,
  0x31, 0xa7, 0x00, 0x40, 0x69, 0x61, 0x39, 0x01, 0x18, 0xc1, 0x61, 0x21, 0xa1, 0xc1, 0x71, 0xa1, 0x61, 0x41, 0x81, 0xa1, 0x79, 0xa1, 0x61, 0x21, 0x00, 0x21, 0x08, 0x40, 0x20, 0x80, 0x20, 0x80, 0x08, 0x41, 0x10, 0x81,
  0x31, 0x86, 0x00, 0x40, 0x59, 0x62, 0x30, 0xc1, 0x30, 0xe2, 0x10, 0x81, 0x00, 0x81, 0x38, 0xe1, 0xaa, 0x61, 0x82, 0x02, 0x00, 0x61, 0x10, 0x81, 0x10, 0x61, 0x08, 0x41, 0x18, 0x81, 0x18, 0x61, 0x08, 0x41, 0x10, 0x61,
  0x29, 0x66, 0x00, 0x40, 0x41, 0x64, 0x7a, 0xe6, 0x6a, 0x25, 0x39, 0x44, 0x39, 0x43, 0x21, 0x23, 0x39, 0x22, 0x39, 0x62, 0x39, 0x43, 0x31, 0x44, 0x31, 0x43, 0x29, 0x03, 0x31, 0x23, 0x18, 0x81, 0x08, 0x41, 0x08, 0x61,
  0x29, 0x65, 0x00, 0x00, 0xdd, 0x07, 0xb4, 0x47, 0x00, 0x00, 0x00, 0x20, 0x08, 0x40, 0x00, 0x00, 0x00, 0x00, 0x00, 0x00, 0x00, 0x00, 0x00, 0x20, 0x10, 0x41, 0x08, 0x40, 0x28, 0xc1, 0x28, 0xc1, 0x08, 0x41, 0x08, 0x41,
  0x21, 0x45, 0x00, 0x20, 0x20, 0xa1, 0x08, 0x00, 0x10, 0x60, 0x00, 0x20, 0x00, 0x00, 0x00, 0x00, 0x00, 0x00, 0x00, 0x00, 0x00, 0x00, 0x00, 0x20, 0x08, 0x20, 0x08, 0x40, 0x00, 0x20, 0x00, 0x20, 0x08, 0x41, 0x08, 0x41,
  0x21, 0x24, 0x08, 0x40, 0x10, 0x61, 0x18, 0x81, 0x18, 0x61, 0x00, 0x20, 0x00, 0x20, 0x00, 0x00, 0x00, 0x00, 0x00, 0x00, 0x00, 0x00, 0x00, 0x00, 0x08, 0x20, 0x10, 0x40, 0x08, 0x20, 0x00, 0x20, 0x08, 0x41, 0x08, 0x20,
  0x18, 0xe3, 0x00, 0x20, 0x10, 0x40, 0x18, 0x81, 0x10, 0x60, 0x00, 0x20, 0x00, 0x20, 0x00, 0x00, 0x00, 0x00, 0x00, 0x20, 0x00, 0x00, 0x00, 0x00, 0x00, 0x00, 0x00, 0x00, 0x00, 0x00, 0x00, 0x00, 0x00, 0x20, 0x00, 0x20
};

static const uint8_t vfd_18x34_4[1224] = {
  0x00, 0x00, 0x00, 0x00, 0x00, 0x00, 0x00, 0x00, 0x00, 0x00, 0x00, 0x00, 0x00, 0x00, 0x00, 0x00, 0x29, 0x24, 0x18, 0xa2, 0x00, 0x00, 0x00, 0x00, 0x00, 0x00, 0x00, 0x00, 0x00, 0x00, 0x00, 0x00, 0x00, 0x00, 0x00, 0x00,
  0x00, 0x00, 0x00, 0x00, 0x00, 0x00, 0x00, 0x00, 0x00, 0x00, 0x00, 0x00, 0x00, 0x00, 0x00, 0x00, 0x39, 0x64, 0x21, 0x03, 0x00, 0x00, 0x00, 0x00, 0x00, 0x00, 0x00, 0x00, 0x00, 0x00, 0x00, 0x00, 0x00, 0x00, 0x00, 0x00,
  0x00, 0x00, 0x00, 0x00, 0x00, 0x00, 0x00, 0x00, 0x00, 0x00, 0x00, 0x00, 0x00, 0x00, 0x21, 0x04, 0x72, 0x66, 0x62, 0x45, 0x00, 0x00, 0x00, 0x00, 0x00, 0x00, 0x00, 0x00, 0x00, 0x00, 0x00, 0x00, 0x00, 0x00, 0x00, 0x00,
  0x00, 0x00, 0x00, 0x00, 0x00, 0x00, 0x00, 0x00, 0x00, 0x00, 0x00, 0x00, 0x00, 0x00, 0x00, 0x20, 0x29, 0x23, 0x18, 0xa2, 0x00, 0x00, 0x00, 0x00, 0x00, 0x00, 0x00, 0x00, 0x00, 0x00, 0x00, 0x00, 0x00, 0x00, 0x00, 0x00,
  0x00, 0x00, 0x00, 0x00, 0x10, 0xa2, 0x29, 0x45, 0x31, 0x85, 0x41, 0xa4, 0x41, 0x83, 0x31, 0x22, 0x49, 0xa4, 0x39, 0x63, 0x20, 0xc2, 0x20, 0xc2, 0x10, 0x61, 0x00, 0x20, 0x00, 0x00, 0x08, 0x41, 0x10, 0xa2, 0x00, 0x00,
  0x00, 0x00, 0x73, 0xad, 0x42, 0x28, 0x59, 0xe5, 0x82, 0x65, 0x72, 0x44, 0x59, 0xc3, 0x41, 0x63, 0x39, 0x43, 0x49, 0x83, 0x72, 0x25, 0x72, 0x45, 0x6a, 0x45, 0x82, 0xc6, 0x29, 0x03, 0x18, 0xe3, 0x41, 0xe6, 0x00, 0x20,
  0x4a, 0x6a, 0x42, 0x07, 0x5a, 0x45, 0xa3, 0x66, 0x69, 0xe3, 0x61, 0xe3, 0x39, 0x23, 0x20, 0xc2, 0x18, 0xa2, 0x28, 0xe2, 0x51, 0x84, 0x7a, 0x65, 0x7a, 0x86, 0x72, 0x86, 0x9a, 0xe7, 0x62, 0x05, 0x39, 0x85, 0x18, 0xc3,
  0x5a, 0xeb, 0x00, 0x61, 0xed, 0x68, 0x9b, 0x45, 0x20, 0xa3, 0x31, 0x23, 0x18, 0xc2, 0x20, 0xe2, 0x79, 0xe3, 0x61, 0xa3, 0x18, 0xe3, 0x39, 0x64, 0x51, 0xe5, 0x41, 0xc5, 0x8a, 0xa5, 0x82, 0x85, 0x00, 0x83, 0x20, 0xe3,
  0x52, 0xab, 0x08, 0x80, 0x51, 0x22, 0x08, 0x41, 0x20, 0xa1, 0x10, 0x81, 0x10, 0x61, 0x08, 0x61, 0x39, 0x01, 0x39, 0x01, 0x00, 0x41, 0x08, 0x61, 0x18, 0xa1, 0x20, 0xe2, 0x39, 0x23, 0x29, 0x02, 0x10, 0xc3, 0x21, 0x04,
  0x52, 0xaa, 0x10, 0x80, 0x61, 0xa3, 0x31, 0x02, 0x28, 0xe2, 0x29, 0x03, 0x20, 0xc2, 0x00, 0x22, 0xea, 0xe1, 0x30, 0x81, 0x10, 0x81, 0x18, 0xc2, 0x28, 0xe2, 0x31, 0x02, 0x51, 0xa4, 0x31, 0x02, 0x10, 0xc2, 0x21, 0x04,
  0x52, 0xaa, 0x10, 0xa0, 0x69, 0xc3, 0x20, 0xc1, 0x28, 0xe2, 0x29, 0x03, 0x00, 0x41, 0x41, 0x42, 0xf3, 0x81, 0x00, 0x01, 0x10, 0x60, 0x10, 0x81, 0x39, 0x23, 0x39, 0x43, 0x41, 0x63, 0x31, 0x03, 0x10, 0xa2, 0x20, 0xe3,
  0x4a, 0x8a, 0x10, 0x80, 0x71, 0xc3, 0x30, 0xe2, 0x41, 0x43, 0x20, 0xc2, 0x00, 0x02, 0xeb, 0x41, 0x79, 0x82, 0x10, 0x82, 0x18, 0x61, 0x08, 0x41, 0x39, 0x43, 0x41, 0x84, 0x41, 0x22, 0x31, 0x02, 0x08, 0xa2, 0x18, 0xe3,
  0x4a, 0x8a, 0x10, 0x80, 0x71, 0xa2, 0x41, 0x42, 0x39, 0x23, 0x10, 0xa2, 0x41, 0x22, 0xcb, 0x21, 0x08, 0x02, 0x30, 0xa1, 0x18, 0x81, 0x18, 0x81, 0x28, 0xe2, 0x41, 0x63, 0x41, 0x63, 0x31, 0x23, 0x08, 0xa2, 0x18, 0xe3,
  0x4a, 0x6a, 0x08, 0x80, 0x69, 0x82, 0x49, 0x63, 0x41, 0x43, 0x00, 0x23, 0xf3, 0x42, 0x59, 0x42, 0x20, 0xa2, 0x28, 0xa1, 0x20, 0xa2, 0x20, 0xc2, 0x20, 0xa2, 0x39, 0x43, 0x49, 0x83, 0x39, 0x23, 0x08, 0xa2, 0x18, 0xe3,
  0x4a, 0x69, 0x08, 0x60, 0x71, 0x82, 0x51, 0x63, 0x39, 0x23, 0x39, 0x02, 0xe3, 0x61, 0x00, 0x02, 0x30, 0xa1, 0x28, 0xa1, 0x28, 0xc2, 0x18, 0x81, 0x31, 0x02, 0x39, 0x23, 0x49, 0x83, 0x39, 0x23, 0x08, 0xa2, 0x18, 0xe3,
  0x4a, 0x49, 0x08, 0x60, 0x69, 0x82, 0x51, 0x83, 0x08, 0xa3, 0xca, 0xe2, 0x61, 0x82, 0x18, 0x61, 0x99, 0xc1, 0x49, 0x42, 0x10, 0x61, 0x18, 0x61, 0x31, 0x23, 0x20, 0xc2, 0x51, 0x84, 0x39, 0x43, 0x10, 0xa2, 0x21, 0x03,
  0x4a, 0x49, 0x08, 0x60, 0x69, 0x62, 0x49, 0x63, 0x59, 0xa3, 0xf3, 0xc2, 0x00, 0x03, 0x08, 0x42, 0xdb, 0x42, 0x59, 0x82, 0x08, 0x62, 0x20, 0xc2, 0x28, 0xc2, 0x20, 0xc2, 0x49, 0x83, 0x28, 0xe2, 0x10, 0xa3, 0x21, 0x04,
  0x4a, 0x49, 0x08, 0x60, 0x69, 0x62, 0x31, 0x23, 0xaa, 0xe3, 0x61, 0xc2, 0x08, 0x62, 0x08, 0x22, 0xcb, 0x21, 0x51, 0x62, 0x18, 0xa2, 0x20, 0xc2, 0x20, 0xa1, 0x31, 0x02, 0x30, 0xe2, 0x18, 0xa1, 0x10, 0xc3, 0x21, 0x04,
  0x42, 0x49, 0x08, 0x40, 0x61, 0x62, 0x49, 0x63, 0xcb, 0x23, 0x08, 0x02, 0x18, 0x81, 0x00, 0x01, 0xdb, 0x21, 0x51, 0x22, 0x10, 0x61, 0x20, 0xc2, 0x30, 0xe2, 0x31, 0x02, 0x20, 0xa1, 0x18, 0xa1, 0x10, 0xc3, 0x21, 0x04,
  0x42, 0x49, 0x00, 0x60, 0x50, 0xc2, 0xbb, 0x43, 0x82, 0x82, 0x00, 0x22, 0x18, 0x82, 0x00, 0x02, 0xf3, 0x61, 0x51, 0x02, 0x10, 0x82, 0x20, 0xc2, 0x28, 0xc2, 0x31, 0x23, 0x28, 0xa1, 0x20, 0xa1, 0x10, 0xc3, 0x21, 0x04,
  0x42, 0x28, 0x00, 0x40, 0x69, 0x62, 0xc3, 0xa3, 0x20, 0x83, 0x20, 0xa2, 0x40, 0xe2, 0x20, 0x22, 0xf4, 0x21, 0x61, 0x22, 0x28, 0xa2, 0x20, 0xa2, 0x39, 0x02, 0x28, 0xe2, 0x30, 0xc1, 0x20, 0xa1, 0x10, 0xa2, 0x18, 0xe3,
  0x42, 0x28, 0x00, 0x40, 0x59, 0x42, 0xd3, 0x62, 0xe3, 0x81, 0xcb, 0x21, 0xc2, 0xe1, 0xdb, 0x21, 0xf5, 0x01, 0xfc, 0x61, 0xba, 0xc2, 0xb3, 0x02, 0xfb, 0xa2, 0x18, 0x81, 0x38, 0xe2, 0x28, 0xc1, 0x10, 0xa2, 0x21, 0x04,
  0x42, 0x49, 0x00, 0x60, 0x69, 0xa2, 0x28, 0xc2, 0x30, 0xa3, 0x10, 0x42, 0x00, 0x02, 0x00, 0x02, 0xdb, 0x41, 0x48, 0xa2, 0x08, 0x22, 0x00, 0x02, 0x39, 0x23, 0x08, 0x81, 0x41, 0x02, 0x28, 0xc1, 0x10, 0xa2, 0x18, 0xe3,
  0x42, 0x49, 0x00, 0x60, 0x79, 0xa2, 0x41, 0x42, 0x41, 0x22, 0x20, 0xa1, 0x20, 0xa2, 0x10, 0x02, 0xe3, 0x21, 0x61, 0x62, 0x18, 0xa2, 0x28, 0xc2, 0x31, 0x02, 0x18, 0x81, 0x41, 0x22, 0x28, 0xc1, 0x10, 0xa2, 0x18, 0xe3,
  0x42, 0x49, 0x00, 0x60, 0x71, 0xa2, 0x49, 0x83, 0x39, 0x22, 0x20, 0xa1, 0x20, 0xa2, 0x10, 0x02, 0xe3, 0x61, 0x69, 0x82, 0x10, 0xa2, 0x31, 0x03, 0x28, 0xc2, 0x18, 0xc2, 0x30, 0xe2, 0x28, 0xc1, 0x10, 0xc3, 0x21, 0x04,
  0x42, 0x49, 0x08, 0x60, 0x71, 0xa2, 0x41, 0x63, 0x41, 0x23, 0x20, 0xa2, 0x20, 0xa1, 0x08, 0x02, 0xf3, 0x61, 0x69, 0x62, 0x20, 0xc2, 0x28, 0xe3, 0x28, 0xe3, 0x20, 0xe2, 0x28, 0xa1, 0x28, 0xe1, 0x10, 0xa3, 0x21, 0x04,
  0x42, 0x49, 0x08, 0x60, 0x69, 0x82, 0x31, 0x02, 0x39, 0x22, 0x20, 0xc2, 0x20, 0xa2, 0x00, 0x02, 0xcb, 0x01, 0x51, 0x42, 0x18, 0xc2, 0x31, 0x23, 0x31, 0x23, 0x08, 0x61, 0x20, 0xa1, 0x28, 0xc1, 0x10, 0xa2, 0x21, 0x03,
  0x42, 0x49, 0x08, 0x60, 0x61, 0x82, 0x31, 0x02, 0x28, 0xc1, 0x18, 0x81, 0x18, 0xa2, 0x00, 0x02, 0xa2, 0x22, 0x61, 0x62, 0x18, 0xc2, 0x29, 0x03, 0x18, 0xa2, 0x10, 0x61, 0x28, 0xa1, 0x28, 0xc1, 0x10, 0xa2, 0x21, 0x04,
  0x42, 0x28, 0x08, 0x40, 0x59, 0x83, 0x20, 0xa2, 0x39, 0x03, 0x10, 0x82, 0x08, 0x62, 0x08, 0x82, 0xa2, 0xe3, 0x82, 0x83, 0x00, 0x82, 0x18, 0xe3, 0x18, 0xe3, 0x08, 0x82, 0x20, 0xc2, 0x20, 0xc1, 0x08, 0x82, 0x20, 0xe3,
  0x42, 0x28, 0x00, 0x41, 0x52, 0x05, 0xac, 0x4a, 0x8b, 0x48, 0x52, 0x27, 0x4a, 0x06, 0x51, 0xe5, 0x59, 0xe3, 0x6a, 0x65, 0x6a, 0xa8, 0x5a, 0xc8, 0x5a, 0xa8, 0x4a, 0x46, 0x62, 0x87, 0x29, 0x44, 0x18, 0xc2, 0x18, 0xe3,
  0x42, 0x08, 0x00, 0x20, 0xfe, 0x4b, 0xdd, 0x6b, 0x00, 0x00, 0x00, 0x00, 0x08, 0x41, 0x00, 0x00, 0x00, 0x00, 0x00, 0x00, 0x00, 0x00, 0x00, 0x00, 0x10, 0x41, 0x08, 0x00, 0x59, 0xa3, 0x59, 0xc4, 0x18, 0xe3, 0x18, 0xc3,
  0x42, 0x08, 0x00, 0x40, 0x20, 0xc2, 0x10, 0x00, 0x18, 0x61, 0x00, 0x40, 0x00, 0x20, 0x00, 0x20, 0x00, 0x20, 0x00, 0x00, 0x00, 0x41, 0x00, 0x61, 0x10, 0x61, 0x18, 0x81, 0x00, 0x20, 0x00, 0x41, 0x18, 0xc3, 0x18, 0xc3,
  0x39, 0xe8, 0x08, 0x40, 0x18, 0xa1, 0x20, 0xa1, 0x20, 0xa1, 0x00, 0x40, 0x00, 0x41, 0x00, 0x40, 0x00, 0x20, 0x00, 0x20, 0x00, 0x20, 0x00, 0x41, 0x10, 0x61, 0x20, 0xa1, 0x08, 0x40, 0x08, 0x41, 0x18, 0xc3, 0x10, 0xa2,
  0x31, 0xc7, 0x08, 0x20, 0x10, 0x61, 0x20, 0xa1, 0x18, 0x81, 0x08, 0x40, 0x00, 0x40, 0x00, 0x00, 0x08, 0x20, 0x08, 0x40, 0x00, 0x20, 0x00, 0x20, 0x00, 0x20, 0x08, 0x20, 0x00, 0x00, 0x00, 0x20, 0x08, 0x61, 0x08, 0x61
};

static const uint8_t vfd_18x34_5[1224] = {
  0x00, 0x00, 0x00, 0x00, 0x00, 0x00, 0x00, 0x00, 0x00, 0x00, 0x00, 0x00, 0x00, 0x00, 0x00, 0x00, 0x29, 0x03, 0x10, 0x82, 0x00, 0x00, 0x00, 0x00, 0x00, 0x00, 0x00, 0x00, 0x00, 0x00, 0x00, 0x00, 0x00, 0x00, 0x00, 0x00,
  0x00, 0x00, 0x00, 0x00, 0x00, 0x00, 0x00, 0x00, 0x00, 0x00, 0x00, 0x00, 0x00, 0x00, 0x00, 0x00, 0x41, 0x83, 0x18, 0xc2, 0x00, 0x00, 0x00, 0x00, 0x00, 0x00, 0x00, 0x00, 0x00, 0x00, 0x00, 0x00, 0x00, 0x00, 0x00, 0x00,
  0x00, 0x00, 0x00, 0x00, 0x00, 0x00, 0x00, 0x00, 0x00, 0x00, 0x00, 0x00, 0x00, 0x00, 0x21, 0x03, 0x8a, 0xa6, 0x72, 0x65, 0x00, 0x00, 0x00, 0x00, 0x00, 0x00, 0x00, 0x00, 0x00, 0x00, 0x00, 0x00, 0x00, 0x00, 0x00, 0x00,
  0x00, 0x00, 0x00, 0x00, 0x00, 0x00, 0x00, 0x00, 0x00, 0x00, 0x00, 0x00, 0x00, 0x00, 0x00, 0x20, 0x39, 0x43, 0x18, 0xa1, 0x00, 0x00, 0x00, 0x20, 0x00, 0x00, 0x00, 0x00, 0x00, 0x00, 0x00, 0x00, 0x00, 0x00, 0x00, 0x00,
  0x00, 0x00, 0x00, 0x00, 0x08, 0x62, 0x19, 0x04, 0x31, 0x64, 0x49, 0x83, 0x49, 0x83, 0x39, 0x22, 0x59, 0xc4, 0x39, 0x43, 0x28, 0xe2, 0x20, 0xc1, 0x10, 0x61, 0x08, 0x20, 0x00, 0x00, 0x08, 0x41, 0x08, 0x62, 0x00, 0x00,
  0x00, 0x00, 0x5b, 0x0a, 0x49, 0xe6, 0x6a, 0x05, 0x8a, 0xa4, 0x8a, 0x84, 0x72, 0x04, 0x51, 0xa3, 0x51, 0xa3, 0x61, 0xe4, 0x92, 0xa6, 0x82, 0xa6, 0x7a, 0x85, 0x92, 0xe6, 0x31, 0x03, 0x21, 0x03, 0x41, 0xc5, 0x00, 0x20,
  0x42, 0x28, 0x49, 0xc6, 0x6a, 0x44, 0xab, 0x86, 0x7a, 0x44, 0x82, 0x64, 0x51, 0x83, 0x30, 0xe2, 0x18, 0xa2, 0x39, 0x23, 0x61, 0xe4, 0x92, 0xc6, 0x8a, 0xe6, 0x8a, 0xe6, 0xa3, 0x67, 0x61, 0xe4, 0x49, 0x84, 0x18, 0xa2,
  0x4a, 0x69, 0x00, 0x41, 0xfe, 0x28, 0xb3, 0xa6, 0x59, 0xc4, 0x41, 0xa4, 0x21, 0x23, 0x19, 0x43, 0xcb, 0xc4, 0x8a, 0xa4, 0x31, 0x44, 0x51, 0xe5, 0x7a, 0x87, 0x7a, 0x86, 0xb3, 0x46, 0x8a, 0xc5, 0x00, 0x62, 0x18, 0xc2,
  0x42, 0x29, 0x00, 0x81, 0x71, 0x61, 0x18, 0x41, 0x31, 0x02, 0x51, 0x41, 0x81, 0xa2, 0x91, 0xc1, 0x89, 0xc1, 0x9a, 0x22, 0x51, 0x62, 0x49, 0x62, 0x6a, 0x23, 0x7a, 0xa4, 0x7a, 0x85, 0x39, 0x43, 0x08, 0xa2, 0x18, 0xc3,
  0x42, 0x49, 0x00, 0xa1, 0x81, 0xe2, 0x39, 0x22, 0x41, 0x22, 0xe3, 0xa1, 0x69, 0x22, 0x79, 0xa1, 0x79, 0x61, 0x61, 0x61, 0xb2, 0x21, 0xc2, 0xa2, 0xa3, 0x04, 0xbb, 0x83, 0xe4, 0x06, 0x31, 0x04, 0x10, 0xa2, 0x18, 0xe3,
  0x42, 0x49, 0x00, 0xa1, 0x8a, 0x22, 0x30, 0xe1, 0x69, 0xc2, 0xfb, 0xa2, 0x00, 0x02, 0x00, 0x81, 0x38, 0xc1, 0x10, 0x81, 0x00, 0x21, 0x20, 0x62, 0x72, 0x46, 0x62, 0x26, 0x8a, 0xa6, 0x49, 0xa3, 0x08, 0x82, 0x18, 0xc2,
  0x42, 0x08, 0x00, 0xa0, 0x92, 0x22, 0x21, 0x02, 0xd3, 0x02, 0x9a, 0x22, 0x00, 0x42, 0x28, 0xa1, 0x38, 0xe1, 0x30, 0xc1, 0x20, 0x81, 0x00, 0x20, 0x92, 0xe6, 0x8a, 0xc7, 0x82, 0x85, 0x51, 0xa3, 0x08, 0x61, 0x18, 0xc2,
  0x3a, 0x08, 0x00, 0x80, 0x92, 0x02, 0x29, 0x03, 0xc3, 0x42, 0x51, 0x82, 0x10, 0x82, 0x28, 0xa1, 0x38, 0xc1, 0x30, 0xc1, 0x20, 0x81, 0x20, 0xa2, 0x6a, 0x05, 0x8a, 0xc7, 0x92, 0xc6, 0x49, 0x83, 0x08, 0x61, 0x18, 0xc2,
  0x3a, 0x08, 0x00, 0x80, 0x89, 0xe2, 0x39, 0x23, 0xd3, 0x81, 0x30, 0xa2, 0x20, 0xa2, 0x28, 0x81, 0x38, 0xe1, 0x30, 0xc1, 0x28, 0xa1, 0x20, 0xe2, 0x51, 0xa4, 0x8a, 0xc7, 0xa3, 0x06, 0x49, 0xa4, 0x08, 0x61, 0x18, 0xc2,
  0x39, 0xe8, 0x00, 0x80, 0x81, 0xe2, 0x61, 0xc3, 0xf3, 0xa2, 0x00, 0x02, 0x28, 0xa2, 0x28, 0x80, 0x38, 0xe1, 0x38, 0xc1, 0x30, 0xc2, 0x08, 0x41, 0x7a, 0x65, 0x82, 0x86, 0x9a, 0xe6, 0x41, 0x83, 0x08, 0x61, 0x18, 0xc2,
  0x39, 0xe8, 0x00, 0x80, 0x79, 0xc2, 0x92, 0x63, 0xd3, 0x22, 0x00, 0x23, 0x00, 0x02, 0x10, 0x21, 0x49, 0x02, 0x30, 0xe3, 0x00, 0x21, 0x00, 0x41, 0x82, 0x65, 0x51, 0xc4, 0xab, 0x07, 0x41, 0x83, 0x08, 0x82, 0x20, 0xe3,
  0x3a, 0x08, 0x00, 0x80, 0x71, 0xa2, 0xa2, 0xa3, 0x72, 0x03, 0x59, 0x43, 0xca, 0xe2, 0xca, 0xa2, 0xc2, 0xe2, 0xda, 0xc2, 0xb2, 0xa2, 0x49, 0x63, 0x39, 0x64, 0x59, 0xc4, 0xab, 0x06, 0x28, 0xc2, 0x10, 0xa2, 0x20, 0xe3,
  0x3a, 0x08, 0x00, 0x80, 0x61, 0x42, 0xcc, 0x02, 0xf4, 0x62, 0xd3, 0xa2, 0x61, 0x62, 0x40, 0xe3, 0x58, 0xe2, 0x61, 0x22, 0xaa, 0x42, 0xbb, 0x03, 0x7a, 0x44, 0x6a, 0x26, 0x69, 0xc3, 0x18, 0x81, 0x18, 0xa2, 0x20, 0xe3,
  0x39, 0xe8, 0x00, 0x60, 0x69, 0x62, 0xdc, 0x22, 0xfc, 0x82, 0x08, 0x03, 0x08, 0x42, 0x18, 0x81, 0x30, 0xc1, 0x28, 0xa1, 0x00, 0x21, 0x40, 0x83, 0xfc, 0xa2, 0x8a, 0x84, 0x30, 0xa2, 0x28, 0xa1, 0x18, 0xa2, 0x20, 0xe3,
  0x39, 0xe8, 0x00, 0x60, 0x8a, 0x22, 0x59, 0xe4, 0x48, 0xe3, 0x28, 0xc2, 0x28, 0xa2, 0x28, 0xa1, 0x30, 0xe1, 0x38, 0xe1, 0x30, 0xc1, 0x20, 0xc2, 0x49, 0x03, 0xdb, 0xe2, 0x30, 0x41, 0x28, 0xa1, 0x18, 0xa2, 0x18, 0xc2,
  0x39, 0xe8, 0x00, 0x60, 0x92, 0x43, 0x6a, 0x04, 0x41, 0x22, 0x20, 0xc1, 0x28, 0xc2, 0x28, 0xc1, 0x30, 0xc1, 0x30, 0xc1, 0x30, 0xe2, 0x20, 0xa1, 0x18, 0xc3, 0xba, 0x62, 0x89, 0xa1, 0x18, 0x81, 0x10, 0xa2, 0x18, 0xa2,
  0x39, 0xc8, 0x00, 0x60, 0x92, 0x43, 0x61, 0xc4, 0x51, 0x62, 0x31, 0x02, 0x28, 0xc2, 0x28, 0xa1, 0x30, 0xc1, 0x30, 0xe1, 0x30, 0xe2, 0x28, 0xa2, 0x59, 0x83, 0x51, 0x82, 0xc2, 0x61, 0x08, 0x41, 0x10, 0x82, 0x18, 0xa2,
  0x39, 0xe7, 0x00, 0x60, 0x8a, 0x23, 0x51, 0x83, 0x51, 0x83, 0x28, 0xc2, 0x20, 0xa1, 0x28, 0xa1, 0x30, 0xc1, 0x38, 0xe1, 0x28, 0xc1, 0x20, 0xa1, 0x41, 0x43, 0x61, 0x41, 0xc2, 0x61, 0x08, 0x21, 0x10, 0x82, 0x10, 0xa2,
  0x39, 0xc7, 0x00, 0x60, 0x8a, 0x02, 0x41, 0x63, 0x61, 0xa2, 0x20, 0xa1, 0x20, 0xa1, 0x28, 0xa1, 0x30, 0xc1, 0x38, 0xe1, 0x28, 0xa1, 0x28, 0xc2, 0x20, 0xe2, 0x81, 0x61, 0xa2, 0x01, 0x08, 0x40, 0x10, 0x61, 0x10, 0xa2,
  0x39, 0xc7, 0x00, 0x40, 0xba, 0xc2, 0xba, 0xe2, 0x38, 0xc3, 0x20, 0xa1, 0x20, 0xa1, 0x28, 0xa1, 0x30, 0xc1, 0x38, 0xe2, 0x28, 0xa1, 0x28, 0xc2, 0x18, 0x81, 0x8a, 0x01, 0x49, 0x01, 0x20, 0x80, 0x08, 0x61, 0x10, 0xa2,
  0x31, 0xc7, 0x00, 0x40, 0x79, 0xa2, 0xcb, 0x81, 0x61, 0xa3, 0x08, 0x42, 0x20, 0xa1, 0x28, 0xa1, 0x30, 0xc1, 0x30, 0xc1, 0x28, 0xa1, 0x00, 0x62, 0x89, 0xa1, 0x79, 0xa1, 0x10, 0x61, 0x28, 0x80, 0x08, 0x61, 0x10, 0x82,
  0x31, 0xa7, 0x00, 0x40, 0x71, 0xa2, 0x49, 0x22, 0xbb, 0x01, 0x69, 0x82, 0x08, 0x62, 0x00, 0x61, 0x20, 0x81, 0x20, 0xa1, 0x10, 0x81, 0x89, 0xa1, 0xa1, 0xe1, 0x00, 0x21, 0x20, 0x80, 0x20, 0x60, 0x08, 0x41, 0x10, 0x61,
  0x31, 0xa6, 0x00, 0x40, 0x79, 0xa1, 0x28, 0xe2, 0x38, 0xe2, 0xc2, 0x41, 0xa1, 0xc1, 0x69, 0x61, 0x61, 0x41, 0x89, 0xa1, 0x81, 0xc1, 0x79, 0xa1, 0x00, 0x21, 0x08, 0x40, 0x20, 0x80, 0x18, 0x60, 0x08, 0x41, 0x10, 0x61,
  0x29, 0x86, 0x00, 0x20, 0x61, 0x61, 0x38, 0xe1, 0x30, 0xe1, 0x00, 0x81, 0x08, 0xa1, 0x49, 0x21, 0xa2, 0x41, 0x71, 0xe1, 0x00, 0x61, 0x08, 0x61, 0x10, 0x61, 0x10, 0x61, 0x20, 0x80, 0x10, 0x60, 0x00, 0x20, 0x08, 0x41,
  0x29, 0x66, 0x00, 0x40, 0x41, 0x63, 0x6a, 0x85, 0x61, 0xe4, 0x39, 0x43, 0x39, 0x23, 0x20, 0xe2, 0x39, 0x21, 0x39, 0x22, 0x39, 0x22, 0x31, 0x23, 0x31, 0x23, 0x28, 0xe2, 0x30, 0xe2, 0x10, 0x61, 0x08, 0x40, 0x08, 0x41,
  0x29, 0x45, 0x00, 0x20, 0xd4, 0xa6, 0x9b, 0xa5, 0x00, 0x00, 0x00, 0x00, 0x00, 0x40, 0x00, 0x00, 0x00, 0x00, 0x00, 0x00, 0x00, 0x00, 0x00, 0x20, 0x08, 0x20, 0x08, 0x20, 0x30, 0xc1, 0x20, 0xa1, 0x08, 0x20, 0x00, 0x20,
  0x21, 0x24, 0x00, 0x20, 0x20, 0xa1, 0x08, 0x00, 0x10, 0x40, 0x00, 0x00, 0x00, 0x00, 0x00, 0x00, 0x00, 0x00, 0x00, 0x00, 0x00, 0x00, 0x00, 0x00, 0x00, 0x00, 0x08, 0x20, 0x00, 0x00, 0x00, 0x00, 0x00, 0x20, 0x00, 0x20,
  0x21, 0x04, 0x08, 0x20, 0x10, 0x60, 0x18, 0x60, 0x10, 0x40, 0x00, 0x00, 0x00, 0x00, 0x00, 0x00, 0x00, 0x00, 0x00, 0x00, 0x00, 0x00, 0x00, 0x00, 0x00, 0x00, 0x08, 0x20, 0x00, 0x00, 0x00, 0x00, 0x00, 0x00, 0x00, 0x00,
  0x18, 0xe3, 0x00, 0x00, 0x10, 0x40, 0x10, 0x60, 0x10, 0x20, 0x00, 0x00, 0x00, 0x00, 0x00, 0x00, 0x00, 0x00, 0x00, 0x00, 0x00, 0x00, 0x00, 0x00, 0x00, 0x00, 0x00, 0x00, 0x00, 0x00, 0x00, 0x00, 0x00, 0x00, 0x00, 0x00
};

static const uint8_t vfd_18x34_6[1224] = {
  0x00, 0x00, 0x00, 0x00, 0x00, 0x00, 0x00, 0x00, 0x00, 0x00, 0x00, 0x00, 0x00, 0x00, 0x00, 0x00, 0x29, 0x03, 0x20, 0xe3, 0x00, 0x00, 0x00, 0x00, 0x00, 0x00, 0x00, 0x00, 0x00, 0x00, 0x00, 0x00, 0x00, 0x00, 0x00, 0x00,
  0x00, 0x00, 0x00, 0x00, 0x00, 0x00, 0x00, 0x00, 0x00, 0x00, 0x00, 0x00, 0x00, 0x00, 0x00, 0x00, 0x39, 0x23, 0x31, 0x43, 0x00, 0x00, 0x00, 0x00, 0x00, 0x00, 0x00, 0x00, 0x00, 0x00, 0x00, 0x00, 0x00, 0x00, 0x00, 0x00,
  0x00, 0x00, 0x00, 0x00, 0x00, 0x00, 0x00, 0x00, 0x00, 0x00, 0x00, 0x00, 0x00, 0x00, 0x10, 0x82, 0xab, 0x68, 0x93, 0x27, 0x00, 0x20, 0x00, 0x00, 0x00, 0x00, 0x00, 0x00, 0x00, 0x00, 0x00, 0x00, 0x00, 0x00, 0x00, 0x00,
  0x00, 0x00, 0x00, 0x00, 0x00, 0x00, 0x00, 0x00, 0x00, 0x00, 0x00, 0x00, 0x00, 0x00, 0x00, 0x00, 0x31, 0x23, 0x29, 0x02, 0x00, 0x00, 0x00, 0x00, 0x00, 0x00, 0x00, 0x00, 0x00, 0x00, 0x00, 0x00, 0x00, 0x00, 0x00, 0x00,
  0x00, 0x00, 0x00, 0x00, 0x08, 0x41, 0x21, 0x05, 0x41, 0xa5, 0x59, 0xe4, 0x59, 0xe4, 0x41, 0x63, 0x6a, 0x45, 0x51, 0xe4, 0x31, 0x02, 0x28, 0xe2, 0x18, 0x81, 0x00, 0x20, 0x00, 0x00, 0x00, 0x20, 0x10, 0xa2, 0x00, 0x00,
  0x00, 0x00, 0x6b, 0x4d, 0x5a, 0xa9, 0x7a, 0x66, 0xa3, 0x46, 0xab, 0x06, 0x92, 0xa5, 0x62, 0x04, 0x61, 0xe4, 0x72, 0x45, 0xbb, 0x68, 0xab, 0x88, 0x9b, 0x07, 0xb3, 0xa8, 0x49, 0xa4, 0x20, 0xa2, 0x52, 0x27, 0x00, 0x41,
  0x39, 0xe7, 0x72, 0xa8, 0x5a, 0x05, 0xcc, 0x68, 0x9b, 0x05, 0x9a, 0xe5, 0x72, 0x04, 0x41, 0x43, 0x28, 0xe2, 0x41, 0x63, 0x6a, 0x45, 0xbb, 0xa8, 0xb3, 0xc9, 0xbb, 0xe9, 0xcc, 0x6a, 0x82, 0xe7, 0x51, 0xa4, 0x21, 0x03,
  0x52, 0x8a, 0x00, 0x62, 0xe5, 0xab, 0xed, 0x4a, 0x7a, 0x05, 0x7a, 0x65, 0x39, 0x44, 0x41, 0x84, 0xbc, 0x05, 0xb3, 0x86, 0x31, 0x24, 0x6a, 0x26, 0xb3, 0xe9, 0xab, 0xe9, 0xdc, 0x08, 0xc4, 0x8a, 0x00, 0x01, 0x29, 0x03,
  0x52, 0x8a, 0x00, 0xc1, 0x79, 0xa2, 0x18, 0x00, 0x28, 0xe1, 0x10, 0x81, 0x18, 0x81, 0x00, 0x01, 0x91, 0xc0, 0xbb, 0x01, 0x00, 0x21, 0x00, 0x21, 0x41, 0x23, 0x59, 0xe5, 0x72, 0x86, 0x59, 0xe5, 0x00, 0x62, 0x21, 0x03,
  0x52, 0x8a, 0x08, 0xc1, 0x8a, 0x03, 0x49, 0x42, 0x39, 0x02, 0x41, 0x22, 0x10, 0x82, 0x71, 0x02, 0xf4, 0x00, 0x50, 0xc2, 0x28, 0xe2, 0x41, 0x43, 0x59, 0xc4, 0x6a, 0x45, 0xb3, 0x68, 0x62, 0x45, 0x00, 0x62, 0x29, 0x03,
  0x52, 0x8a, 0x00, 0xc1, 0x9a, 0x43, 0x39, 0x01, 0x30, 0xe1, 0x39, 0x23, 0x18, 0x02, 0xf3, 0xc1, 0x81, 0xa1, 0x18, 0x41, 0x20, 0xa1, 0x18, 0xa2, 0x8a, 0xa6, 0x82, 0xa6, 0x9a, 0xe6, 0x6a, 0x65, 0x00, 0x62, 0x21, 0x03,
  0x4a, 0x69, 0x00, 0xa1, 0xa2, 0x43, 0x41, 0x42, 0x51, 0x62, 0x10, 0x23, 0xe3, 0x41, 0x79, 0x82, 0x20, 0x62, 0x38, 0xe1, 0x20, 0xa1, 0x00, 0x41, 0x7a, 0x65, 0xab, 0x27, 0x7a, 0x85, 0x72, 0x85, 0x00, 0x41, 0x20, 0xe3,
  0x4a, 0x49, 0x00, 0xa1, 0x9a, 0x02, 0x59, 0x82, 0x18, 0xa3, 0xd3, 0x22, 0xba, 0xe2, 0x08, 0x22, 0x38, 0xe1, 0x38, 0xe2, 0x20, 0xa1, 0x18, 0x81, 0x59, 0xc4, 0x9a, 0xe7, 0x92, 0xc6, 0x6a, 0x45, 0x00, 0x21, 0x20, 0xe3,
  0x4a, 0x49, 0x00, 0xa1, 0x81, 0xc2, 0x59, 0x82, 0x69, 0x83, 0xf4, 0x61, 0x00, 0x03, 0x28, 0xa1, 0x38, 0xe1, 0x38, 0xe1, 0x28, 0xa1, 0x28, 0xe2, 0x39, 0x03, 0x92, 0xc6, 0x9a, 0xe6, 0x72, 0x85, 0x00, 0x21, 0x20, 0xe3,
  0x42, 0x49, 0x00, 0xa1, 0x89, 0xc2, 0x28, 0xa2, 0xe3, 0xc1, 0x69, 0xe2, 0x18, 0x42, 0x20, 0x81, 0x38, 0xe1, 0x38, 0xe1, 0x30, 0xe2, 0x10, 0x61, 0x59, 0xa4, 0x92, 0xa6, 0x8a, 0xa5, 0x72, 0x65, 0x00, 0x41, 0x20, 0xe3,
  0x4a, 0x49, 0x08, 0x81, 0x79, 0xa2, 0x71, 0x82, 0xf4, 0x21, 0x28, 0x63, 0x00, 0x42, 0x00, 0x01, 0x28, 0x82, 0x30, 0xe3, 0x00, 0x02, 0x00, 0x21, 0x72, 0x04, 0x51, 0xa4, 0x92, 0xa6, 0x72, 0x65, 0x00, 0x41, 0x21, 0x03,
  0x4a, 0x49, 0x08, 0x81, 0x59, 0x22, 0xe3, 0xc2, 0x92, 0xe2, 0x18, 0x23, 0xa2, 0xc1, 0xeb, 0x61, 0xfb, 0xc1, 0xfb, 0xe1, 0xd3, 0xa1, 0x69, 0xe2, 0x30, 0xe4, 0x49, 0x83, 0xa2, 0xc5, 0x49, 0x83, 0x08, 0x82, 0x21, 0x03,
  0x42, 0x08, 0x00, 0x81, 0x61, 0x02, 0xfc, 0xc1, 0x71, 0xe2, 0xeb, 0xe1, 0xdb, 0x41, 0x91, 0xa1, 0x71, 0x02, 0x89, 0x42, 0xb2, 0x81, 0xec, 0x41, 0xdc, 0x02, 0x59, 0x65, 0x81, 0xe3, 0x28, 0xc1, 0x10, 0xa2, 0x21, 0x03,
  0x42, 0x08, 0x00, 0x81, 0x69, 0x41, 0xfc, 0x00, 0xfd, 0x00, 0x79, 0x62, 0x00, 0x02, 0x00, 0x41, 0x28, 0xa1, 0x20, 0xc1, 0x00, 0x01, 0x20, 0x03, 0xfc, 0xe1, 0xfc, 0xe2, 0x28, 0x23, 0x40, 0xe1, 0x10, 0xa2, 0x21, 0x03,
  0x42, 0x08, 0x00, 0x61, 0x79, 0x41, 0xfd, 0x20, 0x91, 0xa1, 0x08, 0x22, 0x28, 0xc2, 0x28, 0xa1, 0x30, 0xc1, 0x38, 0xe1, 0x30, 0xc1, 0x28, 0xe2, 0x10, 0x23, 0xfc, 0x81, 0x91, 0xc1, 0x30, 0xc1, 0x10, 0x82, 0x20, 0xe3,
  0x39, 0xe7, 0x00, 0x41, 0xaa, 0xa0, 0xfd, 0xe0, 0x18, 0x02, 0x20, 0xc2, 0x28, 0xc2, 0x30, 0xc1, 0x30, 0xc1, 0x30, 0xe1, 0x30, 0xe2, 0x28, 0xc2, 0x20, 0xe3, 0x81, 0xe3, 0xfb, 0xc0, 0x20, 0x41, 0x08, 0x81, 0x20, 0xe3,
  0x39, 0xc7, 0x00, 0x21, 0xba, 0xe0, 0xe3, 0x21, 0x38, 0xc2, 0x41, 0x22, 0x28, 0xc2, 0x28, 0xa1, 0x30, 0xc1, 0x38, 0xe1, 0x38, 0xe2, 0x28, 0xc2, 0x71, 0xa4, 0x28, 0xa2, 0xdb, 0x20, 0x38, 0x81, 0x08, 0x81, 0x20, 0xe3,
  0x39, 0xc7, 0x00, 0x20, 0xc3, 0x00, 0x8a, 0x61, 0x39, 0x02, 0x38, 0xe2, 0x20, 0x81, 0x28, 0xa1, 0x30, 0xc1, 0x38, 0xe1, 0x30, 0xe2, 0x20, 0x81, 0x59, 0x83, 0x28, 0x21, 0xd3, 0x60, 0x38, 0x61, 0x08, 0x82, 0x20, 0xe3,
  0x31, 0xa6, 0x00, 0x20, 0xaa, 0x80, 0xaa, 0xa1, 0x48, 0xe2, 0x20, 0xc1, 0x20, 0xa1, 0x30, 0xa1, 0x38, 0xc1, 0x38, 0xe1, 0x30, 0xc1, 0x28, 0xa1, 0x41, 0x23, 0x38, 0x41, 0xe3, 0xa0, 0x28, 0x40, 0x08, 0x61, 0x20, 0xe3,
  0x29, 0x86, 0x00, 0x40, 0x61, 0x21, 0xc3, 0x60, 0x40, 0x82, 0x20, 0xa1, 0x20, 0x81, 0x30, 0xa1, 0x38, 0xe1, 0x39, 0x02, 0x30, 0xc1, 0x30, 0xe2, 0x10, 0x82, 0xa2, 0x41, 0xda, 0x80, 0x28, 0x81, 0x08, 0x81, 0x20, 0xe3,
  0x29, 0x45, 0x00, 0x40, 0x40, 0xa1, 0xb2, 0xc1, 0xc3, 0x01, 0x08, 0x01, 0x10, 0x81, 0x28, 0xa1, 0x38, 0xc1, 0x38, 0xe1, 0x38, 0xc1, 0x08, 0x82, 0x59, 0x01, 0xda, 0xc0, 0x20, 0x61, 0x51, 0x01, 0x08, 0x61, 0x20, 0xe3,
  0x21, 0x24, 0x00, 0x20, 0x59, 0x21, 0x18, 0x41, 0xaa, 0xe1, 0xc2, 0xa1, 0x18, 0x21, 0x00, 0x21, 0x10, 0x41, 0x28, 0x61, 0x08, 0x22, 0x79, 0xa1, 0xd2, 0xe0, 0x18, 0x81, 0x18, 0x81, 0x48, 0xe1, 0x08, 0x61, 0x20, 0xe3,
  0x21, 0x04, 0x00, 0x20, 0x51, 0x00, 0x38, 0xc1, 0x08, 0x21, 0x81, 0xa0, 0xba, 0x40, 0x82, 0x01, 0x92, 0x01, 0xaa, 0x61, 0x9a, 0x60, 0xea, 0xe1, 0x18, 0x41, 0x00, 0x41, 0x30, 0xa0, 0x40, 0xe1, 0x08, 0x61, 0x20, 0xe3,
  0x18, 0xc3, 0x00, 0x00, 0x38, 0xc0, 0x30, 0xa1, 0x28, 0xa1, 0x00, 0x61, 0x00, 0x41, 0x39, 0x01, 0xaa, 0xc1, 0x9a, 0x81, 0x18, 0xc1, 0x00, 0x82, 0x20, 0xa1, 0x18, 0x81, 0x28, 0xa1, 0x30, 0xc1, 0x08, 0x41, 0x18, 0xc3,
  0x10, 0xa2, 0x00, 0x00, 0x18, 0xa1, 0x49, 0xa3, 0x49, 0x63, 0x31, 0x03, 0x39, 0x03, 0x20, 0xe2, 0x39, 0x21, 0x39, 0x62, 0x49, 0x83, 0x59, 0xa4, 0x51, 0xc5, 0x49, 0xa4, 0x51, 0xe5, 0x31, 0x43, 0x18, 0xa2, 0x18, 0xc3,
  0x10, 0x82, 0x00, 0x00, 0x62, 0x23, 0x7a, 0xc5, 0x00, 0x00, 0x00, 0x00, 0x00, 0x20, 0x00, 0x00, 0x00, 0x00, 0x00, 0x00, 0x00, 0x00, 0x00, 0x00, 0x08, 0x40, 0x08, 0x20, 0x49, 0x42, 0x6a, 0x04, 0x18, 0xa2, 0x18, 0xa2,
  0x08, 0x61, 0x00, 0x00, 0x08, 0x20, 0x00, 0x00, 0x08, 0x00, 0x00, 0x00, 0x00, 0x00, 0x00, 0x00, 0x00, 0x00, 0x00, 0x00, 0x00, 0x00, 0x00, 0x00, 0x08, 0x20, 0x10, 0x60, 0x00, 0x20, 0x00, 0x20, 0x10, 0x81, 0x10, 0xa2,
  0x00, 0x41, 0x00, 0x00, 0x00, 0x00, 0x08, 0x00, 0x08, 0x20, 0x00, 0x00, 0x00, 0x00, 0x00, 0x00, 0x00, 0x00, 0x00, 0x00, 0x00, 0x00, 0x00, 0x00, 0x00, 0x20, 0x18, 0x60, 0x08, 0x20, 0x00, 0x00, 0x10, 0x81, 0x10, 0x82,
  0x00, 0x20, 0x00, 0x00, 0x00, 0x00, 0x00, 0x00, 0x00, 0x00, 0x00, 0x00, 0x00, 0x00, 0x00, 0x00, 0x00, 0x00, 0x00, 0x00, 0x00, 0x00, 0x00, 0x00, 0x00, 0x00, 0x08, 0x20, 0x00, 0x00, 0x00, 0x00, 0x08, 0x40, 0x08, 0x41
};

static const uint8_t vfd_18x34_7[1224] = {
  0x00, 0x00, 0x00, 0x00, 0x00, 0x00, 0x00, 0x00, 0x00, 0x00, 0x00, 0x00, 0x00, 0x00, 0x00, 0x00, 0x29, 0x23, 0x18, 0xa2, 0x00, 0x00, 0x00, 0x00, 0x00, 0x00, 0x00, 0x00, 0x00, 0x00, 0x00, 0x00, 0x00, 0x00, 0x00, 0x00,
  0x00, 0x00, 0x00, 0x00, 0x00, 0x00, 0x00, 0x00, 0x00, 0x00, 0x00, 0x00, 0x00, 0x00, 0x00, 0x00, 0x41, 0x63, 0x20, 0xe2, 0x00, 0x00, 0x00, 0x00, 0x00, 0x00, 0x00, 0x00, 0x00, 0x00, 0x00, 0x00, 0x00, 0x00, 0x00, 0x00,
  0x00, 0x00, 0x00, 0x00, 0x00, 0x00, 0x00, 0x00, 0x00, 0x00, 0x00, 0x00, 0x00, 0x00, 0x18, 0xe3, 0x8a, 0xc6, 0x7a, 0x85, 0x00, 0x00, 0x00, 0x00, 0x00, 0x00, 0x00, 0x00, 0x00, 0x00, 0x00, 0x00, 0x00, 0x00, 0x00, 0x00,
  0x00, 0x00, 0x00, 0x00, 0x00, 0x00, 0x00, 0x00, 0x00, 0x00, 0x00, 0x00, 0x00, 0x00, 0x00, 0x20, 0x31, 0x22, 0x18, 0xc2, 0x00, 0x00, 0x00, 0x00, 0x00, 0x00, 0x00, 0x00, 0x00, 0x00, 0x00, 0x00, 0x00, 0x00, 0x00, 0x00,
  0x00, 0x00, 0x00, 0x00, 0x08, 0x62, 0x19, 0x04, 0x39, 0x64, 0x49, 0xa3, 0x49, 0xa3, 0x39, 0x22, 0x59, 0xc4, 0x41, 0x63, 0x28, 0xe2, 0x20, 0xc1, 0x10, 0x61, 0x08, 0x20, 0x00, 0x00, 0x08, 0x41, 0x10, 0x82, 0x00, 0x00,
  0x00, 0x00, 0x63, 0x2b, 0x4a, 0x07, 0x61, 0xe5, 0x92, 0xa4, 0x8a, 0x84, 0x72, 0x03, 0x51, 0x83, 0x51, 0x83, 0x59, 0xc4, 0x8a, 0xa6, 0x82, 0x85, 0x72, 0x65, 0x8a, 0xe5, 0x31, 0x23, 0x20, 0xe3, 0x41, 0xa5, 0x00, 0x20,
  0x42, 0x07, 0x51, 0xe6, 0x5a, 0x24, 0xb3, 0xa6, 0x82, 0x43, 0x82, 0x44, 0x59, 0x83, 0x30, 0xe2, 0x18, 0xc2, 0x39, 0x22, 0x61, 0xc3, 0x92, 0x85, 0x8a, 0xa5, 0x82, 0x85, 0xa2, 0xe6, 0x62, 0x04, 0x41, 0x64, 0x18, 0xc2,
  0x4a, 0x49, 0x00, 0x41, 0xf5, 0xa8, 0x9b, 0x26, 0x41, 0x64, 0x39, 0x84, 0x08, 0xe4, 0x10, 0xa4, 0xb3, 0xc4, 0x8a, 0xc4, 0x00, 0xa3, 0x39, 0x65, 0x62, 0x06, 0x51, 0xe6, 0x92, 0x85, 0x9b, 0x05, 0x00, 0x42, 0x20, 0xc2,
  0x42, 0x49, 0x00, 0x80, 0x71, 0x21, 0x92, 0x61, 0xaa, 0xc2, 0x92, 0xa2, 0x92, 0x62, 0xba, 0xc1, 0xaa, 0x81, 0xca, 0xe1, 0xaa, 0xa1, 0xa2, 0xc1, 0xb3, 0x41, 0xc3, 0xa1, 0xbb, 0x42, 0x30, 0xc3, 0x00, 0x82, 0x18, 0xe3,
  0x4a, 0x49, 0x00, 0xa0, 0x92, 0x22, 0xaa, 0x82, 0x92, 0xa2, 0xc2, 0xe2, 0xc2, 0x81, 0x92, 0x41, 0xaa, 0x21, 0x69, 0xa1, 0xa2, 0x61, 0xba, 0x82, 0x72, 0x63, 0x72, 0x43, 0xfe, 0x61, 0x28, 0xa3, 0x08, 0x82, 0x20, 0xe3,
  0x42, 0x49, 0x00, 0xa1, 0xaa, 0x63, 0x20, 0xe1, 0x20, 0xc2, 0x51, 0x03, 0x08, 0x21, 0x00, 0x41, 0x48, 0xa1, 0x20, 0x61, 0x00, 0x21, 0x18, 0x41, 0x51, 0x24, 0x92, 0x42, 0xfc, 0xe2, 0x20, 0x83, 0x08, 0x81, 0x18, 0xc3,
  0x42, 0x28, 0x00, 0x81, 0xaa, 0x83, 0x51, 0x42, 0x69, 0xa3, 0x28, 0xe2, 0x18, 0xa1, 0x28, 0xa1, 0x40, 0xe1, 0x40, 0xc1, 0x20, 0x81, 0x00, 0x61, 0x71, 0x64, 0xf4, 0xe2, 0x8a, 0x63, 0x41, 0x23, 0x00, 0x61, 0x18, 0xc2,
  0x42, 0x09, 0x00, 0x81, 0x9a, 0x63, 0x69, 0xc3, 0x61, 0xa3, 0x28, 0xe2, 0x20, 0xa2, 0x28, 0xa1, 0x38, 0xc1, 0x40, 0xc1, 0x20, 0x81, 0x28, 0xa1, 0x59, 0x44, 0xe4, 0x62, 0x69, 0xa4, 0x51, 0xa3, 0x00, 0x61, 0x18, 0xc2,
  0x42, 0x08, 0x00, 0x81, 0x8a, 0x43, 0x72, 0x04, 0x71, 0xe3, 0x28, 0xe2, 0x20, 0xa2, 0x28, 0xa1, 0x38, 0xe1, 0x38, 0xc1, 0x30, 0xa1, 0x28, 0xa2, 0x72, 0x03, 0xcb, 0xc3, 0x69, 0xa5, 0x59, 0xa3, 0x00, 0x41, 0x18, 0xc2,
  0x42, 0x08, 0x00, 0x81, 0x92, 0x63, 0x72, 0x04, 0x72, 0x04, 0x18, 0xa2, 0x20, 0xa2, 0x20, 0x81, 0x38, 0xe1, 0x40, 0xe1, 0x38, 0xe1, 0x00, 0x02, 0xdc, 0x42, 0xab, 0x44, 0x69, 0xe5, 0x59, 0xc3, 0x00, 0x41, 0x18, 0xc2,
  0x42, 0x08, 0x00, 0x81, 0x8a, 0x43, 0x72, 0x44, 0x71, 0xe3, 0x29, 0x02, 0x20, 0x81, 0x20, 0x81, 0x38, 0xe2, 0x41, 0x02, 0x28, 0xa1, 0x00, 0x02, 0xec, 0xa2, 0x31, 0x24, 0x8a, 0x65, 0x59, 0xc3, 0x00, 0x61, 0x20, 0xe3,
  0x42, 0x08, 0x00, 0x81, 0x7a, 0x43, 0x72, 0x45, 0x59, 0x83, 0x31, 0x23, 0x28, 0xc2, 0x28, 0xc2, 0x39, 0x02, 0x41, 0x02, 0x10, 0x61, 0x82, 0x22, 0xd3, 0xc2, 0x18, 0xc4, 0x9a, 0x85, 0x39, 0x02, 0x08, 0x82, 0x20, 0xe3,
  0x3a, 0x08, 0x00, 0x81, 0x82, 0x23, 0x72, 0x45, 0x69, 0xe4, 0x41, 0x43, 0x28, 0xe2, 0x30, 0xe2, 0x38, 0xe2, 0x41, 0x02, 0x10, 0x22, 0xcb, 0x42, 0x8a, 0x83, 0x61, 0xe5, 0x71, 0xe3, 0x20, 0xa1, 0x10, 0xa2, 0x20, 0xe3,
  0x39, 0xe8, 0x00, 0x61, 0x82, 0x43, 0x72, 0x45, 0x8a, 0x44, 0x30, 0xe2, 0x18, 0x81, 0x20, 0x81, 0x30, 0xc1, 0x38, 0xc1, 0x18, 0x02, 0xec, 0x61, 0x7a, 0x05, 0x62, 0x05, 0x41, 0x01, 0x30, 0xc1, 0x10, 0xa2, 0x20, 0xe3,
  0x39, 0xe8, 0x00, 0x60, 0x82, 0x23, 0x72, 0x65, 0x61, 0xc3, 0x28, 0xc2, 0x20, 0xa2, 0x28, 0xa1, 0x30, 0xe2, 0x28, 0xc2, 0x79, 0x82, 0xeb, 0x82, 0x20, 0x84, 0x61, 0xe4, 0x30, 0xc1, 0x30, 0xc1, 0x10, 0xa2, 0x20, 0xe3,
  0x39, 0xc7, 0x00, 0x40, 0x8a, 0x63, 0x72, 0x45, 0x41, 0x42, 0x28, 0xc2, 0x28, 0xc2, 0x28, 0xc2, 0x38, 0xe1, 0x10, 0x02, 0xdb, 0xc2, 0x8a, 0xa2, 0x20, 0xc3, 0x41, 0x23, 0x38, 0xe1, 0x30, 0xc1, 0x10, 0x82, 0x18, 0xc3,
  0x39, 0xc7, 0x00, 0x40, 0x8a, 0x43, 0x62, 0x04, 0x51, 0x83, 0x49, 0x22, 0x28, 0xc2, 0x28, 0xc1, 0x38, 0xe1, 0x38, 0x62, 0xd3, 0xa1, 0x48, 0xe3, 0x59, 0xa4, 0x28, 0xe2, 0x39, 0x01, 0x30, 0xe1, 0x10, 0x82, 0x18, 0xe3,
  0x31, 0xc7, 0x00, 0x40, 0x82, 0x23, 0x51, 0xa3, 0x51, 0x83, 0x30, 0xe2, 0x20, 0xa1, 0x28, 0xa1, 0x38, 0xc1, 0x61, 0x62, 0xf3, 0xa2, 0x00, 0x02, 0x51, 0x83, 0x20, 0xa1, 0x41, 0x02, 0x30, 0xc1, 0x10, 0x82, 0x18, 0xc3,
  0x31, 0x86, 0x00, 0x40, 0x82, 0x02, 0x51, 0x83, 0x51, 0xa3, 0x28, 0xa1, 0x28, 0xa1, 0x28, 0xc1, 0x30, 0x62, 0xc2, 0xe2, 0x9a, 0xc2, 0x08, 0x62, 0x41, 0x43, 0x18, 0x81, 0x49, 0x22, 0x30, 0xc1, 0x10, 0x81, 0x18, 0xc3,
  0x29, 0x66, 0x00, 0x40, 0x71, 0xc2, 0x59, 0xa3, 0x49, 0x62, 0x28, 0xa1, 0x28, 0xa1, 0x20, 0xa1, 0x50, 0x61, 0xcb, 0x61, 0x38, 0xe2, 0x30, 0xe3, 0x30, 0xe2, 0x20, 0xc2, 0x39, 0x01, 0x30, 0xe1, 0x10, 0x81, 0x20, 0xe3,
  0x29, 0x45, 0x00, 0x20, 0x69, 0x82, 0x49, 0x62, 0x49, 0x42, 0x28, 0xa1, 0x28, 0xa1, 0x10, 0xa1, 0x89, 0x21, 0xfb, 0x81, 0x18, 0x43, 0x30, 0xe2, 0x30, 0xe2, 0x20, 0xc2, 0x28, 0xc1, 0x38, 0xe1, 0x10, 0x81, 0x18, 0xe3,
  0x21, 0x24, 0x00, 0x20, 0x61, 0x61, 0x39, 0x01, 0x39, 0x22, 0x28, 0xc1, 0x20, 0x81, 0x00, 0x21, 0xa2, 0xe1, 0xb2, 0xe1, 0x08, 0x22, 0x30, 0xe2, 0x31, 0x03, 0x10, 0x61, 0x28, 0xa0, 0x30, 0xc1, 0x10, 0x61, 0x18, 0xc3,
  0x19, 0x04, 0x00, 0x00, 0x51, 0x21, 0x30, 0xe1, 0x28, 0xa1, 0x18, 0x81, 0x20, 0x81, 0x08, 0x01, 0xbb, 0x01, 0x69, 0x41, 0x28, 0x81, 0x30, 0xe2, 0x18, 0x81, 0x10, 0x61, 0x28, 0xa1, 0x30, 0xc1, 0x10, 0x61, 0x18, 0xc2,
  0x18, 0xc3, 0x00, 0x00, 0x38, 0xe1, 0x28, 0xa1, 0x28, 0xc1, 0x10, 0x61, 0x10, 0x61, 0x08, 0x61, 0x8a, 0x41, 0x61, 0xc1, 0x10, 0x81, 0x20, 0xa1, 0x18, 0xa1, 0x08, 0x81, 0x28, 0xa1, 0x28, 0xc1, 0x08, 0x61, 0x18, 0xc2,
  0x10, 0xa2, 0x00, 0x00, 0x20, 0xc1, 0x49, 0xa3, 0x49, 0x63, 0x31, 0x03, 0x31, 0x23, 0x39, 0x02, 0x41, 0x41, 0x49, 0x82, 0x51, 0x63, 0x51, 0xa4, 0x49, 0xa5, 0x41, 0x84, 0x51, 0xc4, 0x29, 0x23, 0x18, 0xa2, 0x18, 0xa2,
  0x08, 0x61, 0x00, 0x00, 0x72, 0x43, 0x6a, 0x43, 0x00, 0x00, 0x00, 0x00, 0x00, 0x20, 0x00, 0x00, 0x00, 0x00, 0x00, 0x00, 0x00, 0x00, 0x00, 0x00, 0x08, 0x40, 0x08, 0x20, 0x51, 0x82, 0x59, 0xc3, 0x10, 0xa2, 0x10, 0xa2,
  0x08, 0x61, 0x00, 0x00, 0x08, 0x20, 0x00, 0x00, 0x00, 0x00, 0x00, 0x00, 0x00, 0x00, 0x00, 0x00, 0x00, 0x00, 0x00, 0x00, 0x00, 0x00, 0x00, 0x00, 0x08, 0x20, 0x10, 0x40, 0x00, 0x20, 0x00, 0x20, 0x10, 0x81, 0x10, 0x82,
  0x00, 0x40, 0x00, 0x00, 0x00, 0x00, 0x08, 0x00, 0x08, 0x00, 0x00, 0x00, 0x00, 0x00, 0x00, 0x00, 0x00, 0x00, 0x00, 0x00, 0x00, 0x00, 0x00, 0x00, 0x08, 0x20, 0x10, 0x60, 0x08, 0x20, 0x00, 0x00, 0x10, 0x61, 0x10, 0x61,
  0x00, 0x20, 0x00, 0x00, 0x00, 0x00, 0x00, 0x00, 0x00, 0x00, 0x00, 0x00, 0x00, 0x00, 0x00, 0x00, 0x00, 0x00, 0x00, 0x00, 0x00, 0x00, 0x00, 0x00, 0x00, 0x00, 0x00, 0x00, 0x00, 0x00, 0x00, 0x00, 0x08, 0x20, 0x08, 0x41
};

static const uint8_t vfd_18x34_8[1224] = {
  0x00, 0x00, 0x00, 0x00, 0x00, 0x00, 0x00, 0x00, 0x00, 0x00, 0x00, 0x00, 0x00, 0x00, 0x00, 0x00, 0x20, 0xc2, 0x18, 0xc2, 0x00, 0x00, 0x00, 0x00, 0x00, 0x00, 0x00, 0x00, 0x00, 0x00, 0x00, 0x00, 0x00, 0x00, 0x00, 0x00,
  0x00, 0x00, 0x00, 0x00, 0x00, 0x00, 0x00, 0x00, 0x00, 0x00, 0x00, 0x00, 0x00, 0x00, 0x00, 0x00, 0x28, 0xe2, 0x29, 0x03, 0x00, 0x00, 0x00, 0x00, 0x00, 0x00, 0x00, 0x00, 0x00, 0x00, 0x00, 0x00, 0x00, 0x00, 0x00, 0x00,
  0x00, 0x00, 0x00, 0x00, 0x00, 0x00, 0x00, 0x00, 0x00, 0x00, 0x00, 0x00, 0x00, 0x00, 0x08, 0x62, 0x82, 0xa6, 0x7a, 0x45, 0x00, 0x20, 0x00, 0x00, 0x00, 0x00, 0x00, 0x00, 0x00, 0x00, 0x00, 0x00, 0x00, 0x00, 0x00, 0x00,
  0x00, 0x00, 0x00, 0x00, 0x00, 0x00, 0x00, 0x00, 0x00, 0x00, 0x00, 0x00, 0x00, 0x00, 0x00, 0x00, 0x20, 0xc2, 0x20, 0xc2, 0x00, 0x00, 0x00, 0x00, 0x00, 0x00, 0x00, 0x00, 0x00, 0x00, 0x00, 0x00, 0x00, 0x00, 0x00, 0x00,
  0x00, 0x00, 0x00, 0x00, 0x00, 0x41, 0x18, 0xc3, 0x29, 0x24, 0x41, 0x63, 0x41, 0x42, 0x31, 0x02, 0x49, 0x83, 0x39, 0x43, 0x20, 0xa1, 0x20, 0xa1, 0x10, 0x40, 0x00, 0x00, 0x00, 0x00, 0x00, 0x20, 0x10, 0x82, 0x00, 0x00,
  0x00, 0x00, 0x52, 0xa9, 0x42, 0x07, 0x51, 0xa4, 0x82, 0x64, 0x82, 0x43, 0x61, 0xe3, 0x49, 0x62, 0x41, 0x43, 0x49, 0x83, 0x7a, 0x65, 0x7a, 0x85, 0x72, 0x45, 0x8a, 0xc6, 0x39, 0x23, 0x10, 0x62, 0x31, 0x64, 0x08, 0x41,
  0x31, 0xa6, 0x5a, 0x07, 0x49, 0xa4, 0xbb, 0xc6, 0x82, 0x43, 0x72, 0x23, 0x51, 0x63, 0x28, 0xe2, 0x10, 0x82, 0x29, 0x02, 0x49, 0x83, 0x8a, 0x85, 0x8a, 0xc6, 0x92, 0xe6, 0xa3, 0x47, 0x6a, 0x45, 0x31, 0x23, 0x20, 0xc2,
  0x3a, 0x08, 0x00, 0x61, 0xd4, 0xe7, 0xdc, 0xc7, 0x51, 0x84, 0x59, 0xe4, 0x29, 0x03, 0x19, 0x03, 0xab, 0x44, 0xaa, 0xe4, 0x21, 0x03, 0x49, 0xa5, 0x82, 0xe7, 0x7a, 0xa6, 0x9a, 0xe6, 0xbb, 0xc7, 0x00, 0x21, 0x18, 0xc3,
  0x42, 0x08, 0x00, 0x81, 0x61, 0x61, 0x18, 0x01, 0x28, 0xe1, 0x10, 0xa2, 0x00, 0x41, 0x21, 0x01, 0x79, 0xa1, 0x89, 0xe1, 0x10, 0xe1, 0x00, 0x61, 0x39, 0x23, 0x51, 0xa4, 0x6a, 0x25, 0x51, 0xc4, 0x00, 0x21, 0x18, 0xc3,
  0x42, 0x08, 0x08, 0x81, 0x71, 0xa2, 0x49, 0x22, 0x10, 0xa2, 0x39, 0x42, 0xfb, 0x21, 0xd2, 0x61, 0x71, 0x81, 0x69, 0x41, 0xca, 0x81, 0xfb, 0xe1, 0x39, 0x44, 0x41, 0xa4, 0x8a, 0xc7, 0x61, 0xe4, 0x00, 0x41, 0x18, 0xc3,
  0x42, 0x08, 0x00, 0x81, 0x81, 0xe2, 0x39, 0x01, 0x10, 0x82, 0xcb, 0x01, 0x71, 0x01, 0x00, 0x01, 0x28, 0xa1, 0x20, 0x61, 0x00, 0x01, 0x79, 0x41, 0xec, 0xe1, 0x49, 0xe5, 0x72, 0x45, 0x61, 0xe4, 0x00, 0x21, 0x18, 0xc2,
  0x39, 0xe7, 0x00, 0x61, 0x89, 0xe2, 0x18, 0xa2, 0xfb, 0xc1, 0x89, 0xc1, 0x00, 0x02, 0x20, 0x81, 0x30, 0xa1, 0x30, 0xa1, 0x20, 0x81, 0x00, 0x02, 0xcb, 0x62, 0xfc, 0x83, 0x31, 0x05, 0x6a, 0x04, 0x00, 0x21, 0x18, 0xa2,
  0x39, 0xc7, 0x00, 0x61, 0x71, 0xa2, 0x51, 0x63, 0xe3, 0xa1, 0x08, 0x22, 0x18, 0x81, 0x20, 0x81, 0x30, 0xa1, 0x38, 0xc1, 0x20, 0x60, 0x18, 0x81, 0x51, 0x64, 0xd3, 0xc3, 0x6a, 0x05, 0x61, 0xe4, 0x00, 0x21, 0x18, 0xa2,
  0x39, 0xc7, 0x00, 0x61, 0x59, 0x62, 0x7a, 0x03, 0xeb, 0xc1, 0x10, 0x22, 0x20, 0x81, 0x20, 0x81, 0x30, 0xa1, 0x38, 0xc1, 0x28, 0x81, 0x28, 0xc2, 0x10, 0x43, 0xdb, 0xe3, 0x8a, 0xa5, 0x61, 0xe4, 0x00, 0x21, 0x18, 0xa2,
  0x31, 0xc7, 0x00, 0x61, 0x69, 0x82, 0x59, 0xa3, 0xb2, 0xe2, 0x08, 0x02, 0x10, 0x81, 0x20, 0x60, 0x30, 0xc1, 0x38, 0xc1, 0x30, 0xa1, 0x00, 0x21, 0x39, 0x23, 0xd4, 0x03, 0x59, 0x85, 0x61, 0xe4, 0x00, 0x21, 0x18, 0xa2,
  0x39, 0xc7, 0x00, 0x61, 0x71, 0xa1, 0x49, 0x63, 0xa2, 0xa2, 0xfc, 0x21, 0x00, 0x02, 0x10, 0x40, 0x38, 0xc1, 0x38, 0xe2, 0x10, 0x61, 0x00, 0x01, 0xe4, 0x03, 0x92, 0xa3, 0x72, 0x05, 0x6a, 0x04, 0x00, 0x21, 0x18, 0xc2,
  0x39, 0xc7, 0x00, 0x61, 0x69, 0x61, 0x61, 0xc3, 0x10, 0xa3, 0xe3, 0x21, 0xa2, 0x41, 0x28, 0x42, 0x30, 0x62, 0x30, 0x62, 0x20, 0x01, 0xe3, 0xa1, 0xa2, 0xa3, 0x18, 0xe3, 0x8a, 0x65, 0x49, 0x62, 0x00, 0x41, 0x18, 0xc3,
  0x31, 0xc6, 0x00, 0x61, 0x69, 0x81, 0x61, 0xc3, 0x31, 0x43, 0x00, 0xa3, 0xc2, 0xc1, 0xfc, 0xa0, 0xd3, 0xa1, 0xe3, 0xe1, 0xfc, 0xa0, 0xc2, 0xc2, 0x00, 0x83, 0x59, 0xa4, 0x69, 0xc4, 0x28, 0x80, 0x08, 0x61, 0x18, 0xc3,
  0x31, 0xa6, 0x00, 0x61, 0x71, 0x81, 0x39, 0x43, 0x61, 0xa2, 0xd3, 0x61, 0x9a, 0x41, 0x18, 0x02, 0x40, 0x81, 0x40, 0x81, 0x38, 0x62, 0xb2, 0xc1, 0xdb, 0xc1, 0x59, 0xe4, 0x28, 0xa2, 0x38, 0xa0, 0x08, 0x61, 0x18, 0xc3,
  0x31, 0x86, 0x00, 0x40, 0x59, 0x41, 0x61, 0x83, 0xe3, 0xe1, 0x48, 0xe2, 0x00, 0x02, 0x18, 0x61, 0x30, 0xa1, 0x38, 0xc1, 0x20, 0x81, 0x00, 0x02, 0x82, 0x02, 0xf4, 0x42, 0x10, 0x21, 0x38, 0xa0, 0x08, 0x61, 0x18, 0xc2,
  0x29, 0x86, 0x00, 0x40, 0x40, 0xa1, 0xf4, 0x41, 0x79, 0xe2, 0x00, 0x02, 0x20, 0xa1, 0x28, 0xa1, 0x28, 0xa1, 0x28, 0xa1, 0x28, 0xa1, 0x20, 0xa1, 0x00, 0x02, 0xaa, 0x42, 0x79, 0x61, 0x28, 0xa0, 0x08, 0x41, 0x18, 0xa2,
  0x29, 0x65, 0x00, 0x40, 0x59, 0x61, 0xdb, 0xa1, 0x20, 0x62, 0x30, 0xe2, 0x20, 0xa1, 0x20, 0x81, 0x28, 0xa1, 0x28, 0xa1, 0x28, 0xc1, 0x20, 0xa1, 0x49, 0x43, 0x29, 0x02, 0x99, 0x40, 0x28, 0xa1, 0x00, 0x41, 0x18, 0xa2,
  0x29, 0x65, 0x00, 0x20, 0x71, 0xc1, 0xba, 0xa1, 0x28, 0x82, 0x28, 0xc1, 0x18, 0x61, 0x20, 0x81, 0x28, 0xa1, 0x30, 0xa1, 0x28, 0xa1, 0x18, 0x61, 0x39, 0x02, 0x18, 0xa1, 0x91, 0x60, 0x41, 0x00, 0x00, 0x41, 0x18, 0xa2,
  0x21, 0x45, 0x00, 0x20, 0x69, 0x61, 0xaa, 0xc1, 0x30, 0xc2, 0x20, 0xa1, 0x18, 0x61, 0x20, 0x81, 0x28, 0xa1, 0x30, 0xc1, 0x20, 0xa1, 0x20, 0x81, 0x30, 0xe2, 0x08, 0x60, 0x89, 0xa1, 0x40, 0xe0, 0x00, 0x41, 0x10, 0xa2,
  0x21, 0x24, 0x00, 0x20, 0x40, 0xc1, 0xaa, 0xa1, 0x59, 0x42, 0x08, 0x61, 0x18, 0x61, 0x20, 0x81, 0x28, 0xa1, 0x30, 0xc1, 0x20, 0x81, 0x20, 0xa1, 0x20, 0xa1, 0x30, 0xa1, 0x99, 0xc0, 0x20, 0x80, 0x00, 0x41, 0x10, 0xa2,
  0x18, 0xe3, 0x00, 0x20, 0x48, 0xe1, 0x59, 0x41, 0x92, 0x21, 0x10, 0x61, 0x08, 0x61, 0x20, 0x61, 0x28, 0x81, 0x28, 0xa1, 0x20, 0x81, 0x18, 0x81, 0x18, 0xa1, 0x71, 0x60, 0x40, 0xc0, 0x28, 0xa0, 0x00, 0x20, 0x10, 0x82,
  0x18, 0xc3, 0x00, 0x00, 0x48, 0xe1, 0x20, 0x81, 0x49, 0x21, 0x71, 0xa1, 0x28, 0xa1, 0x00, 0x41, 0x18, 0x60, 0x20, 0x81, 0x08, 0x61, 0x30, 0xa1, 0x69, 0x61, 0x48, 0xe0, 0x00, 0x40, 0x28, 0x80, 0x00, 0x20, 0x10, 0x81,
  0x10, 0xa2, 0x00, 0x00, 0x38, 0xa0, 0x28, 0xa1, 0x08, 0x61, 0x30, 0xa0, 0x81, 0x60, 0x51, 0x20, 0x48, 0xe0, 0x59, 0x21, 0x51, 0x20, 0x79, 0x60, 0x30, 0xa1, 0x00, 0x20, 0x18, 0x60, 0x20, 0x80, 0x00, 0x20, 0x10, 0x61,
  0x10, 0x82, 0x00, 0x00, 0x28, 0x80, 0x18, 0x60, 0x18, 0x61, 0x08, 0x40, 0x00, 0x40, 0x10, 0x60, 0x69, 0x81, 0x61, 0x81, 0x10, 0x81, 0x00, 0x61, 0x08, 0x61, 0x08, 0x41, 0x10, 0x60, 0x18, 0x60, 0x00, 0x00, 0x08, 0x61,
  0x08, 0x61, 0x00, 0x00, 0x10, 0x61, 0x31, 0x02, 0x28, 0xe2, 0x18, 0xa1, 0x18, 0xa2, 0x10, 0x81, 0x18, 0xa1, 0x20, 0xa1, 0x20, 0xc2, 0x20, 0xc2, 0x20, 0xe2, 0x20, 0xa2, 0x20, 0xc2, 0x10, 0x81, 0x08, 0x20, 0x08, 0x41,
  0x08, 0x41, 0x00, 0x00, 0x39, 0x41, 0x51, 0xa2, 0x00, 0x00, 0x00, 0x00, 0x00, 0x00, 0x00, 0x00, 0x00, 0x00, 0x00, 0x00, 0x00, 0x00, 0x00, 0x00, 0x00, 0x20, 0x08, 0x20, 0x10, 0x60, 0x20, 0xa1, 0x08, 0x20, 0x08, 0x20,
  0x00, 0x20, 0x00, 0x00, 0x00, 0x20, 0x00, 0x00, 0x00, 0x00, 0x00, 0x00, 0x00, 0x00, 0x00, 0x00, 0x00, 0x00, 0x00, 0x00, 0x00, 0x00, 0x00, 0x00, 0x00, 0x00, 0x00, 0x00, 0x00, 0x00, 0x00, 0x00, 0x00, 0x20, 0x00, 0x20,
  0x00, 0x00, 0x00, 0x00, 0x00, 0x00, 0x00, 0x00, 0x00, 0x00, 0x00, 0x00, 0x00, 0x00, 0x00, 0x00, 0x00, 0x00, 0x00, 0x00, 0x00, 0x00, 0x00, 0x00, 0x00, 0x00, 0x00, 0x00, 0x00, 0x00, 0x00, 0x00, 0x00, 0x00, 0x00, 0x00,
  0x00, 0x00, 0x00, 0x00, 0x00, 0x00, 0x00, 0x00, 0x00, 0x00, 0x00, 0x00, 0x00, 0x00, 0x00, 0x00, 0x00, 0x00, 0x00, 0x00, 0x00, 0x00, 0x00, 0x00, 0x00, 0x00, 0x00, 0x00, 0x00, 0x00, 0x00, 0x00, 0x00, 0x00, 0x00, 0x00
};

static const uint8_t vfd_18x34_9[1224] = {
  0x00, 0x00, 0x00, 0x00, 0x00, 0x00, 0x00, 0x00, 0x00, 0x00, 0x00, 0x00, 0x00, 0x00, 0x00, 0x00, 0x20, 0xe3, 0x18, 0xc3, 0x00, 0x00, 0x00, 0x00, 0x00, 0x00, 0x00, 0x00, 0x00, 0x00, 0x00, 0x00, 0x00, 0x00, 0x00, 0x00,
  0x00, 0x00, 0x00, 0x00, 0x00, 0x00, 0x00, 0x00, 0x00, 0x00, 0x00, 0x00, 0x00, 0x00, 0x00, 0x00, 0x29, 0x23, 0x20, 0xe3, 0x00, 0x00, 0x00, 0x00, 0x00, 0x00, 0x00, 0x00, 0x00, 0x00, 0x00, 0x00, 0x00, 0x00, 0x00, 0x00,
  0x00, 0x00, 0x00, 0x00, 0x00, 0x00, 0x00, 0x00, 0x00, 0x00, 0x00, 0x00, 0x00, 0x00, 0x18, 0xc3, 0x6a, 0x46, 0x62, 0x05, 0x00, 0x20, 0x00, 0x00, 0x00, 0x00, 0x00, 0x00, 0x00, 0x00, 0x00, 0x00, 0x00, 0x00, 0x00, 0x00,
  0x00, 0x00, 0x00, 0x00, 0x00, 0x00, 0x00, 0x00, 0x00, 0x00, 0x00, 0x00, 0x00, 0x00, 0x00, 0x00, 0x20, 0xe2, 0x18, 0xa2, 0x00, 0x00, 0x00, 0x00, 0x00, 0x00, 0x00, 0x00, 0x00, 0x00, 0x00, 0x00, 0x00, 0x00, 0x00, 0x00,
  0x00, 0x00, 0x00, 0x00, 0x08, 0x82, 0x19, 0x25, 0x29, 0x44, 0x31, 0x43, 0x31, 0x43, 0x28, 0xc2, 0x41, 0x63, 0x31, 0x23, 0x18, 0xa1, 0x18, 0x81, 0x08, 0x40, 0x00, 0x00, 0x00, 0x00, 0x00, 0x20, 0x10, 0xa2, 0x00, 0x00,
  0x00, 0x00, 0x6b, 0x8d, 0x42, 0x28, 0x41, 0xa5, 0x6a, 0x24, 0x69, 0xe3, 0x51, 0x82, 0x39, 0x22, 0x31, 0x02, 0x41, 0x43, 0x62, 0x04, 0x62, 0x05, 0x59, 0xe4, 0x72, 0x45, 0x20, 0xc2, 0x08, 0x82, 0x31, 0xa5, 0x00, 0x20,
  0x42, 0x49, 0x4a, 0x07, 0x41, 0xa4, 0xa3, 0x46, 0x69, 0xe3, 0x61, 0xe4, 0x41, 0x43, 0x20, 0xc2, 0x08, 0x82, 0x20, 0xe2, 0x41, 0x84, 0x6a, 0x25, 0x7a, 0x86, 0x82, 0xa6, 0x92, 0xe6, 0x59, 0xe4, 0x29, 0x24, 0x18, 0xc2,
  0x52, 0xaa, 0x00, 0x60, 0xe5, 0x28, 0xb3, 0xc6, 0x39, 0x44, 0x49, 0xa4, 0x21, 0x03, 0x21, 0x23, 0xb2, 0xe4, 0x8a, 0x84, 0x21, 0x24, 0x41, 0xc5, 0x7a, 0xc7, 0x72, 0xc7, 0x8a, 0xa6, 0x92, 0xe6, 0x00, 0x42, 0x18, 0xe3,
  0x52, 0xaa, 0x08, 0x60, 0x40, 0xc1, 0x00, 0x00, 0x20, 0xa1, 0x00, 0x61, 0x00, 0x62, 0x19, 0x02, 0x61, 0x81, 0x71, 0xc2, 0x00, 0xc1, 0x00, 0x82, 0x28, 0xe2, 0x41, 0x63, 0x51, 0xc4, 0x39, 0x43, 0x00, 0x62, 0x18, 0xe3,
  0x52, 0xaa, 0x08, 0x40, 0x51, 0x62, 0x30, 0xc1, 0x00, 0x42, 0x6a, 0x03, 0xea, 0xc2, 0x9a, 0x42, 0x61, 0x42, 0x61, 0x41, 0xa2, 0x82, 0xfb, 0x82, 0x59, 0xe3, 0x18, 0xe4, 0x7a, 0x46, 0x41, 0x63, 0x00, 0x61, 0x18, 0xe3,
  0x52, 0x8a, 0x08, 0x40, 0x69, 0x82, 0x00, 0x41, 0x7a, 0x21, 0xaa, 0x82, 0x38, 0x41, 0x00, 0x22, 0x28, 0x81, 0x10, 0x41, 0x00, 0x01, 0x50, 0xa2, 0xdc, 0x83, 0x7a, 0xc4, 0x51, 0x84, 0x51, 0x83, 0x00, 0x61, 0x18, 0xe3,
  0x4a, 0x8a, 0x08, 0x40, 0x51, 0x42, 0x51, 0x21, 0xdb, 0xe1, 0x00, 0x01, 0x00, 0x61, 0x18, 0x81, 0x28, 0xa1, 0x28, 0x81, 0x18, 0x61, 0x00, 0x01, 0x61, 0x64, 0xcc, 0x23, 0x40, 0xe3, 0x49, 0x63, 0x00, 0x41, 0x18, 0xc3,
  0x4a, 0x69, 0x08, 0x40, 0x38, 0xa2, 0xe3, 0xe1, 0x61, 0x82, 0x00, 0x42, 0x18, 0x81, 0x18, 0x81, 0x20, 0x81, 0x20, 0x81, 0x18, 0x60, 0x18, 0xa2, 0x28, 0xa3, 0xa2, 0xc4, 0xfc, 0x62, 0x20, 0x83, 0x00, 0x61, 0x18, 0xc3,
  0x4a, 0x69, 0x00, 0x40, 0x71, 0x81, 0xdb, 0xa1, 0x10, 0x43, 0x20, 0xa1, 0x18, 0x81, 0x18, 0x61, 0x20, 0x81, 0x20, 0x81, 0x18, 0x81, 0x20, 0xc2, 0x20, 0xa2, 0x59, 0xa4, 0xf4, 0x82, 0x30, 0xc3, 0x00, 0x41, 0x18, 0xc3,
  0x4a, 0x69, 0x00, 0x40, 0x82, 0x01, 0xf3, 0xc1, 0x18, 0x63, 0x18, 0x81, 0x18, 0x81, 0x10, 0x60, 0x20, 0xa1, 0x20, 0xa1, 0x20, 0xa1, 0x10, 0x61, 0x41, 0x43, 0x49, 0x44, 0xe3, 0xc1, 0x38, 0xe2, 0x00, 0x41, 0x18, 0xc3,
  0x4a, 0x49, 0x00, 0x40, 0x71, 0xa1, 0xec, 0x21, 0x10, 0x22, 0x20, 0xa2, 0x10, 0x61, 0x10, 0x60, 0x20, 0xa1, 0x28, 0xc2, 0x18, 0x61, 0x10, 0x41, 0x51, 0x63, 0x20, 0x62, 0xec, 0x21, 0x28, 0xa2, 0x00, 0x61, 0x18, 0xe3,
  0x4a, 0x49, 0x00, 0x40, 0x48, 0xe2, 0xd3, 0xc2, 0x18, 0x42, 0x28, 0xc2, 0x18, 0xa2, 0x18, 0xa2, 0x20, 0xc2, 0x28, 0xc2, 0x18, 0x61, 0x20, 0xc2, 0x20, 0xc3, 0x38, 0xe2, 0xfe, 0x01, 0x10, 0x02, 0x08, 0x62, 0x18, 0xe3,
  0x4a, 0x49, 0x08, 0x20, 0x38, 0xc1, 0x9a, 0x63, 0xc3, 0x42, 0x00, 0x03, 0x20, 0xa2, 0x20, 0xa2, 0x20, 0xa2, 0x20, 0xa2, 0x20, 0xa1, 0x20, 0xe3, 0x00, 0x03, 0xfd, 0x41, 0xfc, 0xc0, 0x00, 0x01, 0x08, 0x62, 0x18, 0xe3,
  0x42, 0x49, 0x00, 0x20, 0x51, 0x21, 0x20, 0xe3, 0xb3, 0x02, 0x9a, 0xc2, 0x00, 0x02, 0x00, 0x21, 0x10, 0x61, 0x10, 0x61, 0x00, 0x01, 0x00, 0x23, 0xc3, 0x82, 0xfc, 0x41, 0xba, 0x41, 0x08, 0x01, 0x08, 0x62, 0x18, 0xe3,
  0x42, 0x29, 0x00, 0x20, 0x59, 0x21, 0x49, 0x63, 0x08, 0x82, 0xd3, 0x21, 0xd3, 0x01, 0x69, 0xc1, 0x49, 0x02, 0x49, 0x21, 0x82, 0x21, 0xaa, 0xe2, 0x92, 0x81, 0x61, 0x42, 0x59, 0x41, 0x20, 0xa1, 0x08, 0x62, 0x18, 0xc3,
  0x42, 0x28, 0x00, 0x20, 0x59, 0x42, 0x49, 0x83, 0x20, 0xa1, 0x00, 0x02, 0x51, 0x22, 0xe3, 0x61, 0xdb, 0x21, 0xeb, 0x81, 0xbb, 0x21, 0x10, 0x42, 0x00, 0x62, 0xaa, 0x81, 0x18, 0x61, 0x28, 0xa0, 0x08, 0x61, 0x18, 0xc3,
  0x3a, 0x08, 0x00, 0x20, 0x51, 0x42, 0x41, 0x43, 0x28, 0xe2, 0x20, 0xc2, 0x08, 0x82, 0x00, 0x02, 0x08, 0x01, 0x08, 0x01, 0x00, 0x02, 0x08, 0x62, 0x82, 0x02, 0xa2, 0x20, 0x08, 0x41, 0x28, 0xa1, 0x08, 0x61, 0x18, 0xc2,
  0x39, 0xe7, 0x00, 0x20, 0x49, 0x42, 0x30, 0xe2, 0x28, 0xe2, 0x20, 0xa2, 0x18, 0x81, 0x20, 0xa1, 0x20, 0xa1, 0x30, 0xc1, 0x20, 0xa2, 0x00, 0x02, 0xa2, 0xa1, 0x10, 0x61, 0x28, 0xa1, 0x20, 0xa0, 0x08, 0x61, 0x10, 0xa2,
  0x39, 0xc7, 0x00, 0x20, 0x49, 0x22, 0x30, 0xe2, 0x28, 0xe2, 0x10, 0x81, 0x18, 0xa2, 0x20, 0xa2, 0x20, 0xa2, 0x30, 0xe2, 0x00, 0x62, 0x69, 0xa2, 0xc2, 0xc1, 0x00, 0x01, 0x30, 0xe2, 0x20, 0xa0, 0x08, 0x61, 0x10, 0xa2,
  0x31, 0xa6, 0x00, 0x20, 0x41, 0x01, 0x31, 0x02, 0x28, 0xc1, 0x18, 0x81, 0x18, 0x81, 0x18, 0xa1, 0x20, 0xa2, 0x28, 0xe2, 0x00, 0x42, 0x9a, 0xa1, 0x10, 0x41, 0x08, 0x61, 0x20, 0xa1, 0x20, 0xa0, 0x00, 0x61, 0x10, 0xa2,
  0x29, 0x65, 0x00, 0x00, 0x38, 0xe1, 0x28, 0xc1, 0x20, 0xc1, 0x10, 0x81, 0x10, 0x81, 0x18, 0x81, 0x20, 0xa1, 0x00, 0x42, 0x9a, 0x41, 0x61, 0xa1, 0x00, 0x22, 0x10, 0x81, 0x18, 0x60, 0x18, 0x80, 0x08, 0x41, 0x10, 0xa2,
  0x21, 0x24, 0x00, 0x00, 0x30, 0xc1, 0x18, 0x81, 0x18, 0xa1, 0x10, 0x81, 0x10, 0x61, 0x10, 0x61, 0x08, 0x41, 0x89, 0xe1, 0x8a, 0x01, 0x00, 0x22, 0x18, 0xa2, 0x08, 0x40, 0x10, 0x40, 0x10, 0x60, 0x00, 0x41, 0x10, 0x82,
  0x18, 0xe3, 0x00, 0x00, 0x28, 0xa1, 0x18, 0x60, 0x10, 0x40, 0x08, 0x40, 0x08, 0x61, 0x00, 0x41, 0x41, 0x01, 0x89, 0xe0, 0x00, 0x21, 0x10, 0x81, 0x08, 0x61, 0x08, 0x20, 0x10, 0x40, 0x10, 0x60, 0x00, 0x41, 0x08, 0x61,
  0x10, 0xc2, 0x00, 0x00, 0x18, 0x60, 0x10, 0x60, 0x10, 0x61, 0x08, 0x40, 0x08, 0x20, 0x00, 0x40, 0x59, 0x61, 0x28, 0xe1, 0x00, 0x41, 0x08, 0x61, 0x08, 0x61, 0x08, 0x41, 0x10, 0x60, 0x10, 0x60, 0x00, 0x20, 0x08, 0x61,
  0x10, 0x82, 0x00, 0x00, 0x18, 0x81, 0x29, 0x02, 0x20, 0xc2, 0x18, 0xa2, 0x18, 0xa2, 0x18, 0x81, 0x18, 0x81, 0x20, 0xa1, 0x18, 0xc2, 0x18, 0xe2, 0x18, 0xe2, 0x18, 0xa2, 0x20, 0xe2, 0x10, 0x81, 0x00, 0x40, 0x08, 0x41,
  0x08, 0x61, 0x00, 0x00, 0x41, 0x62, 0x41, 0x62, 0x00, 0x00, 0x00, 0x00, 0x00, 0x20, 0x00, 0x00, 0x00, 0x00, 0x00, 0x00, 0x00, 0x00, 0x00, 0x20, 0x00, 0x20, 0x00, 0x00, 0x18, 0x61, 0x18, 0x81, 0x00, 0x20, 0x00, 0x40,
  0x08, 0x41, 0x00, 0x00, 0x00, 0x00, 0x00, 0x00, 0x00, 0x00, 0x00, 0x00, 0x00, 0x00, 0x00, 0x00, 0x00, 0x00, 0x00, 0x00, 0x00, 0x00, 0x00, 0x00, 0x00, 0x00, 0x00, 0x00, 0x00, 0x00, 0x00, 0x00, 0x00, 0x20, 0x00, 0x20,
  0x00, 0x20, 0x00, 0x00, 0x00, 0x00, 0x00, 0x00, 0x00, 0x00, 0x00, 0x00, 0x00, 0x00, 0x00, 0x00, 0x00, 0x00, 0x00, 0x00, 0x00, 0x00, 0x00, 0x00, 0x00, 0x00, 0x00, 0x00, 0x00, 0x00, 0x00, 0x00, 0x00, 0x20, 0x00, 0x20,
  0x00, 0x00, 0x00, 0x00, 0x00, 0x00, 0x00, 0x00, 0x00, 0x00, 0x00, 0x00, 0x00, 0x00, 0x00, 0x00, 0x00, 0x00, 0x00, 0x00, 0x00, 0x00, 0x00, 0x00, 0x00, 0x00, 0x00, 0x00, 0x00, 0x00, 0x00, 0x00, 0x00, 0x00, 0x00, 0x00
};

static const uint8_t vfd_35x67_0[4690] = {
  0x00, 0x00, 0x00, 0x00, 0x00, 0x00, 0x00, 0x00, 0x00, 0x00, 0x00, 0x00, 0x00, 0x00, 0x00, 0x00, 0x00, 0x00, 0x00, 0x00, 0x00, 0x00, 0x00, 0x00, 0x00, 0x00, 0x00, 0x00, 0x00, 0x00, 0x00, 0x00, 0x08, 0x61, 0x41, 0x63, 0x00, 0x21, 0x00, 0x00, 0x00, 0x00, 0x00, 0x00, 0x00, 0x00, 0x00, 0x00, 0x00, 0x00, 0x00, 0x00, 0x00, 0x00, 0x00, 0x00, 0x00, 0x00, 0x00, 0x00, 0x00, 0x00, 0x00, 0x00, 0x00, 0x00, 0x00, 0x00, 0x00, 0x00,
  0x00, 0x00, 0x00, 0x00, 0x00, 0x00, 0x00, 0x00, 0x00, 0x00, 0x00, 0x00, 0x00, 0x00, 0x00, 0x00, 0x00, 0x00, 0x00, 0x00, 0x00, 0x00, 0x00, 0x00, 0x00, 0x00, 0x00, 0x00, 0x00, 0x00, 0x00, 0x00, 0x28, 0xe3, 0x39, 0x64, 0x10, 0xc3, 0x00, 0x00, 0x00, 0x00, 0x00, 0x00, 0x00, 0x00, 0x00, 0x00, 0x00, 0x00, 0x00, 0x00, 0x00, 0x00, 0x00, 0x00, 0x00, 0x00, 0x00, 0x00, 0x00, 0x00, 0x00, 0x00, 0x00, 0x00, 0x00, 0x00, 0x00, 0x00,
  0x00, 0x00, 0x00, 0x00, 0x00, 0x00, 0x00, 0x00, 0x00, 0x00, 0x00, 0x00, 0x00, 0x00, 0x00, 0x00, 0x00, 0x00, 0x00, 0x00, 0x00, 0x00, 0x00, 0x00, 0x00, 0x00, 0x00, 0x00, 0x00, 0x00, 0x00, 0x00, 0x10, 0x82, 0x39, 0x64, 0x08, 0x82, 0x00, 0x00, 0x00, 0x00, 0x00, 0x00, 0x00, 0x00, 0x00, 0x00, 0x00, 0x00, 0x00, 0x00, 0x00, 0x00, 0x00, 0x00, 0x00, 0x00, 0x00, 0x00, 0x00, 0x00, 0x00, 0x00, 0x00, 0x00, 0x00, 0x00, 0x00, 0x00,
  0x00, 0x00, 0x00, 0x00, 0x00, 0x00, 0x00, 0x00, 0x00, 0x00, 0x00, 0x00, 0x00, 0x00, 0x00, 0x00, 0x00, 0x00, 0x00, 0x00, 0x00, 0x00, 0x00, 0x00, 0x00, 0x00, 0x00, 0x00, 0x00, 0x00, 0x00, 0x00, 0x39, 0x42, 0x6a, 0x04, 0x10, 0x81, 0x00, 0x00, 0x00, 0x00, 0x00, 0x00, 0x00, 0x00, 0x00, 0x00, 0x00, 0x00, 0x00, 0x00, 0x00, 0x00, 0x00, 0x00, 0x00, 0x00, 0x00, 0x00, 0x00, 0x00, 0x00, 0x00, 0x00, 0x00, 0x00, 0x00, 0x00, 0x00,
  0x00, 0x00, 0x00, 0x00, 0x00, 0x00, 0x00, 0x00, 0x00, 0x00, 0x00, 0x00, 0x00, 0x00, 0x00, 0x00, 0x00, 0x00, 0x00, 0x00, 0x00, 0x00, 0x00, 0x00, 0x00, 0x00, 0x00, 0x00, 0x00, 0x00, 0x4a, 0x27, 0xa3, 0x68, 0x51, 0x83, 0x82, 0xc6, 0x29, 0x23, 0x00, 0x00, 0x00, 0x00, 0x00, 0x00, 0x00, 0x00, 0x00, 0x00, 0x00, 0x00, 0x00, 0x00, 0x00, 0x00, 0x00, 0x00, 0x00, 0x00, 0x00, 0x00, 0x00, 0x00, 0x00, 0x00, 0x00, 0x00, 0x00, 0x00,
  0x00, 0x00, 0x00, 0x00, 0x00, 0x00, 0x00, 0x00, 0x00, 0x00, 0x00, 0x00, 0x00, 0x00, 0x00, 0x00, 0x00, 0x00, 0x00, 0x00, 0x00, 0x00, 0x00, 0x00, 0x00, 0x00, 0x00, 0x00, 0x21, 0x04, 0x5a, 0x06, 0x6a, 0x45, 0x8b, 0x27, 0x62, 0x05, 0x28, 0xe2, 0x08, 0x40, 0x00, 0x00, 0x00, 0x00, 0x00, 0x00, 0x00, 0x00, 0x00, 0x00, 0x00, 0x00, 0x00, 0x00, 0x00, 0x00, 0x00, 0x00, 0x00, 0x00, 0x00, 0x00, 0x00, 0x00, 0x00, 0x00, 0x00, 0x00,
  0x00, 0x00, 0x00, 0x00, 0x00, 0x00, 0x00, 0x00, 0x00, 0x00, 0x00, 0x00, 0x00, 0x00, 0x00, 0x00, 0x00, 0x00, 0x00, 0x00, 0x00, 0x00, 0x00, 0x00, 0x00, 0x00, 0x08, 0x00, 0x10, 0x61, 0x00, 0x00, 0x10, 0x40, 0x31, 0x02, 0x08, 0x20, 0x08, 0x20, 0x08, 0x20, 0x08, 0x20, 0x08, 0x41, 0x00, 0x00, 0x00, 0x00, 0x00, 0x00, 0x00, 0x00, 0x00, 0x00, 0x00, 0x00, 0x00, 0x00, 0x00, 0x00, 0x00, 0x00, 0x00, 0x00, 0x00, 0x00, 0x00, 0x00,
  0x00, 0x00, 0x00, 0x00, 0x00, 0x00, 0x00, 0x00, 0x00, 0x00, 0x00, 0x00, 0x00, 0x00, 0x00, 0x00, 0x00, 0x00, 0x00, 0x00, 0x10, 0x40, 0x08, 0x40, 0x08, 0x20, 0x08, 0x00, 0x00, 0x00, 0x00, 0x00, 0x28, 0xc1, 0x49, 0xe5, 0x08, 0x82, 0x00, 0x00, 0x00, 0x00, 0x08, 0x00, 0x08, 0x00, 0x08, 0x00, 0x08, 0x00, 0x00, 0x00, 0x00, 0x00, 0x00, 0x00, 0x00, 0x00, 0x00, 0x00, 0x00, 0x00, 0x00, 0x00, 0x00, 0x00, 0x00, 0x00, 0x00, 0x00,
  0x00, 0x00, 0x00, 0x00, 0x00, 0x00, 0x00, 0x00, 0x00, 0x00, 0x00, 0x00, 0x00, 0x00, 0x00, 0x00, 0x00, 0x00, 0x00, 0x00, 0x00, 0x00, 0x08, 0x20, 0x08, 0x40, 0x10, 0x61, 0x18, 0x81, 0x08, 0x41, 0x18, 0xa1, 0x41, 0x84, 0x08, 0x61, 0x08, 0x20, 0x08, 0x40, 0x08, 0x20, 0x00, 0x20, 0x08, 0x20, 0x08, 0x40, 0x08, 0x20, 0x08, 0x20, 0x00, 0x00, 0x00, 0x00, 0x00, 0x00, 0x00, 0x00, 0x00, 0x00, 0x00, 0x00, 0x00, 0x00, 0x00, 0x00,
  0x00, 0x00, 0x00, 0x00, 0x00, 0x00, 0x10, 0xa2, 0x00, 0x00, 0x10, 0xc2, 0x29, 0xa7, 0x52, 0xa9, 0x72, 0xe9, 0x72, 0xa7, 0x7a, 0x85, 0x6a, 0x45, 0x6a, 0x44, 0x61, 0xe4, 0x51, 0xa3, 0x61, 0xc3, 0x7a, 0x24, 0x51, 0xc4, 0x59, 0xa3, 0x51, 0xc4, 0x49, 0xa4, 0x51, 0xc4, 0x41, 0xa4, 0x28, 0xe2, 0x18, 0xa1, 0x18, 0x61, 0x08, 0x61, 0x18, 0x61, 0x18, 0x81, 0x08, 0x20, 0x00, 0x00, 0x39, 0xe7, 0x18, 0xe3, 0x00, 0x00, 0x00, 0x00,
  0x00, 0x00, 0x00, 0x00, 0x10, 0x81, 0x42, 0x49, 0x6a, 0xeb, 0x62, 0x48, 0x72, 0x68, 0x72, 0x66, 0x6a, 0x24, 0x72, 0x44, 0x8a, 0xa5, 0x8a, 0x84, 0x72, 0x04, 0x59, 0xc3, 0x49, 0x82, 0x59, 0xa3, 0x82, 0x64, 0x49, 0x83, 0x59, 0xc4, 0x6a, 0x24, 0x72, 0x45, 0x7a, 0x65, 0x82, 0x86, 0x7a, 0x65, 0x6a, 0x25, 0x72, 0x65, 0x72, 0x44, 0x39, 0x23, 0x28, 0xe2, 0x31, 0x02, 0x29, 0x03, 0x29, 0x44, 0x31, 0x85, 0x10, 0xa2, 0x00, 0x00,
  0x00, 0x00, 0x10, 0x81, 0x62, 0xec, 0x5a, 0xeb, 0x28, 0xc2, 0x39, 0x00, 0x69, 0xc2, 0x61, 0xa2, 0x69, 0xe3, 0x82, 0x43, 0x69, 0xe2, 0x49, 0x62, 0x49, 0x82, 0x61, 0xc3, 0x49, 0x62, 0x18, 0xa1, 0x20, 0xc1, 0x28, 0xe2, 0x51, 0xa3, 0x6a, 0x04, 0x6a, 0x24, 0x6a, 0x24, 0x72, 0x44, 0x72, 0x45, 0x72, 0x45, 0x8a, 0xa5, 0x9a, 0xe6, 0x8a, 0xa5, 0x39, 0x83, 0x20, 0xc2, 0x28, 0xe2, 0x29, 0x03, 0x21, 0x03, 0x10, 0xa2, 0x00, 0x20,
  0x00, 0x00, 0x63, 0x4d, 0x5a, 0xcb, 0x18, 0x60, 0x10, 0x81, 0x18, 0x40, 0x18, 0x00, 0x7a, 0xc4, 0x72, 0x43, 0x51, 0x82, 0x49, 0x62, 0x49, 0x82, 0x41, 0x42, 0x18, 0xa1, 0x18, 0x60, 0x10, 0x60, 0x10, 0x60, 0x18, 0x60, 0x18, 0x81, 0x28, 0xe2, 0x51, 0xa3, 0x6a, 0x04, 0x6a, 0x24, 0x6a, 0x24, 0x6a, 0x24, 0x6a, 0x24, 0x6a, 0x24, 0x59, 0xe4, 0x41, 0x85, 0x10, 0xa2, 0x18, 0x82, 0x31, 0x02, 0x31, 0x44, 0x18, 0xe3, 0x10, 0x60,
  0x08, 0x61, 0x73, 0x2b, 0x51, 0x63, 0x20, 0xc2, 0x8a, 0xe5, 0xe5, 0x09, 0xff, 0x8f, 0xb3, 0x66, 0x82, 0x64, 0x7a, 0x85, 0x92, 0xe6, 0xa3, 0x05, 0x59, 0xa3, 0x51, 0x83, 0x41, 0x63, 0x49, 0x43, 0x20, 0xa3, 0x28, 0xe3, 0x39, 0x23, 0x41, 0x43, 0x49, 0x83, 0x6a, 0x04, 0xa2, 0xe6, 0xa3, 0x06, 0x93, 0x06, 0x9b, 0x27, 0xab, 0x67, 0x6a, 0x45, 0xed, 0x6a, 0xec, 0xaa, 0x6a, 0x65, 0x49, 0x43, 0x39, 0x63, 0x29, 0x44, 0x10, 0x60,
  0x31, 0xa6, 0x52, 0x8a, 0x00, 0x00, 0x00, 0x00, 0x72, 0x86, 0xff, 0xf1, 0xfe, 0x49, 0x40, 0xc1, 0x8b, 0x07, 0x82, 0xa6, 0x6a, 0x45, 0x39, 0x64, 0x39, 0x64, 0x49, 0x84, 0x41, 0x84, 0x21, 0x23, 0xcb, 0xc3, 0xf4, 0x03, 0x6a, 0x83, 0x31, 0x44, 0x51, 0xa4, 0x31, 0x44, 0x72, 0x66, 0x9b, 0x27, 0x9b, 0x47, 0xab, 0xa9, 0xc4, 0x4a, 0x9a, 0xe6, 0xbb, 0x25, 0xfe, 0xac, 0x49, 0xe5, 0x00, 0x00, 0x10, 0x40, 0x29, 0x44, 0x08, 0x61,
  0x3a, 0x08, 0x4a, 0x49, 0x00, 0x00, 0x00, 0x21, 0x51, 0xc3, 0xb2, 0x82, 0x00, 0x00, 0x18, 0x61, 0x28, 0xa1, 0x10, 0x20, 0x20, 0x81, 0x00, 0x00, 0x00, 0x20, 0x10, 0x61, 0x00, 0x00, 0x51, 0x41, 0xc2, 0xe0, 0x00, 0x00, 0xfb, 0x81, 0x00, 0x00, 0x08, 0x40, 0x18, 0x61, 0x00, 0x00, 0x28, 0xc1, 0x20, 0x81, 0x10, 0x40, 0x30, 0xe2, 0x18, 0x81, 0x00, 0x00, 0xa3, 0x05, 0x20, 0xe3, 0x08, 0x21, 0x10, 0x61, 0x29, 0x24, 0x10, 0x61,
  0x42, 0x08, 0x42, 0x07, 0x00, 0x20, 0x00, 0x41, 0x61, 0xc2, 0x69, 0xa2, 0x00, 0x40, 0x18, 0x60, 0x18, 0x60, 0x18, 0x60, 0x10, 0x40, 0x08, 0x20, 0x08, 0x20, 0x10, 0x20, 0x08, 0x20, 0x28, 0xa0, 0x49, 0x20, 0x41, 0x01, 0xaa, 0x01, 0x00, 0x00, 0x10, 0x40, 0x10, 0x40, 0x10, 0x60, 0x20, 0xa1, 0x20, 0xa1, 0x28, 0xc1, 0x20, 0xc1, 0x39, 0x02, 0x39, 0x22, 0x8a, 0x64, 0x10, 0xe3, 0x08, 0x40, 0x10, 0x61, 0x29, 0x24, 0x10, 0x62,
  0x42, 0x08, 0x4a, 0x08, 0x00, 0x20, 0x08, 0x41, 0x59, 0xc3, 0x82, 0x22, 0x20, 0xc1, 0x39, 0x02, 0x38, 0xe2, 0x30, 0xc1, 0x30, 0xc2, 0x20, 0xa2, 0x28, 0xa1, 0x10, 0x81, 0x00, 0x01, 0x00, 0x01, 0x40, 0xa0, 0x71, 0xa1, 0x20, 0x41, 0x00, 0x01, 0x00, 0x01, 0x18, 0x81, 0x20, 0xa2, 0x41, 0x22, 0x51, 0x63, 0x59, 0xa3, 0x7a, 0x24, 0x72, 0x25, 0x59, 0xc4, 0xa2, 0x84, 0x10, 0xc3, 0x08, 0x40, 0x10, 0x61, 0x29, 0x24, 0x10, 0x82,
  0x3a, 0x08, 0x4a, 0x08, 0x00, 0x20, 0x00, 0x41, 0x61, 0xe3, 0x8a, 0x42, 0x10, 0x61, 0x30, 0xc1, 0x30, 0xc1, 0x28, 0x80, 0x30, 0xe2, 0x10, 0x61, 0x00, 0x01, 0x40, 0x01, 0xfe, 0x21, 0xfd, 0x20, 0x8a, 0x01, 0xba, 0xa1, 0xe3, 0x80, 0xfc, 0xe0, 0xe5, 0x01, 0x28, 0x01, 0x00, 0x01, 0x28, 0xa1, 0x38, 0xe1, 0x39, 0x02, 0x49, 0x42, 0x51, 0x83, 0x72, 0x04, 0xa2, 0x64, 0x10, 0xc3, 0x08, 0x40, 0x10, 0x61, 0x29, 0x24, 0x10, 0x82,
  0x3a, 0x08, 0x42, 0x08, 0x00, 0x20, 0x00, 0x41, 0x59, 0xc3, 0x92, 0x63, 0x10, 0x61, 0x18, 0x60, 0x20, 0x60, 0x20, 0x80, 0x28, 0xe2, 0x00, 0x02, 0xd2, 0xa1, 0xfd, 0xa0, 0xf3, 0x00, 0x58, 0x61, 0x38, 0x21, 0x78, 0x60, 0x40, 0x00, 0x68, 0x60, 0xfb, 0xc0, 0xfd, 0x80, 0xa9, 0xe1, 0x00, 0x02, 0x28, 0xe1, 0x39, 0x02, 0x30, 0xe1, 0x59, 0xc4, 0x59, 0xc3, 0x9a, 0x44, 0x10, 0xc3, 0x08, 0x40, 0x10, 0x61, 0x29, 0x24, 0x10, 0x82,
  0x3a, 0x08, 0x42, 0x08, 0x00, 0x20, 0x00, 0x41, 0x59, 0xc3, 0x9a, 0x63, 0x10, 0x41, 0x20, 0x80, 0x20, 0x80, 0x28, 0xa1, 0x10, 0x03, 0xfb, 0xa1, 0xfe, 0x60, 0x60, 0x00, 0x00, 0x01, 0x10, 0x40, 0x40, 0x80, 0x30, 0x60, 0x38, 0x60, 0x10, 0x20, 0x00, 0x01, 0x70, 0x01, 0xfe, 0xc0, 0xeb, 0x41, 0x30, 0xa3, 0x31, 0x02, 0x51, 0x63, 0x61, 0xc4, 0x49, 0x62, 0xa2, 0x44, 0x10, 0xc3, 0x08, 0x40, 0x10, 0x61, 0x29, 0x24, 0x10, 0x82,
  0x3a, 0x08, 0x42, 0x07, 0x00, 0x20, 0x00, 0x41, 0x5a, 0x23, 0xb2, 0xc3, 0x10, 0x20, 0x20, 0x80, 0x28, 0xa1, 0x28, 0xe2, 0xca, 0xa1, 0xfe, 0x00, 0x38, 0x01, 0x00, 0x01, 0x18, 0x40, 0x28, 0x60, 0x30, 0x80, 0x30, 0x80, 0x30, 0x60, 0x28, 0x60, 0x28, 0x60, 0x00, 0x01, 0x50, 0x01, 0xfe, 0x80, 0xcb, 0x02, 0x49, 0x44, 0x51, 0x83, 0x51, 0x83, 0x39, 0x02, 0xb2, 0x84, 0x08, 0xc3, 0x08, 0x40, 0x08, 0x40, 0x20, 0xe3, 0x10, 0x82,
  0x3a, 0x08, 0x39, 0xc7, 0x00, 0x20, 0x00, 0x41, 0x49, 0xc2, 0xb2, 0xa2, 0x18, 0x81, 0x28, 0x80, 0x31, 0x02, 0x40, 0x82, 0xfd, 0xa0, 0x70, 0x21, 0x00, 0x01, 0x28, 0x81, 0x18, 0x40, 0x20, 0x81, 0x20, 0x60, 0x28, 0x81, 0x20, 0x60, 0x20, 0x60, 0x20, 0x60, 0x20, 0x60, 0x00, 0x01, 0x99, 0xa1, 0xfd, 0x60, 0x48, 0x64, 0x51, 0x83, 0x49, 0x63, 0x41, 0x01, 0xb2, 0x63, 0x08, 0xc3, 0x08, 0x40, 0x08, 0x40, 0x20, 0xe3, 0x10, 0x82,
  0x3a, 0x08, 0x39, 0xe7, 0x00, 0x20, 0x08, 0x41, 0x41, 0x82, 0xa2, 0x62, 0x18, 0x81, 0x39, 0x01, 0x28, 0x62, 0xfb, 0xc1, 0xda, 0x80, 0x00, 0x01, 0x28, 0xa1, 0x10, 0x40, 0x20, 0x81, 0x20, 0x60, 0x20, 0x60, 0x30, 0xa1, 0x20, 0x60, 0x18, 0x60, 0x18, 0x60, 0x18, 0x60, 0x18, 0x40, 0x00, 0x02, 0xeb, 0xc2, 0xfd, 0xc1, 0x40, 0xc4, 0x41, 0x42, 0x41, 0x01, 0xba, 0x43, 0x00, 0x41, 0x08, 0x20, 0x08, 0x40, 0x20, 0xe3, 0x10, 0x82,
  0x39, 0xe7, 0x39, 0xc7, 0x00, 0x20, 0x08, 0x41, 0x49, 0xa2, 0x9a, 0x42, 0x30, 0xe1, 0x28, 0xc2, 0x92, 0xa2, 0xfd, 0xa1, 0x20, 0x01, 0x18, 0x81, 0x18, 0x60, 0x10, 0x40, 0x20, 0x81, 0x18, 0x40, 0x28, 0x81, 0x30, 0xc1, 0x28, 0x80, 0x18, 0x60, 0x18, 0x60, 0x18, 0x60, 0x10, 0x40, 0x28, 0xe2, 0x70, 0xc2, 0xfe, 0x60, 0x51, 0x64, 0x49, 0x63, 0x38, 0xe1, 0xba, 0x63, 0x00, 0xa2, 0x08, 0x40, 0x10, 0x40, 0x20, 0xe3, 0x10, 0x82,
  0x39, 0xe7, 0x39, 0xe7, 0x00, 0x20, 0x08, 0x61, 0x39, 0x62, 0x9a, 0x22, 0x41, 0x62, 0x28, 0x22, 0xfc, 0x01, 0xab, 0x01, 0x08, 0x01, 0x18, 0x81, 0x10, 0x40, 0x18, 0x61, 0x18, 0x61, 0x10, 0x40, 0x20, 0x81, 0x30, 0xe2, 0x20, 0x80, 0x18, 0x60, 0x18, 0x60, 0x10, 0x40, 0x28, 0xa1, 0x28, 0xa1, 0x20, 0x22, 0xf3, 0xe2, 0xaa, 0x63, 0x30, 0xe3, 0x51, 0x42, 0xc2, 0x43, 0x08, 0xa3, 0x08, 0x41, 0x10, 0x61, 0x20, 0xe3, 0x10, 0x82,
  0x39, 0xe7, 0x39, 0xe7, 0x00, 0x20, 0x08, 0x61, 0x39, 0x42, 0x92, 0x01, 0x49, 0x63, 0x89, 0xa2, 0xf4, 0xa1, 0x49, 0x01, 0x20, 0xa1, 0x10, 0x40, 0x10, 0x40, 0x20, 0xa1, 0x10, 0x20, 0x10, 0x40, 0x20, 0x81, 0x28, 0xa1, 0x18, 0x60, 0x18, 0x40, 0x10, 0x40, 0x20, 0x81, 0x20, 0xa1, 0x20, 0x81, 0x38, 0xe2, 0x40, 0x83, 0xf4, 0xe2, 0x59, 0x22, 0x51, 0x62, 0xca, 0x43, 0x00, 0xc3, 0x08, 0x40, 0x10, 0x41, 0x20, 0xe3, 0x10, 0x82,
  0x39, 0xe7, 0x39, 0xc7, 0x00, 0x20, 0x08, 0x61, 0x39, 0x42, 0x9a, 0x01, 0x20, 0x63, 0xfc, 0xa1, 0xdc, 0xa1, 0x20, 0x02, 0x28, 0xa1, 0x10, 0x20, 0x18, 0x61, 0x18, 0x61, 0x10, 0x20, 0x10, 0x40, 0x18, 0x60, 0x20, 0xa1, 0x18, 0x60, 0x10, 0x40, 0x18, 0x60, 0x20, 0xa1, 0x10, 0x40, 0x20, 0x81, 0x38, 0xe1, 0x38, 0xa4, 0xfe, 0x21, 0x9a, 0x21, 0x51, 0x22, 0xca, 0x23, 0x00, 0x41, 0x08, 0x20, 0x08, 0x40, 0x18, 0xe3, 0x10, 0xa2,
  0x39, 0xe7, 0x39, 0xc7, 0x00, 0x20, 0x08, 0x61, 0x39, 0x41, 0xa9, 0xe1, 0x30, 0x23, 0xfe, 0xa0, 0xc2, 0xe1, 0x18, 0x82, 0x20, 0x60, 0x10, 0x40, 0x20, 0x81, 0x10, 0x20, 0x10, 0x40, 0x10, 0x40, 0x18, 0x60, 0x20, 0xa1, 0x18, 0x40, 0x18, 0x40, 0x20, 0x81, 0x10, 0x40, 0x10, 0x40, 0x18, 0x60, 0x41, 0x02, 0x41, 0x04, 0xfc, 0xe1, 0xfc, 0x80, 0x30, 0x22, 0xc2, 0x02, 0x00, 0x62, 0x08, 0x40, 0x08, 0x40, 0x20, 0xe3, 0x10, 0xa2,
  0x39, 0xe7, 0x39, 0xc7, 0x00, 0x20, 0x08, 0x61, 0x39, 0x22, 0xa9, 0xe1, 0x60, 0xe2, 0xfd, 0x00, 0x71, 0x02, 0x28, 0xe1, 0x18, 0x40, 0x18, 0x61, 0x18, 0x81, 0x08, 0x20, 0x10, 0x40, 0x10, 0x40, 0x18, 0x60, 0x20, 0x81, 0x18, 0x40, 0x20, 0xa1, 0x18, 0x61, 0x10, 0x40, 0x10, 0x40, 0x18, 0x60, 0x49, 0x42, 0x51, 0xc4, 0x81, 0x62, 0xfd, 0x40, 0x48, 0x21, 0xba, 0x23, 0x00, 0xa2, 0x08, 0x41, 0x08, 0x40, 0x20, 0xe3, 0x10, 0xa2,
  0x39, 0xe7, 0x39, 0xc7, 0x00, 0x20, 0x00, 0x41, 0x39, 0x62, 0xb1, 0xc1, 0x7a, 0x82, 0xfd, 0xe0, 0x30, 0x22, 0x38, 0xe1, 0x20, 0x80, 0x18, 0x81, 0x10, 0x40, 0x08, 0x40, 0x10, 0x40, 0x10, 0x40, 0x18, 0x60, 0x20, 0xa1, 0x20, 0x81, 0x18, 0x81, 0x10, 0x40, 0x10, 0x40, 0x10, 0x40, 0x10, 0x40, 0x59, 0x63, 0x49, 0x42, 0x48, 0x42, 0xfd, 0x61, 0x61, 0x02, 0xb2, 0x02, 0x00, 0x82, 0x08, 0x40, 0x08, 0x40, 0x21, 0x03, 0x10, 0x82,
  0x39, 0xc7, 0x39, 0xc7, 0x00, 0x20, 0x00, 0x41, 0x41, 0x41, 0xb9, 0xc1, 0x9a, 0x82, 0xfc, 0x21, 0x28, 0x62, 0x30, 0xa0, 0x30, 0xe2, 0x18, 0x81, 0x10, 0x40, 0x08, 0x20, 0x10, 0x40, 0x10, 0x40, 0x18, 0x60, 0x28, 0xc2, 0x20, 0x81, 0x10, 0x40, 0x10, 0x40, 0x10, 0x40, 0x10, 0x40, 0x18, 0x81, 0x59, 0x83, 0x41, 0x01, 0x38, 0x42, 0xfc, 0x41, 0x59, 0x22, 0xb2, 0x02, 0x00, 0x62, 0x08, 0x40, 0x10, 0x61, 0x21, 0x24, 0x10, 0x82,
  0x39, 0xc7, 0x41, 0xe7, 0x00, 0x20, 0x00, 0x41, 0x39, 0x41, 0xa1, 0x61, 0xdb, 0xe1, 0x9a, 0x42, 0x40, 0x81, 0x28, 0xa0, 0x28, 0xc1, 0x18, 0x81, 0x10, 0x40, 0x18, 0x61, 0x18, 0x81, 0x18, 0x81, 0x20, 0xa1, 0x28, 0xc2, 0x20, 0xa1, 0x18, 0x60, 0x10, 0x40, 0x10, 0x40, 0x18, 0x61, 0x39, 0x02, 0x39, 0x02, 0x40, 0xe1, 0x38, 0xc2, 0xa2, 0x03, 0x89, 0xa3, 0xb2, 0x42, 0x00, 0x21, 0x08, 0x40, 0x10, 0x61, 0x21, 0x24, 0x10, 0x82,
  0x39, 0xc7, 0x39, 0xc7, 0x00, 0x20, 0x00, 0x41, 0x39, 0x62, 0xb0, 0xc1, 0xfd, 0x00, 0x92, 0xa2, 0x28, 0x41, 0x30, 0xc1, 0x20, 0xa1, 0x20, 0x81, 0x28, 0xc2, 0x20, 0xa2, 0x18, 0x61, 0x18, 0x60, 0x18, 0x61, 0x18, 0x61, 0x18, 0x61, 0x18, 0x60, 0x18, 0x81, 0x20, 0xa1, 0x20, 0xa1, 0x28, 0xc2, 0x30, 0xc1, 0x38, 0xe1, 0x30, 0x22, 0xec, 0x82, 0xe3, 0x21, 0x89, 0x41, 0x00, 0x41, 0x08, 0x41, 0x10, 0x61, 0x21, 0x04, 0x10, 0x82,
  0x39, 0xc7, 0x39, 0xa7, 0x00, 0x20, 0x00, 0x41, 0x39, 0x42, 0xc9, 0x20, 0xfc, 0xa1, 0x59, 0x41, 0x28, 0xc1, 0x41, 0x02, 0x38, 0xe2, 0x18, 0xa2, 0x18, 0x61, 0x10, 0x40, 0x18, 0x81, 0x18, 0x81, 0x20, 0xa1, 0x20, 0x81, 0x20, 0xa1, 0x20, 0xc2, 0x18, 0x81, 0x10, 0x40, 0x20, 0xa1, 0x30, 0xe2, 0x30, 0xa1, 0x40, 0xe1, 0x51, 0x23, 0xcb, 0xa2, 0xf3, 0xa1, 0x78, 0xa1, 0x00, 0x41, 0x08, 0x41, 0x10, 0x61, 0x21, 0x04, 0x10, 0x82,
  0x31, 0xc7, 0x39, 0xc7, 0x00, 0x20, 0x00, 0x41, 0x31, 0x22, 0xd1, 0xc0, 0xfc, 0x21, 0x48, 0x82, 0x41, 0x01, 0x49, 0x42, 0x18, 0x81, 0x10, 0x41, 0x18, 0x61, 0x10, 0x61, 0x10, 0x60, 0x10, 0x40, 0x18, 0x61, 0x18, 0x81, 0x18, 0x60, 0x18, 0x60, 0x18, 0x61, 0x10, 0x61, 0x20, 0xa1, 0x28, 0xc2, 0x39, 0x02, 0x51, 0x62, 0x38, 0xc2, 0x8a, 0x62, 0xf4, 0x40, 0x70, 0x80, 0x00, 0x40, 0x08, 0x41, 0x10, 0x61, 0x21, 0x04, 0x10, 0x82,
  0x31, 0xc7, 0x39, 0xa6, 0x00, 0x20, 0x00, 0x41, 0x39, 0x21, 0xd2, 0x01, 0xeb, 0x61, 0x61, 0x21, 0x39, 0x22, 0x38, 0xe1, 0x20, 0x81, 0x10, 0x61, 0x10, 0x60, 0x10, 0x40, 0x10, 0x40, 0x10, 0x40, 0x18, 0x60, 0x18, 0x61, 0x18, 0x40, 0x10, 0x40, 0x10, 0x40, 0x10, 0x40, 0x28, 0xc2, 0x28, 0xc2, 0x41, 0x22, 0x59, 0xa3, 0x10, 0x22, 0xbb, 0xc1, 0xfb, 0xc0, 0x78, 0xa1, 0x00, 0x41, 0x08, 0x41, 0x10, 0x61, 0x21, 0x04, 0x10, 0x82,
  0x31, 0xa7, 0x31, 0xa6, 0x00, 0x20, 0x00, 0x40, 0x31, 0x21, 0xc1, 0x61, 0xfc, 0x01, 0x79, 0xa2, 0x20, 0xe2, 0x38, 0xe1, 0x20, 0xa1, 0x10, 0x40, 0x10, 0x40, 0x10, 0x40, 0x10, 0x40, 0x10, 0x40, 0x18, 0x60, 0x18, 0x81, 0x18, 0x60, 0x18, 0x60, 0x18, 0x61, 0x18, 0x81, 0x20, 0xa1, 0x18, 0x61, 0x41, 0x02, 0x51, 0x62, 0x20, 0xc3, 0xe3, 0xc1, 0xfb, 0xa0, 0x78, 0x81, 0x00, 0x40, 0x08, 0x41, 0x10, 0x61, 0x21, 0x04, 0x10, 0x82,
  0x31, 0xa6, 0x39, 0x86, 0x00, 0x20, 0x00, 0x20, 0x39, 0x21, 0xa9, 0x01, 0xfc, 0x81, 0x71, 0x81, 0x40, 0xe1, 0x30, 0xc1, 0x18, 0x60, 0x18, 0x81, 0x18, 0x61, 0x10, 0x40, 0x10, 0x40, 0x10, 0x40, 0x18, 0x61, 0x18, 0x81, 0x18, 0x61, 0x10, 0x60, 0x10, 0x40, 0x18, 0x61, 0x20, 0xa1, 0x20, 0x81, 0x28, 0xa1, 0x51, 0x01, 0x38, 0x82, 0xf4, 0x41, 0xfb, 0x40, 0x70, 0xc1, 0x00, 0x40, 0x08, 0x40, 0x10, 0x61, 0x21, 0x03, 0x10, 0x82,
  0x31, 0xa6, 0x31, 0xa6, 0x00, 0x00, 0x00, 0x20, 0x39, 0x21, 0xc2, 0x01, 0xe3, 0x82, 0x59, 0x21, 0x28, 0xc1, 0x30, 0xa1, 0x20, 0x80, 0x10, 0x61, 0x18, 0x61, 0x18, 0x81, 0x18, 0x81, 0x18, 0x81, 0x18, 0x81, 0x18, 0x61, 0x18, 0x60, 0x18, 0x61, 0x18, 0x81, 0x20, 0xa1, 0x18, 0x60, 0x18, 0x60, 0x30, 0xa1, 0x38, 0xe1, 0x48, 0x21, 0xb3, 0x81, 0xea, 0xa0, 0x71, 0x01, 0x00, 0x40, 0x08, 0x40, 0x10, 0x61, 0x21, 0x03, 0x10, 0x82,
  0x31, 0xa6, 0x31, 0x86, 0x00, 0x00, 0x00, 0x20, 0x41, 0x21, 0xa1, 0xa1, 0x9a, 0x62, 0x61, 0x41, 0x20, 0xa1, 0x30, 0xc1, 0x18, 0x60, 0x10, 0x61, 0x18, 0x61, 0x18, 0x61, 0x10, 0x61, 0x10, 0x60, 0x18, 0x60, 0x18, 0x61, 0x18, 0x61, 0x18, 0x61, 0x18, 0x61, 0x18, 0xa1, 0x10, 0x40, 0x18, 0x60, 0x30, 0xa1, 0x41, 0x01, 0x20, 0x81, 0x68, 0xe1, 0xa9, 0x60, 0x79, 0x41, 0x00, 0x20, 0x08, 0x40, 0x10, 0x61, 0x21, 0x03, 0x10, 0x82,
  0x31, 0x86, 0x31, 0x66, 0x00, 0x00, 0x00, 0x20, 0x41, 0x21, 0x79, 0x82, 0x79, 0xe2, 0xa2, 0x41, 0x20, 0x81, 0x30, 0xc1, 0x20, 0x81, 0x10, 0x61, 0x20, 0x81, 0x10, 0x61, 0x10, 0x40, 0x10, 0x40, 0x18, 0x60, 0x18, 0x61, 0x18, 0x60, 0x10, 0x60, 0x18, 0x81, 0x18, 0x81, 0x10, 0x40, 0x18, 0x61, 0x30, 0xc1, 0x39, 0x02, 0x38, 0x81, 0xb2, 0x21, 0x20, 0x61, 0x89, 0x20, 0x00, 0x20, 0x08, 0x20, 0x10, 0x61, 0x20, 0xe3, 0x10, 0x82,
  0x31, 0x86, 0x31, 0x86, 0x00, 0x00, 0x00, 0x20, 0x49, 0x41, 0x59, 0x42, 0xa2, 0xe1, 0xd3, 0x41, 0x20, 0x21, 0x38, 0xe1, 0x28, 0xa1, 0x18, 0x81, 0x18, 0x61, 0x18, 0x61, 0x10, 0x61, 0x18, 0x61, 0x18, 0x81, 0x18, 0x61, 0x18, 0x81, 0x18, 0x61, 0x20, 0xa1, 0x18, 0x81, 0x18, 0x61, 0x28, 0xa1, 0x41, 0x02, 0x41, 0x22, 0x48, 0x00, 0xfc, 0x00, 0x10, 0x01, 0x78, 0xe0, 0x00, 0x40, 0x08, 0x40, 0x10, 0x61, 0x21, 0x03, 0x10, 0x82,
  0x31, 0x86, 0x31, 0x65, 0x00, 0x00, 0x00, 0x20, 0x49, 0x21, 0x51, 0x42, 0x91, 0xc1, 0xfc, 0xc0, 0x20, 0x01, 0x30, 0xc1, 0x20, 0xa1, 0x10, 0x61, 0x18, 0x60, 0x10, 0x40, 0x10, 0x60, 0x10, 0x40, 0x18, 0x60, 0x18, 0x61, 0x18, 0x60, 0x18, 0x60, 0x18, 0x81, 0x10, 0x40, 0x18, 0x60, 0x18, 0x60, 0x38, 0xe1, 0x10, 0x81, 0xb1, 0xc0, 0xfc, 0x20, 0x08, 0x01, 0x68, 0xe0, 0x00, 0x40, 0x08, 0x40, 0x10, 0x61, 0x21, 0x03, 0x10, 0xa2,
  0x29, 0x86, 0x29, 0x45, 0x00, 0x00, 0x00, 0x00, 0x49, 0x21, 0x59, 0x82, 0x30, 0x01, 0xfc, 0x40, 0x50, 0x41, 0x30, 0xc1, 0x20, 0x81, 0x10, 0x40, 0x10, 0x60, 0x10, 0x60, 0x10, 0x40, 0x18, 0x60, 0x18, 0x60, 0x18, 0x60, 0x18, 0x60, 0x20, 0x81, 0x20, 0xa1, 0x10, 0x40, 0x10, 0x60, 0x18, 0x60, 0x41, 0x02, 0x00, 0x01, 0xfc, 0x60, 0xa1, 0xe0, 0x00, 0x21, 0x68, 0xe0, 0x00, 0x20, 0x08, 0x40, 0x10, 0x41, 0x20, 0xe3, 0x10, 0xa2,
  0x29, 0x65, 0x29, 0x45, 0x00, 0x00, 0x00, 0x00, 0x41, 0x21, 0x61, 0x82, 0x00, 0x01, 0xfd, 0xa0, 0xb2, 0xe1, 0x18, 0x21, 0x20, 0x60, 0x10, 0x60, 0x18, 0x60, 0x10, 0x40, 0x18, 0x60, 0x18, 0x60, 0x18, 0x60, 0x18, 0x60, 0x18, 0x60, 0x20, 0xa1, 0x18, 0x61, 0x10, 0x40, 0x18, 0x40, 0x28, 0x81, 0x49, 0x02, 0x10, 0x01, 0xfc, 0x40, 0x40, 0x60, 0x28, 0x81, 0x68, 0xe0, 0x00, 0x20, 0x08, 0x20, 0x10, 0x60, 0x20, 0xe3, 0x10, 0xa2,
  0x29, 0x65, 0x29, 0x45, 0x00, 0x00, 0x00, 0x00, 0x31, 0x21, 0x71, 0x81, 0x00, 0x41, 0xc2, 0x80, 0xd3, 0x61, 0x20, 0x01, 0x20, 0x60, 0x10, 0x60, 0x18, 0x60, 0x10, 0x40, 0x18, 0x60, 0x18, 0x60, 0x18, 0x60, 0x18, 0x60, 0x18, 0x60, 0x20, 0x81, 0x18, 0x60, 0x10, 0x40, 0x18, 0x60, 0x30, 0xa1, 0x10, 0x41, 0x81, 0x80, 0xfc, 0x80, 0x00, 0x01, 0x30, 0xa1, 0x68, 0xe0, 0x00, 0x20, 0x08, 0x20, 0x10, 0x40, 0x20, 0xe3, 0x10, 0xa2,
  0x29, 0x45, 0x29, 0x45, 0x00, 0x00, 0x00, 0x00, 0x39, 0x21, 0x69, 0x61, 0x28, 0xc1, 0x20, 0x01, 0xec, 0x00, 0x68, 0x81, 0x10, 0x40, 0x18, 0x40, 0x18, 0x60, 0x10, 0x60, 0x10, 0x60, 0x18, 0x60, 0x18, 0x60, 0x18, 0x60, 0x20, 0x60, 0x18, 0x81, 0x18, 0x60, 0x10, 0x40, 0x20, 0x61, 0x30, 0xa1, 0x08, 0x01, 0xfc, 0x20, 0x81, 0x00, 0x00, 0x41, 0x20, 0x80, 0x69, 0x00, 0x00, 0x20, 0x08, 0x20, 0x10, 0x40, 0x20, 0xe3, 0x10, 0xa2,
  0x21, 0x45, 0x21, 0x24, 0x00, 0x00, 0x00, 0x00, 0x39, 0x01, 0x61, 0x41, 0x28, 0xe1, 0x10, 0x01, 0xfc, 0x20, 0xfc, 0xe0, 0x00, 0x01, 0x18, 0x60, 0x18, 0x60, 0x10, 0x40, 0x18, 0x60, 0x18, 0x40, 0x18, 0x60, 0x18, 0x60, 0x20, 0x81, 0x18, 0x81, 0x18, 0x60, 0x18, 0x60, 0x30, 0xa1, 0x00, 0x01, 0x71, 0x21, 0xfd, 0x40, 0x00, 0x00, 0x10, 0x81, 0x10, 0x40, 0x61, 0x21, 0x00, 0x20, 0x08, 0x20, 0x10, 0x40, 0x21, 0x03, 0x10, 0xa2,
  0x21, 0x24, 0x21, 0x04, 0x00, 0x00, 0x00, 0x00, 0x31, 0x01, 0x59, 0x20, 0x28, 0xa1, 0x18, 0x81, 0x40, 0x40, 0xec, 0x40, 0x40, 0x00, 0x00, 0x21, 0x18, 0x60, 0x18, 0x40, 0x18, 0x60, 0x18, 0x40, 0x20, 0x60, 0x20, 0x60, 0x20, 0x81, 0x20, 0x60, 0x18, 0x60, 0x20, 0x81, 0x20, 0x81, 0x10, 0x01, 0xfc, 0x80, 0x99, 0xa0, 0x00, 0x21, 0x10, 0x61, 0x18, 0x40, 0x59, 0x00, 0x00, 0x20, 0x08, 0x20, 0x10, 0x41, 0x21, 0x03, 0x10, 0xa2,
  0x21, 0x24, 0x19, 0x04, 0x00, 0x00, 0x00, 0x00, 0x39, 0x01, 0x51, 0x21, 0x18, 0x60, 0x28, 0xa1, 0x08, 0x01, 0xd3, 0x00, 0xfc, 0x80, 0x00, 0x01, 0x10, 0x40, 0x18, 0x60, 0x18, 0x40, 0x20, 0x60, 0x20, 0x60, 0x18, 0x60, 0x28, 0x81, 0x20, 0x60, 0x20, 0x60, 0x28, 0x81, 0x00, 0x01, 0xba, 0xe0, 0xfc, 0xe0, 0x00, 0x01, 0x20, 0xa1, 0x08, 0x20, 0x08, 0x20, 0x51, 0x21, 0x00, 0x20, 0x08, 0x20, 0x10, 0x40, 0x20, 0xe3, 0x10, 0xa2,
  0x21, 0x04, 0x18, 0xe3, 0x00, 0x00, 0x00, 0x00, 0x30, 0xe1, 0x49, 0x00, 0x20, 0x80, 0x20, 0x60, 0x28, 0xc1, 0x18, 0x01, 0xfd, 0x60, 0xc2, 0xa0, 0x00, 0x01, 0x10, 0x40, 0x20, 0x40, 0x20, 0x40, 0x20, 0x40, 0x18, 0x60, 0x28, 0x60, 0x20, 0x60, 0x28, 0x81, 0x00, 0x00, 0xa1, 0xe1, 0xf4, 0x80, 0x48, 0x00, 0x08, 0x81, 0x10, 0x40, 0x08, 0x20, 0x10, 0x40, 0x49, 0x01, 0x00, 0x40, 0x00, 0x20, 0x08, 0x40, 0x20, 0xe3, 0x10, 0xa2,
  0x19, 0x04, 0x18, 0xe3, 0x00, 0x00, 0x00, 0x00, 0x28, 0xc1, 0x40, 0xe1, 0x20, 0x80, 0x18, 0x40, 0x20, 0x60, 0x20, 0xa1, 0x30, 0x01, 0xfb, 0xe0, 0xaa, 0x00, 0x00, 0x00, 0x08, 0x20, 0x20, 0x40, 0x28, 0x40, 0x18, 0x60, 0x30, 0x60, 0x10, 0x61, 0x00, 0x01, 0xa1, 0x20, 0xf3, 0xe0, 0x50, 0x80, 0x00, 0x01, 0x18, 0x60, 0x08, 0x20, 0x08, 0x20, 0x08, 0x40, 0x41, 0x01, 0x00, 0x20, 0x00, 0x20, 0x08, 0x40, 0x20, 0xe3, 0x10, 0xa2,
  0x18, 0xe3, 0x18, 0xe3, 0x00, 0x00, 0x00, 0x00, 0x28, 0xc1, 0x40, 0xe1, 0x18, 0x60, 0x10, 0x40, 0x18, 0x40, 0x20, 0x60, 0x00, 0x00, 0x30, 0x01, 0xfc, 0x60, 0xf4, 0x40, 0x50, 0x00, 0x20, 0x00, 0x30, 0x20, 0x20, 0x40, 0x30, 0x00, 0x58, 0x60, 0xda, 0xa0, 0xfc, 0x60, 0x38, 0x61, 0x00, 0x01, 0x10, 0x40, 0x08, 0x20, 0x08, 0x40, 0x08, 0x20, 0x08, 0x20, 0x40, 0xe1, 0x00, 0x20, 0x00, 0x20, 0x10, 0x41, 0x20, 0xe3, 0x10, 0x82,
  0x18, 0xe3, 0x10, 0xc2, 0x00, 0x00, 0x00, 0x00, 0x28, 0xa0, 0x38, 0xe0, 0x18, 0x60, 0x18, 0x60, 0x18, 0x60, 0x18, 0x60, 0x10, 0x20, 0x00, 0x00, 0x00, 0x00, 0x7a, 0xc0, 0xba, 0x80, 0x9a, 0x80, 0x79, 0x80, 0x18, 0x00, 0xba, 0xe0, 0xc2, 0x20, 0x51, 0x60, 0x00, 0x01, 0x08, 0x01, 0x18, 0x60, 0x10, 0x40, 0x10, 0x61, 0x08, 0x40, 0x08, 0x40, 0x10, 0x40, 0x40, 0xe1, 0x00, 0x20, 0x00, 0x20, 0x08, 0x41, 0x18, 0xe3, 0x10, 0x82,
  0x18, 0xc3, 0x10, 0xa2, 0x00, 0x00, 0x00, 0x00, 0x20, 0xa0, 0x30, 0xa0, 0x10, 0x40, 0x10, 0x40, 0x18, 0x60, 0x18, 0x40, 0x08, 0x20, 0x08, 0x20, 0x10, 0x20, 0x00, 0x00, 0x00, 0x00, 0x28, 0x00, 0x8a, 0x21, 0x9a, 0xa1, 0x81, 0xc1, 0x00, 0x00, 0x00, 0x00, 0x10, 0x20, 0x18, 0x60, 0x10, 0x40, 0x08, 0x20, 0x10, 0x40, 0x08, 0x20, 0x08, 0x20, 0x08, 0x20, 0x38, 0xe0, 0x00, 0x20, 0x00, 0x20, 0x08, 0x40, 0x18, 0xc3, 0x10, 0x82,
  0x10, 0xa2, 0x10, 0xa2, 0x00, 0x00, 0x00, 0x00, 0x28, 0xa0, 0x38, 0xe1, 0x08, 0x20, 0x10, 0x60, 0x10, 0x40, 0x08, 0x40, 0x08, 0x20, 0x00, 0x20, 0x08, 0x20, 0x08, 0x20, 0x00, 0x00, 0x18, 0x80, 0x92, 0x20, 0x00, 0x40, 0x9a, 0x41, 0x00, 0x40, 0x08, 0x20, 0x10, 0x40, 0x08, 0x20, 0x08, 0x40, 0x08, 0x20, 0x00, 0x20, 0x08, 0x40, 0x00, 0x20, 0x00, 0x20, 0x41, 0x21, 0x00, 0x20, 0x00, 0x20, 0x08, 0x40, 0x18, 0xc2, 0x10, 0x82,
  0x10, 0xa2, 0x08, 0x82, 0x00, 0x00, 0x00, 0x00, 0x10, 0x40, 0x20, 0xc1, 0x28, 0xe2, 0x29, 0x02, 0x31, 0x22, 0x31, 0x22, 0x18, 0xc2, 0x18, 0xa2, 0x20, 0xc2, 0x18, 0xa2, 0x18, 0xa2, 0x28, 0xe1, 0x69, 0xc1, 0x18, 0x80, 0x61, 0xe2, 0x21, 0x02, 0x29, 0x03, 0x31, 0x23, 0x39, 0x64, 0x31, 0x64, 0x29, 0x23, 0x29, 0x23, 0x29, 0x23, 0x29, 0x03, 0x21, 0x03, 0x29, 0x03, 0x00, 0x00, 0x00, 0x00, 0x08, 0x20, 0x18, 0xa2, 0x10, 0x82,
  0x08, 0x82, 0x10, 0x81, 0x00, 0x00, 0x08, 0x00, 0x08, 0x40, 0x10, 0x81, 0x28, 0xe2, 0x31, 0x02, 0x39, 0x22, 0x39, 0x22, 0x28, 0xe2, 0x20, 0xe2, 0x28, 0xe2, 0x28, 0xe2, 0x20, 0xa2, 0x18, 0x81, 0x28, 0xe1, 0x59, 0x41, 0x20, 0xc2, 0x31, 0x02, 0x39, 0x43, 0x41, 0x63, 0x41, 0x64, 0x41, 0xa5, 0x41, 0x84, 0x41, 0x84, 0x39, 0x63, 0x39, 0x43, 0x39, 0x64, 0x31, 0x44, 0x00, 0x21, 0x10, 0x61, 0x18, 0x81, 0x18, 0xc2, 0x08, 0x61,
  0x08, 0x81, 0x08, 0x61, 0x00, 0x00, 0x08, 0x20, 0x18, 0x60, 0x82, 0xe3, 0x93, 0x85, 0x49, 0x21, 0x08, 0x40, 0x10, 0x40, 0x08, 0x20, 0x08, 0x20, 0x10, 0x60, 0x18, 0x60, 0x00, 0x20, 0x08, 0x20, 0x00, 0x00, 0x00, 0x00, 0x00, 0x20, 0x08, 0x20, 0x08, 0x40, 0x08, 0x20, 0x00, 0x40, 0x08, 0x40, 0x10, 0x60, 0x20, 0xa1, 0x18, 0x81, 0x00, 0x20, 0x8a, 0x64, 0x82, 0x24, 0x31, 0x22, 0x18, 0xa1, 0x20, 0xa2, 0x18, 0xa2, 0x08, 0x61,
  0x08, 0x61, 0x08, 0x41, 0x00, 0x00, 0x00, 0x00, 0x20, 0xa0, 0x9b, 0x43, 0x72, 0xe4, 0x00, 0x00, 0x00, 0x00, 0x00, 0x00, 0x00, 0x00, 0x00, 0x00, 0x00, 0x00, 0x00, 0x00, 0x00, 0x00, 0x00, 0x00, 0x00, 0x00, 0x00, 0x00, 0x00, 0x00, 0x00, 0x00, 0x00, 0x00, 0x00, 0x00, 0x00, 0x00, 0x00, 0x00, 0x00, 0x00, 0x08, 0x20, 0x10, 0x40, 0x00, 0x00, 0x10, 0x40, 0x82, 0x23, 0x10, 0x81, 0x00, 0x20, 0x08, 0x61, 0x10, 0x61, 0x08, 0x61,
  0x08, 0x61, 0x08, 0x41, 0x00, 0x00, 0x00, 0x00, 0x00, 0x00, 0x29, 0x01, 0x08, 0x00, 0x00, 0x00, 0x00, 0x00, 0x00, 0x00, 0x00, 0x00, 0x00, 0x00, 0x00, 0x00, 0x00, 0x00, 0x00, 0x00, 0x00, 0x00, 0x00, 0x00, 0x00, 0x00, 0x00, 0x00, 0x00, 0x00, 0x00, 0x00, 0x00, 0x00, 0x00, 0x20, 0x00, 0x00, 0x08, 0x20, 0x10, 0x40, 0x08, 0x40, 0x08, 0x20, 0x00, 0x00, 0x00, 0x20, 0x00, 0x00, 0x08, 0x40, 0x10, 0x61, 0x10, 0x82, 0x08, 0x61,
  0x08, 0x41, 0x00, 0x41, 0x00, 0x00, 0x00, 0x00, 0x00, 0x00, 0x00, 0x00, 0x00, 0x00, 0x00, 0x00, 0x00, 0x00, 0x00, 0x00, 0x00, 0x00, 0x00, 0x00, 0x00, 0x00, 0x00, 0x00, 0x00, 0x00, 0x00, 0x00, 0x00, 0x00, 0x00, 0x00, 0x00, 0x00, 0x00, 0x00, 0x00, 0x00, 0x00, 0x00, 0x00, 0x00, 0x00, 0x00, 0x00, 0x00, 0x08, 0x20, 0x08, 0x20, 0x08, 0x20, 0x00, 0x00, 0x00, 0x20, 0x00, 0x00, 0x08, 0x40, 0x10, 0x61, 0x10, 0x61, 0x08, 0x61,
  0x00, 0x40, 0x00, 0x20, 0x00, 0x00, 0x00, 0x00, 0x00, 0x00, 0x00, 0x00, 0x00, 0x00, 0x00, 0x00, 0x00, 0x00, 0x00, 0x00, 0x00, 0x00, 0x00, 0x00, 0x00, 0x00, 0x00, 0x00, 0x00, 0x00, 0x00, 0x00, 0x00, 0x00, 0x00, 0x00, 0x00, 0x00, 0x00, 0x00, 0x00, 0x00, 0x00, 0x00, 0x00, 0x00, 0x00, 0x00, 0x00, 0x00, 0x08, 0x20, 0x08, 0x20, 0x08, 0x20, 0x00, 0x00, 0x00, 0x20, 0x00, 0x00, 0x08, 0x20, 0x08, 0x61, 0x08, 0x61, 0x08, 0x41,
  0x00, 0x20, 0x00, 0x20, 0x00, 0x00, 0x00, 0x00, 0x00, 0x00, 0x00, 0x00, 0x00, 0x00, 0x00, 0x00, 0x00, 0x00, 0x00, 0x00, 0x00, 0x00, 0x00, 0x00, 0x00, 0x00, 0x00, 0x00, 0x00, 0x00, 0x00, 0x00, 0x00, 0x00, 0x00, 0x00, 0x00, 0x00, 0x00, 0x00, 0x00, 0x00, 0x00, 0x00, 0x00, 0x00, 0x00, 0x00, 0x00, 0x00, 0x08, 0x40, 0x10, 0x40, 0x08, 0x20, 0x00, 0x00, 0x00, 0x00, 0x00, 0x00, 0x08, 0x20, 0x08, 0x41, 0x08, 0x61, 0x08, 0x41,
  0x00, 0x20, 0x00, 0x00, 0x00, 0x00, 0x00, 0x00, 0x00, 0x00, 0x00, 0x00, 0x00, 0x00, 0x00, 0x00, 0x00, 0x00, 0x00, 0x00, 0x00, 0x00, 0x00, 0x00, 0x00, 0x00, 0x00, 0x00, 0x00, 0x00, 0x00, 0x00, 0x00, 0x00, 0x00, 0x00, 0x00, 0x00, 0x00, 0x00, 0x00, 0x00, 0x00, 0x00, 0x00, 0x00, 0x00, 0x00, 0x00, 0x00, 0x00, 0x00, 0x08, 0x20, 0x08, 0x20, 0x00, 0x00, 0x00, 0x00, 0x00, 0x00, 0x00, 0x20, 0x08, 0x40, 0x08, 0x41, 0x08, 0x41,
  0x00, 0x00, 0x00, 0x00, 0x00, 0x00, 0x00, 0x00, 0x00, 0x00, 0x00, 0x00, 0x00, 0x00, 0x00, 0x00, 0x00, 0x00, 0x00, 0x00, 0x00, 0x00, 0x00, 0x00, 0x00, 0x00, 0x00, 0x00, 0x00, 0x00, 0x00, 0x00, 0x00, 0x00, 0x00, 0x00, 0x00, 0x00, 0x00, 0x00, 0x00, 0x00, 0x00, 0x00, 0x00, 0x00, 0x00, 0x00, 0x00, 0x00, 0x00, 0x00, 0x00, 0x00, 0x00, 0x00, 0x00, 0x00, 0x00, 0x00, 0x00, 0x00, 0x00, 0x00, 0x00, 0x00, 0x00, 0x20, 0x00, 0x20
};

static const uint8_t vfd_35x67_1[4690] = {
  0x00, 0x00, 0x00, 0x00, 0x00, 0x00, 0x00, 0x00, 0x00, 0x00, 0x00, 0x00, 0x00, 0x00, 0x00, 0x00, 0x00, 0x00, 0x00, 0x00, 0x00, 0x00, 0x00, 0x00, 0x00, 0x00, 0x00, 0x00, 0x00, 0x00, 0x00, 0x00, 0x20, 0xe3, 0x49, 0xe6, 0x00, 0x00, 0x00, 0x00, 0x00, 0x00, 0x00, 0x00, 0x00, 0x00, 0x00, 0x00, 0x00, 0x00, 0x00, 0x00, 0x00, 0x00, 0x00, 0x00, 0x00, 0x00, 0x00, 0x00, 0x00, 0x00, 0x00, 0x00, 0x00, 0x00, 0x00, 0x00, 0x00, 0x00,
  0x00, 0x00, 0x00, 0x00, 0x00, 0x00, 0x00, 0x00, 0x00, 0x00, 0x00, 0x00, 0x00, 0x00, 0x00, 0x00, 0x00, 0x00, 0x00, 0x00, 0x00, 0x00, 0x00, 0x00, 0x00, 0x00, 0x00, 0x00, 0x00, 0x00, 0x00, 0x00, 0x31, 0xa6, 0x52, 0x48, 0x08, 0x61, 0x00, 0x00, 0x00, 0x00, 0x00, 0x00, 0x00, 0x00, 0x00, 0x00, 0x00, 0x00, 0x00, 0x00, 0x00, 0x00, 0x00, 0x00, 0x00, 0x00, 0x00, 0x00, 0x00, 0x00, 0x00, 0x00, 0x00, 0x00, 0x00, 0x00, 0x00, 0x00,
  0x00, 0x00, 0x00, 0x00, 0x00, 0x00, 0x00, 0x00, 0x00, 0x00, 0x00, 0x00, 0x00, 0x00, 0x00, 0x00, 0x00, 0x00, 0x00, 0x00, 0x00, 0x00, 0x00, 0x00, 0x00, 0x00, 0x00, 0x00, 0x00, 0x00, 0x00, 0x00, 0x18, 0xe3, 0x52, 0x48, 0x00, 0x42, 0x00, 0x00, 0x00, 0x00, 0x00, 0x00, 0x00, 0x00, 0x00, 0x00, 0x00, 0x00, 0x00, 0x00, 0x00, 0x00, 0x00, 0x00, 0x00, 0x00, 0x00, 0x00, 0x00, 0x00, 0x00, 0x00, 0x00, 0x00, 0x00, 0x00, 0x00, 0x00,
  0x00, 0x00, 0x00, 0x00, 0x00, 0x00, 0x00, 0x00, 0x00, 0x00, 0x00, 0x00, 0x00, 0x00, 0x00, 0x00, 0x00, 0x00, 0x00, 0x00, 0x00, 0x00, 0x00, 0x00, 0x00, 0x00, 0x00, 0x00, 0x00, 0x00, 0x00, 0x00, 0x41, 0x63, 0x59, 0xe5, 0x08, 0x41, 0x00, 0x00, 0x00, 0x00, 0x00, 0x00, 0x00, 0x00, 0x00, 0x00, 0x00, 0x00, 0x00, 0x00, 0x00, 0x00, 0x00, 0x00, 0x00, 0x00, 0x00, 0x00, 0x00, 0x00, 0x00, 0x00, 0x00, 0x00, 0x00, 0x00, 0x00, 0x00,
  0x00, 0x00, 0x00, 0x00, 0x00, 0x00, 0x00, 0x00, 0x00, 0x00, 0x00, 0x00, 0x00, 0x00, 0x00, 0x00, 0x00, 0x00, 0x00, 0x00, 0x00, 0x00, 0x00, 0x00, 0x00, 0x00, 0x00, 0x00, 0x00, 0x00, 0x83, 0xee, 0x7a, 0xe7, 0x41, 0x84, 0x93, 0x8a, 0x18, 0xe3, 0x00, 0x00, 0x00, 0x00, 0x00, 0x00, 0x00, 0x00, 0x00, 0x00, 0x00, 0x00, 0x00, 0x00, 0x00, 0x00, 0x00, 0x00, 0x00, 0x00, 0x00, 0x00, 0x00, 0x00, 0x00, 0x00, 0x00, 0x00, 0x00, 0x00,
  0x00, 0x00, 0x00, 0x00, 0x00, 0x00, 0x00, 0x00, 0x00, 0x00, 0x00, 0x00, 0x00, 0x00, 0x00, 0x00, 0x00, 0x00, 0x00, 0x00, 0x00, 0x00, 0x00, 0x00, 0x00, 0x00, 0x00, 0x20, 0x4a, 0x48, 0x52, 0x06, 0x62, 0x25, 0x7a, 0xc7, 0x31, 0x03, 0x31, 0x64, 0x00, 0x40, 0x00, 0x00, 0x00, 0x00, 0x00, 0x00, 0x00, 0x00, 0x00, 0x00, 0x00, 0x00, 0x00, 0x00, 0x00, 0x00, 0x00, 0x00, 0x00, 0x00, 0x00, 0x00, 0x00, 0x00, 0x00, 0x00, 0x00, 0x00,
  0x00, 0x00, 0x00, 0x00, 0x00, 0x00, 0x00, 0x00, 0x00, 0x00, 0x00, 0x00, 0x00, 0x00, 0x00, 0x00, 0x00, 0x00, 0x00, 0x00, 0x00, 0x00, 0x00, 0x00, 0x00, 0x00, 0x08, 0x20, 0x10, 0x61, 0x00, 0x00, 0x18, 0x81, 0x31, 0x23, 0x08, 0x40, 0x08, 0x20, 0x00, 0x00, 0x08, 0x61, 0x08, 0x61, 0x00, 0x00, 0x00, 0x00, 0x00, 0x00, 0x00, 0x00, 0x00, 0x00, 0x00, 0x00, 0x00, 0x00, 0x00, 0x00, 0x00, 0x00, 0x00, 0x00, 0x00, 0x00, 0x00, 0x00,
  0x00, 0x00, 0x00, 0x00, 0x00, 0x00, 0x00, 0x00, 0x00, 0x00, 0x00, 0x00, 0x00, 0x00, 0x00, 0x00, 0x00, 0x00, 0x00, 0x00, 0x08, 0x20, 0x08, 0x20, 0x00, 0x00, 0x00, 0x00, 0x00, 0x00, 0x00, 0x00, 0x31, 0x44, 0x5a, 0x88, 0x00, 0x00, 0x00, 0x00, 0x08, 0x00, 0x00, 0x00, 0x08, 0x00, 0x00, 0x00, 0x00, 0x00, 0x08, 0x00, 0x00, 0x00, 0x00, 0x00, 0x00, 0x00, 0x00, 0x00, 0x00, 0x00, 0x00, 0x00, 0x00, 0x00, 0x00, 0x00, 0x00, 0x00,
  0x00, 0x00, 0x00, 0x00, 0x00, 0x00, 0x00, 0x00, 0x00, 0x00, 0x00, 0x00, 0x00, 0x00, 0x00, 0x00, 0x08, 0x00, 0x08, 0x20, 0x08, 0x21, 0x08, 0x20, 0x08, 0x41, 0x18, 0xa1, 0x18, 0x81, 0x08, 0x40, 0x29, 0x23, 0x39, 0x85, 0x00, 0x20, 0x00, 0x20, 0x08, 0x20, 0x00, 0x00, 0x00, 0x00, 0x08, 0x20, 0x08, 0x20, 0x08, 0x20, 0x08, 0x00, 0x00, 0x00, 0x00, 0x00, 0x00, 0x00, 0x00, 0x00, 0x00, 0x00, 0x00, 0x00, 0x00, 0x00, 0x00, 0x00,
  0x00, 0x00, 0x00, 0x00, 0x00, 0x00, 0x18, 0xc3, 0x00, 0x00, 0x31, 0x86, 0x63, 0x4d, 0x7b, 0xee, 0x73, 0x2b, 0x6a, 0xc9, 0x62, 0x87, 0x5a, 0x26, 0x62, 0x05, 0x49, 0xa4, 0x41, 0x84, 0x49, 0xa4, 0x51, 0xc4, 0x41, 0x84, 0x41, 0x64, 0x41, 0x84, 0x39, 0x63, 0x41, 0xa4, 0x31, 0x64, 0x20, 0xc2, 0x10, 0x81, 0x10, 0x61, 0x08, 0x61, 0x10, 0x61, 0x10, 0x61, 0x00, 0x20, 0x08, 0x41, 0x5a, 0xeb, 0x10, 0xa2, 0x00, 0x00, 0x00, 0x00,
  0x00, 0x00, 0x00, 0x00, 0x10, 0x82, 0x7b, 0xcf, 0x6b, 0x6d, 0x5a, 0xcb, 0x62, 0xca, 0x52, 0x05, 0x49, 0x83, 0x59, 0xc4, 0x6a, 0x65, 0x6a, 0x24, 0x51, 0xa3, 0x41, 0x63, 0x39, 0x22, 0x49, 0x63, 0x51, 0xa3, 0x39, 0x22, 0x41, 0x63, 0x49, 0xa4, 0x51, 0xc4, 0x51, 0xc4, 0x59, 0xc5, 0x59, 0xe4, 0x49, 0xa4, 0x59, 0xe4, 0x59, 0xe4, 0x20, 0xe2, 0x20, 0xc2, 0x20, 0xc2, 0x21, 0x03, 0x29, 0x45, 0x31, 0xa6, 0x08, 0x61, 0x00, 0x00,
  0x00, 0x00, 0x18, 0xe3, 0x73, 0xce, 0x63, 0x2c, 0x00, 0x00, 0x20, 0x60, 0x41, 0x20, 0x41, 0x41, 0x51, 0xa2, 0x61, 0xc3, 0x41, 0x42, 0x31, 0x01, 0x39, 0x22, 0x41, 0x22, 0x28, 0xc2, 0x10, 0x61, 0x10, 0x61, 0x18, 0xa1, 0x31, 0x02, 0x41, 0x63, 0x49, 0x83, 0x49, 0x83, 0x49, 0x83, 0x51, 0xa3, 0x51, 0xa3, 0x59, 0xc4, 0x61, 0xe4, 0x49, 0x83, 0x20, 0xc2, 0x10, 0x61, 0x18, 0x81, 0x18, 0xe3, 0x18, 0xe3, 0x10, 0x82, 0x00, 0x00,
  0x00, 0x00, 0x9c, 0xd2, 0x52, 0x89, 0x08, 0x20, 0x08, 0x41, 0x00, 0x00, 0x10, 0x20, 0x82, 0xe5, 0x51, 0x82, 0x30, 0xc1, 0x31, 0x22, 0x41, 0x42, 0x28, 0xe1, 0x10, 0x61, 0x08, 0x40, 0x08, 0x40, 0x08, 0x41, 0x08, 0x41, 0x10, 0x61, 0x20, 0xc1, 0x41, 0x43, 0x49, 0x63, 0x49, 0x63, 0x49, 0x42, 0x41, 0x63, 0x41, 0x42, 0x41, 0x43, 0x29, 0x03, 0x18, 0xa2, 0x00, 0x01, 0x10, 0x81, 0x20, 0xc2, 0x29, 0x65, 0x18, 0xe3, 0x08, 0x40,
  0x21, 0x45, 0x6b, 0x6d, 0x18, 0x81, 0x18, 0x81, 0x7a, 0xc6, 0xf5, 0x8c, 0xff, 0x91, 0x7a, 0x45, 0x7a, 0xc7, 0x7a, 0xa7, 0x8b, 0x28, 0x7a, 0xa7, 0x41, 0xa5, 0x41, 0xa5, 0x39, 0x84, 0x31, 0x44, 0x18, 0xe4, 0x31, 0x65, 0x39, 0x85, 0x42, 0x06, 0x49, 0xe6, 0x62, 0x67, 0x8b, 0x49, 0x93, 0x69, 0x8b, 0x29, 0x93, 0x69, 0x9b, 0x69, 0x61, 0xe5, 0xed, 0x2a, 0xbb, 0xea, 0x31, 0x43, 0x28, 0xe2, 0x29, 0x44, 0x29, 0x65, 0x08, 0x20,
  0x4a, 0x49, 0x52, 0x89, 0x00, 0x00, 0x00, 0x00, 0x8b, 0x27, 0xff, 0xf4, 0xd4, 0x26, 0x41, 0x43, 0xa4, 0x0b, 0x8b, 0x69, 0x62, 0x67, 0x31, 0xc5, 0x39, 0xc5, 0x41, 0xe5, 0x41, 0xc5, 0x39, 0xe5, 0xfc, 0x67, 0xe4, 0x47, 0x7a, 0xe7, 0x4a, 0x27, 0x5a, 0xc8, 0x4a, 0x88, 0x8b, 0xeb, 0x9c, 0x2b, 0xb4, 0xcd, 0xc5, 0x2f, 0xd6, 0x31, 0x83, 0x08, 0xbb, 0x67, 0xfd, 0x8c, 0x00, 0x41, 0x00, 0x00, 0x08, 0x61, 0x29, 0x45, 0x08, 0x20,
  0x4a, 0x8a, 0x39, 0xe7, 0x00, 0x20, 0x00, 0x00, 0x49, 0x42, 0x61, 0x41, 0x00, 0x00, 0x28, 0xe1, 0x18, 0x60, 0x08, 0x00, 0x20, 0xa1, 0x00, 0x00, 0x08, 0x40, 0x10, 0x61, 0x00, 0x00, 0x8a, 0xa4, 0x69, 0xa1, 0x00, 0x00, 0xd3, 0xe5, 0x00, 0x00, 0x10, 0x61, 0x10, 0x61, 0x00, 0x00, 0x28, 0xe1, 0x10, 0x40, 0x08, 0x00, 0x31, 0x02, 0x08, 0x20, 0x08, 0x00, 0x72, 0x24, 0x00, 0x00, 0x00, 0x40, 0x08, 0x61, 0x29, 0x45, 0x08, 0x20,
  0x52, 0xaa, 0x39, 0xc7, 0x00, 0x20, 0x00, 0x40, 0x51, 0x61, 0x41, 0x21, 0x10, 0x81, 0x18, 0x81, 0x20, 0x81, 0x18, 0x60, 0x10, 0x60, 0x08, 0x61, 0x08, 0x40, 0x08, 0x40, 0x00, 0x20, 0x30, 0xe1, 0x39, 0x01, 0x61, 0xc2, 0x71, 0xc2, 0x00, 0x21, 0x10, 0x61, 0x10, 0x61, 0x18, 0xa1, 0x20, 0xa1, 0x20, 0xc1, 0x28, 0xe1, 0x20, 0xc2, 0x31, 0x22, 0x39, 0x42, 0x72, 0x04, 0x00, 0x21, 0x08, 0x20, 0x08, 0x61, 0x29, 0x45, 0x00, 0x20,
  0x52, 0xaa, 0x41, 0xe7, 0x00, 0x20, 0x08, 0x40, 0x49, 0x41, 0x51, 0x62, 0x28, 0xe2, 0x39, 0x43, 0x39, 0x22, 0x31, 0x02, 0x31, 0x23, 0x29, 0x03, 0x29, 0x02, 0x31, 0x23, 0x28, 0xe2, 0x18, 0xa1, 0x30, 0x81, 0x58, 0xc2, 0x10, 0x81, 0x31, 0x02, 0x31, 0x23, 0x29, 0x02, 0x31, 0x44, 0x49, 0xa4, 0x51, 0xc4, 0x62, 0x25, 0x72, 0x87, 0x7a, 0xa7, 0x59, 0xe4, 0x72, 0x04, 0x00, 0x21, 0x08, 0x20, 0x08, 0x61, 0x29, 0x45, 0x08, 0x40,
  0x52, 0xaa, 0x39, 0xe7, 0x00, 0x20, 0x08, 0x20, 0x51, 0x82, 0x59, 0x82, 0x10, 0x81, 0x28, 0xe2, 0x20, 0xa1, 0x18, 0x81, 0x29, 0x02, 0x10, 0x61, 0x18, 0xa1, 0x20, 0xc2, 0x20, 0x81, 0x20, 0x81, 0x71, 0x63, 0xfd, 0xa1, 0x60, 0x61, 0x18, 0xa1, 0x30, 0xe2, 0x28, 0xe2, 0x20, 0xe2, 0x28, 0xe2, 0x30, 0xe2, 0x31, 0x02, 0x39, 0x22, 0x51, 0xe4, 0x6a, 0x46, 0x72, 0x04, 0x00, 0x21, 0x08, 0x20, 0x08, 0x61, 0x29, 0x45, 0x08, 0x40,
  0x52, 0xab, 0x41, 0xe7, 0x08, 0x20, 0x08, 0x20, 0x51, 0x62, 0x59, 0x82, 0x10, 0x61, 0x18, 0x80, 0x18, 0x81, 0x18, 0x81, 0x28, 0xe2, 0x18, 0xc2, 0x18, 0x81, 0x18, 0x60, 0x10, 0x81, 0x38, 0x83, 0xe3, 0x42, 0xff, 0xe0, 0x90, 0x00, 0x00, 0x81, 0x18, 0x81, 0x20, 0xa1, 0x39, 0x64, 0x39, 0x43, 0x28, 0xc1, 0x31, 0x02, 0x28, 0xc1, 0x6a, 0x66, 0x51, 0xc4, 0x72, 0x03, 0x00, 0x21, 0x08, 0x20, 0x10, 0x61, 0x29, 0x45, 0x08, 0x40,
  0x52, 0xab, 0x41, 0xe7, 0x08, 0x20, 0x08, 0x20, 0x51, 0x62, 0x61, 0xa2, 0x10, 0x61, 0x18, 0x81, 0x18, 0x80, 0x20, 0xc1, 0x31, 0x22, 0x10, 0x81, 0x10, 0x61, 0x10, 0x60, 0x28, 0xe2, 0x38, 0x02, 0xf4, 0x81, 0xff, 0xe0, 0xa0, 0x01, 0x10, 0xa1, 0x18, 0x81, 0x18, 0x61, 0x20, 0xc2, 0x49, 0xa4, 0x62, 0x05, 0x31, 0x02, 0x59, 0xc4, 0x62, 0x26, 0x49, 0x63, 0x72, 0x04, 0x00, 0x01, 0x08, 0x20, 0x08, 0x40, 0x29, 0x45, 0x08, 0x41,
  0x52, 0xcb, 0x39, 0xe7, 0x00, 0x20, 0x00, 0x20, 0x59, 0xc2, 0x71, 0xe3, 0x08, 0x40, 0x20, 0xa1, 0x28, 0xc1, 0x41, 0x63, 0x20, 0xc2, 0x10, 0x61, 0x10, 0x60, 0x20, 0xa1, 0x10, 0x60, 0x30, 0x23, 0xfc, 0x60, 0xff, 0xe0, 0x98, 0x01, 0x18, 0xa1, 0x20, 0xa1, 0x18, 0x81, 0x10, 0x81, 0x31, 0x22, 0x62, 0x25, 0x72, 0x66, 0x51, 0xc4, 0x49, 0x84, 0x49, 0x63, 0x82, 0x44, 0x00, 0x00, 0x08, 0x20, 0x08, 0x20, 0x21, 0x24, 0x08, 0x61,
  0x5a, 0xcb, 0x39, 0xc6, 0x08, 0x20, 0x08, 0x40, 0x51, 0x62, 0x69, 0xe3, 0x10, 0x81, 0x20, 0xa1, 0x39, 0x43, 0x39, 0x23, 0x20, 0xa1, 0x08, 0x40, 0x18, 0xa2, 0x18, 0xa1, 0x08, 0xa1, 0x60, 0x42, 0xfb, 0xe0, 0xff, 0xe0, 0xa0, 0x01, 0x20, 0xa1, 0x18, 0x81, 0x18, 0x61, 0x18, 0x81, 0x18, 0x81, 0x59, 0xe4, 0x6a, 0x46, 0x62, 0x05, 0x41, 0x43, 0x41, 0x62, 0x82, 0x24, 0x00, 0x01, 0x08, 0x20, 0x08, 0x20, 0x21, 0x24, 0x08, 0x61,
  0x52, 0xcb, 0x39, 0xc6, 0x08, 0x20, 0x08, 0x40, 0x49, 0x41, 0x69, 0xc3, 0x10, 0x61, 0x39, 0x22, 0x31, 0x22, 0x31, 0x02, 0x18, 0x60, 0x18, 0x81, 0x20, 0xa1, 0x10, 0x40, 0x29, 0x03, 0x58, 0x01, 0xfc, 0x60, 0xff, 0xe0, 0x98, 0x01, 0x20, 0xa1, 0x18, 0x81, 0x18, 0x61, 0x10, 0x61, 0x31, 0x23, 0x61, 0xe4, 0x51, 0xe5, 0x7a, 0x87, 0x31, 0x02, 0x49, 0x83, 0x82, 0x24, 0x00, 0x00, 0x08, 0x20, 0x00, 0x20, 0x21, 0x24, 0x08, 0x61,
  0x52, 0xcb, 0x39, 0xa6, 0x00, 0x20, 0x08, 0x40, 0x51, 0x62, 0x61, 0xa2, 0x20, 0xc1, 0x31, 0x02, 0x31, 0x02, 0x39, 0x22, 0x10, 0x60, 0x20, 0xc2, 0x10, 0x40, 0x18, 0xa1, 0x31, 0x02, 0x48, 0x00, 0xfc, 0xa0, 0xff, 0xe0, 0x90, 0x01, 0x20, 0xa1, 0x20, 0x81, 0x18, 0x60, 0x10, 0x81, 0x41, 0x63, 0x31, 0x02, 0x51, 0xa4, 0x6a, 0x66, 0x49, 0xa4, 0x41, 0x62, 0x82, 0x64, 0x00, 0x00, 0x08, 0x20, 0x08, 0x20, 0x21, 0x24, 0x08, 0x61,
  0x52, 0xcb, 0x39, 0xc6, 0x00, 0x20, 0x08, 0x40, 0x41, 0x21, 0x59, 0xa2, 0x39, 0x22, 0x28, 0xe1, 0x41, 0x43, 0x30, 0xe2, 0x20, 0xc1, 0x18, 0x81, 0x10, 0x40, 0x28, 0xe2, 0x18, 0xa1, 0x60, 0x01, 0xfc, 0x60, 0xff, 0x80, 0x98, 0x01, 0x20, 0xa1, 0x18, 0x81, 0x18, 0x60, 0x31, 0x23, 0x20, 0xa1, 0x20, 0xa1, 0x6a, 0x25, 0x51, 0xc4, 0x51, 0xc4, 0x51, 0x83, 0x7a, 0x44, 0x00, 0x01, 0x08, 0x20, 0x08, 0x20, 0x21, 0x24, 0x08, 0x61,
  0x52, 0xcb, 0x39, 0xc6, 0x00, 0x20, 0x10, 0x40, 0x39, 0x01, 0x51, 0x82, 0x41, 0x63, 0x30, 0xe1, 0x41, 0x63, 0x28, 0xe1, 0x28, 0xe2, 0x10, 0x40, 0x18, 0x81, 0x28, 0xe2, 0x10, 0x80, 0x60, 0x01, 0xfc, 0xc0, 0xff, 0xc0, 0x90, 0x01, 0x20, 0xa1, 0x18, 0x60, 0x28, 0xe2, 0x20, 0xe2, 0x20, 0xa1, 0x20, 0xa1, 0x62, 0x25, 0x51, 0xe4, 0x41, 0x63, 0x61, 0xe4, 0x82, 0x64, 0x00, 0x00, 0x08, 0x20, 0x08, 0x20, 0x21, 0x24, 0x08, 0x61,
  0x52, 0xcb, 0x39, 0xa6, 0x00, 0x20, 0x08, 0x40, 0x39, 0x01, 0x51, 0xa3, 0x39, 0x43, 0x30, 0xe2, 0x49, 0x83, 0x31, 0x22, 0x18, 0x81, 0x08, 0x40, 0x20, 0xa1, 0x20, 0x81, 0x18, 0x80, 0x60, 0x01, 0xfd, 0x00, 0xff, 0xe0, 0x88, 0x01, 0x18, 0xa0, 0x28, 0xc1, 0x28, 0xe2, 0x10, 0x81, 0x20, 0xa1, 0x31, 0x02, 0x62, 0x46, 0x62, 0x25, 0x39, 0x43, 0x6a, 0x05, 0x72, 0x23, 0x00, 0x00, 0x08, 0x20, 0x00, 0x20, 0x21, 0x24, 0x08, 0x61,
  0x52, 0xcb, 0x39, 0xa6, 0x00, 0x20, 0x08, 0x40, 0x39, 0x01, 0x59, 0xa3, 0x39, 0x43, 0x31, 0x02, 0x39, 0x43, 0x39, 0x22, 0x10, 0x40, 0x10, 0x81, 0x20, 0xa1, 0x18, 0x60, 0x18, 0x81, 0x60, 0x01, 0xfc, 0xc0, 0xff, 0x60, 0x90, 0x01, 0x28, 0xe1, 0x30, 0xe2, 0x10, 0x60, 0x18, 0xa1, 0x10, 0x61, 0x49, 0x63, 0x62, 0x46, 0x41, 0x43, 0x41, 0x63, 0x61, 0xe4, 0x72, 0x23, 0x00, 0x00, 0x08, 0x20, 0x08, 0x20, 0x21, 0x24, 0x08, 0x61,
  0x52, 0xab, 0x39, 0xa6, 0x00, 0x20, 0x08, 0x40, 0x39, 0x01, 0x59, 0xa3, 0x39, 0x22, 0x31, 0x02, 0x49, 0x84, 0x30, 0xc1, 0x10, 0x40, 0x20, 0xc2, 0x18, 0x81, 0x18, 0x60, 0x18, 0x81, 0x58, 0x01, 0xfd, 0x00, 0xff, 0xc0, 0x90, 0x01, 0x39, 0x43, 0x20, 0x81, 0x18, 0x60, 0x18, 0x81, 0x10, 0x61, 0x59, 0xe5, 0x62, 0x25, 0x30, 0xe1, 0x41, 0x63, 0x62, 0x04, 0x7a, 0x44, 0x00, 0x00, 0x08, 0x20, 0x08, 0x20, 0x21, 0x24, 0x08, 0x61,
  0x52, 0xaa, 0x31, 0xa6, 0x00, 0x20, 0x08, 0x20, 0x49, 0x21, 0x59, 0xa3, 0x41, 0x43, 0x39, 0x42, 0x39, 0x22, 0x28, 0xe1, 0x18, 0xa1, 0x20, 0xc2, 0x10, 0x40, 0x18, 0x60, 0x18, 0x80, 0x58, 0x01, 0xfd, 0x80, 0xff, 0xe0, 0x80, 0x83, 0x20, 0xc1, 0x18, 0x60, 0x18, 0x60, 0x18, 0x81, 0x18, 0x81, 0x5a, 0x05, 0x31, 0x02, 0x30, 0xe1, 0x51, 0xa4, 0x62, 0x04, 0x72, 0x24, 0x00, 0x00, 0x08, 0x20, 0x08, 0x20, 0x21, 0x24, 0x08, 0x61,
  0x52, 0xaa, 0x39, 0xc6, 0x00, 0x20, 0x08, 0x20, 0x41, 0x21, 0x51, 0x82, 0x41, 0x63, 0x41, 0x63, 0x39, 0x22, 0x20, 0x81, 0x31, 0x23, 0x18, 0x81, 0x10, 0x40, 0x18, 0x60, 0x18, 0xa1, 0x78, 0x01, 0xfc, 0x80, 0xfe, 0x02, 0x78, 0x62, 0x28, 0x80, 0x18, 0x60, 0x18, 0x60, 0x18, 0x61, 0x31, 0x23, 0x41, 0x83, 0x30, 0xe1, 0x20, 0xa1, 0x61, 0xe5, 0x61, 0xe4, 0x72, 0x04, 0x00, 0x00, 0x08, 0x20, 0x08, 0x60, 0x21, 0x24, 0x08, 0x61,
  0x52, 0x8a, 0x39, 0xa6, 0x00, 0x20, 0x08, 0x40, 0x39, 0x01, 0x51, 0x82, 0x39, 0x22, 0x51, 0xc4, 0x28, 0xc1, 0x20, 0xa1, 0x28, 0xe2, 0x18, 0xa1, 0x18, 0x81, 0x20, 0xa2, 0x30, 0xe2, 0x49, 0x43, 0xa2, 0xc3, 0xb2, 0x23, 0x69, 0x83, 0x28, 0xc1, 0x20, 0x81, 0x18, 0x60, 0x21, 0x02, 0x41, 0x84, 0x28, 0xc1, 0x30, 0xe1, 0x28, 0xa1, 0x62, 0x26, 0x51, 0xc4, 0x61, 0xc3, 0x00, 0x00, 0x08, 0x20, 0x08, 0x60, 0x21, 0x24, 0x08, 0x61,
  0x52, 0x8a, 0x39, 0xa6, 0x00, 0x20, 0x00, 0x20, 0x49, 0x21, 0x51, 0x82, 0x39, 0x43, 0x51, 0xc4, 0x20, 0xa1, 0x28, 0xc1, 0x20, 0xc2, 0x20, 0xe3, 0x29, 0x03, 0x29, 0x02, 0x20, 0xc2, 0x70, 0x42, 0xfc, 0x81, 0xff, 0xa1, 0x88, 0x62, 0x18, 0xc1, 0x28, 0xe2, 0x29, 0x02, 0x29, 0x23, 0x31, 0x43, 0x28, 0xa1, 0x28, 0xc1, 0x41, 0x43, 0x59, 0xe4, 0x31, 0x02, 0x51, 0x62, 0x00, 0x20, 0x08, 0x20, 0x10, 0x40, 0x21, 0x24, 0x08, 0x61,
  0x52, 0x8a, 0x31, 0xa6, 0x00, 0x20, 0x08, 0x20, 0x41, 0x21, 0x51, 0x62, 0x49, 0x83, 0x49, 0x83, 0x30, 0xe1, 0x41, 0x63, 0x39, 0x23, 0x18, 0xc2, 0x18, 0x60, 0x18, 0x81, 0x31, 0x23, 0x49, 0x04, 0xcb, 0x02, 0xf4, 0xe2, 0x51, 0x04, 0x39, 0x63, 0x20, 0xa1, 0x18, 0x60, 0x31, 0x44, 0x39, 0x84, 0x20, 0x80, 0x39, 0x22, 0x59, 0xe5, 0x49, 0xa4, 0x28, 0xc1, 0x39, 0x01, 0x00, 0x20, 0x08, 0x20, 0x10, 0x60, 0x21, 0x24, 0x08, 0x61,
  0x52, 0x8a, 0x31, 0x85, 0x00, 0x00, 0x00, 0x20, 0x41, 0x21, 0x51, 0x62, 0x49, 0xa4, 0x41, 0x43, 0x41, 0x83, 0x49, 0x83, 0x10, 0x61, 0x18, 0x81, 0x18, 0xa1, 0x20, 0x81, 0x18, 0xc1, 0x68, 0x21, 0xfc, 0x41, 0xfe, 0xc1, 0x80, 0x21, 0x18, 0xa1, 0x20, 0x81, 0x18, 0x81, 0x31, 0x64, 0x31, 0x23, 0x41, 0x43, 0x51, 0xc4, 0x31, 0x02, 0x41, 0x43, 0x20, 0xa1, 0x38, 0xe1, 0x00, 0x20, 0x08, 0x40, 0x10, 0x61, 0x21, 0x24, 0x08, 0x61,
  0x52, 0x8a, 0x31, 0x85, 0x00, 0x00, 0x00, 0x20, 0x41, 0x41, 0x59, 0xa3, 0x39, 0x43, 0x41, 0x63, 0x41, 0x83, 0x28, 0xc1, 0x20, 0xc2, 0x10, 0x81, 0x18, 0x61, 0x18, 0x61, 0x18, 0x81, 0x68, 0x41, 0xfc, 0x61, 0xff, 0x01, 0x80, 0x21, 0x10, 0x60, 0x18, 0x60, 0x18, 0x61, 0x31, 0x84, 0x31, 0x23, 0x41, 0x63, 0x51, 0xe5, 0x28, 0xc1, 0x28, 0xe2, 0x18, 0x80, 0x41, 0x01, 0x00, 0x20, 0x08, 0x40, 0x10, 0x61, 0x21, 0x24, 0x08, 0x61,
  0x52, 0x8a, 0x31, 0x85, 0x00, 0x00, 0x08, 0x20, 0x38, 0xe1, 0x59, 0xa3, 0x41, 0x83, 0x41, 0x83, 0x41, 0x43, 0x39, 0x22, 0x20, 0xa1, 0x10, 0x81, 0x10, 0x60, 0x18, 0x60, 0x18, 0xa1, 0x68, 0x21, 0xfc, 0x81, 0xfd, 0xe1, 0x68, 0x62, 0x20, 0xc1, 0x20, 0xa1, 0x20, 0xe2, 0x29, 0x03, 0x20, 0xc2, 0x39, 0x22, 0x51, 0xc4, 0x59, 0xc4, 0x18, 0xa1, 0x18, 0x80, 0x39, 0x01, 0x00, 0x20, 0x08, 0x40, 0x10, 0x61, 0x21, 0x24, 0x10, 0x61,
  0x4a, 0x8a, 0x31, 0x65, 0x00, 0x00, 0x00, 0x20, 0x38, 0xe1, 0x59, 0xc3, 0x49, 0xa4, 0x49, 0xa4, 0x39, 0x43, 0x20, 0xa1, 0x18, 0x81, 0x20, 0xc2, 0x20, 0xa1, 0x18, 0x81, 0x18, 0x81, 0x68, 0xa2, 0xe3, 0x42, 0xf4, 0x82, 0x68, 0x82, 0x18, 0x81, 0x18, 0x60, 0x20, 0xc2, 0x29, 0x03, 0x20, 0xc2, 0x20, 0xa1, 0x41, 0x22, 0x49, 0x83, 0x10, 0x61, 0x18, 0x80, 0x39, 0x01, 0x00, 0x20, 0x08, 0x40, 0x10, 0x60, 0x21, 0x24, 0x08, 0x61,
  0x4a, 0x8a, 0x31, 0x65, 0x00, 0x00, 0x00, 0x20, 0x41, 0x21, 0x59, 0xc3, 0x49, 0xa4, 0x49, 0xa4, 0x28, 0xe2, 0x20, 0xa1, 0x18, 0xa1, 0x10, 0x61, 0x18, 0xa1, 0x20, 0xc2, 0x28, 0xe2, 0x50, 0xc3, 0xdb, 0xe2, 0xfe, 0x21, 0x60, 0x41, 0x20, 0xc1, 0x28, 0xc1, 0x28, 0xe2, 0x18, 0x81, 0x18, 0xa1, 0x28, 0xa1, 0x30, 0xe1, 0x28, 0xe2, 0x20, 0xc2, 0x18, 0x60, 0x39, 0x01, 0x00, 0x20, 0x08, 0x40, 0x08, 0x60, 0x21, 0x24, 0x08, 0x41,
  0x4a, 0x8a, 0x29, 0x65, 0x00, 0x00, 0x00, 0x00, 0x41, 0x01, 0x62, 0x04, 0x59, 0xe4, 0x28, 0xe2, 0x28, 0xc1, 0x28, 0xc1, 0x18, 0x81, 0x10, 0x61, 0x18, 0x81, 0x20, 0xa1, 0x18, 0xa1, 0x68, 0x41, 0xeb, 0xc1, 0xfc, 0xe1, 0x68, 0x61, 0x18, 0xa1, 0x20, 0xa1, 0x20, 0xc2, 0x10, 0x61, 0x18, 0x81, 0x20, 0xa1, 0x31, 0x02, 0x18, 0x81, 0x18, 0xa1, 0x18, 0x60, 0x38, 0xe1, 0x00, 0x20, 0x08, 0x20, 0x08, 0x61, 0x21, 0x24, 0x08, 0x41,
  0x4a, 0x8a, 0x31, 0x65, 0x00, 0x00, 0x00, 0x00, 0x41, 0x21, 0x59, 0xe4, 0x49, 0x84, 0x39, 0x22, 0x31, 0x02, 0x28, 0xe1, 0x20, 0xa1, 0x18, 0xc2, 0x20, 0xe2, 0x20, 0xa1, 0x18, 0xa1, 0x70, 0x41, 0xfc, 0x81, 0xfe, 0x81, 0x70, 0x21, 0x10, 0x81, 0x28, 0xe2, 0x20, 0xa1, 0x18, 0xa1, 0x20, 0xc2, 0x28, 0xe1, 0x31, 0x02, 0x08, 0x40, 0x18, 0xa1, 0x20, 0xa1, 0x38, 0xe1, 0x00, 0x20, 0x08, 0x20, 0x08, 0x40, 0x21, 0x04, 0x08, 0x41,
  0x4a, 0x8a, 0x31, 0x65, 0x00, 0x00, 0x00, 0x00, 0x49, 0x41, 0x59, 0xc3, 0x31, 0x22, 0x39, 0x22, 0x31, 0x02, 0x30, 0xe2, 0x28, 0xe2, 0x20, 0xc2, 0x20, 0xa1, 0x28, 0xc2, 0x20, 0xc1, 0x58, 0xc2, 0xc3, 0x62, 0xec, 0xa1, 0x58, 0x82, 0x20, 0xa1, 0x31, 0x02, 0x20, 0xa1, 0x20, 0xe2, 0x29, 0x23, 0x39, 0x43, 0x39, 0x22, 0x00, 0x20, 0x18, 0x81, 0x28, 0xe1, 0x39, 0x01, 0x00, 0x20, 0x08, 0x20, 0x08, 0x61, 0x21, 0x04, 0x08, 0x61,
  0x4a, 0x8a, 0x31, 0x85, 0x00, 0x00, 0x00, 0x00, 0x49, 0x21, 0x59, 0xc3, 0x31, 0x22, 0x30, 0xe1, 0x28, 0xc1, 0x30, 0xe1, 0x20, 0xc1, 0x10, 0x81, 0x18, 0x61, 0x18, 0x81, 0x18, 0xa1, 0x90, 0x21, 0xfc, 0xc1, 0xfe, 0x61, 0x80, 0x01, 0x20, 0xc1, 0x20, 0xa1, 0x10, 0x60, 0x18, 0xa1, 0x10, 0x81, 0x31, 0x02, 0x20, 0xc1, 0x08, 0x20, 0x18, 0x81, 0x28, 0xe1, 0x38, 0xe1, 0x00, 0x20, 0x08, 0x40, 0x08, 0x40, 0x21, 0x04, 0x08, 0x41,
  0x4a, 0x8a, 0x29, 0x65, 0x00, 0x00, 0x00, 0x00, 0x49, 0x21, 0x59, 0xc3, 0x28, 0xc1, 0x31, 0x02, 0x28, 0xe1, 0x31, 0x22, 0x18, 0x81, 0x10, 0x81, 0x18, 0x81, 0x20, 0xa1, 0x18, 0xa1, 0x80, 0x61, 0xfc, 0x81, 0xfe, 0x21, 0x68, 0x01, 0x28, 0xe2, 0x20, 0xc2, 0x18, 0x60, 0x18, 0x81, 0x20, 0xc2, 0x39, 0x43, 0x08, 0x40, 0x10, 0x60, 0x18, 0x81, 0x30, 0xe2, 0x38, 0xe1, 0x00, 0x20, 0x08, 0x40, 0x08, 0x40, 0x18, 0xe3, 0x08, 0x41,
  0x4a, 0x69, 0x29, 0x65, 0x00, 0x00, 0x00, 0x00, 0x49, 0x41, 0x59, 0xc3, 0x20, 0xc1, 0x31, 0x02, 0x39, 0x42, 0x30, 0xe1, 0x18, 0x81, 0x10, 0x81, 0x18, 0x81, 0x20, 0xa1, 0x18, 0xa1, 0x80, 0x81, 0xfc, 0x61, 0xfe, 0x01, 0x68, 0x01, 0x29, 0x02, 0x20, 0xa1, 0x18, 0x81, 0x10, 0x81, 0x31, 0x03, 0x31, 0x02, 0x08, 0x60, 0x10, 0x61, 0x18, 0xa1, 0x30, 0xe2, 0x41, 0x01, 0x00, 0x20, 0x08, 0x40, 0x08, 0x40, 0x18, 0xe3, 0x08, 0x41,
  0x4a, 0x69, 0x29, 0x65, 0x00, 0x00, 0x00, 0x00, 0x49, 0x21, 0x59, 0xa3, 0x28, 0xe2, 0x30, 0xe1, 0x39, 0x42, 0x28, 0xa1, 0x18, 0x61, 0x10, 0x81, 0x18, 0x81, 0x18, 0x81, 0x20, 0xc1, 0x88, 0x61, 0xfc, 0x41, 0xfd, 0x81, 0x70, 0x01, 0x20, 0xe2, 0x18, 0x81, 0x18, 0x60, 0x20, 0xc2, 0x31, 0x43, 0x18, 0x61, 0x18, 0x81, 0x08, 0x40, 0x20, 0xc2, 0x28, 0xe1, 0x38, 0xe1, 0x00, 0x20, 0x08, 0x40, 0x08, 0x40, 0x18, 0xe3, 0x08, 0x41,
  0x4a, 0x69, 0x29, 0x45, 0x00, 0x00, 0x00, 0x00, 0x49, 0x21, 0x51, 0x82, 0x39, 0x22, 0x31, 0x02, 0x31, 0x02, 0x20, 0xa1, 0x18, 0x81, 0x10, 0x81, 0x18, 0x81, 0x20, 0xa1, 0x18, 0xc1, 0x88, 0x81, 0xfc, 0x81, 0xfd, 0xc1, 0x70, 0x62, 0x18, 0xc1, 0x20, 0xa1, 0x18, 0x61, 0x29, 0x03, 0x20, 0xe2, 0x18, 0x81, 0x18, 0xa1, 0x08, 0x40, 0x20, 0xe2, 0x18, 0xa1, 0x41, 0x01, 0x00, 0x20, 0x08, 0x20, 0x08, 0x40, 0x18, 0xe3, 0x08, 0x41,
  0x4a, 0x49, 0x29, 0x45, 0x00, 0x00, 0x00, 0x00, 0x51, 0x41, 0x49, 0x62, 0x49, 0x83, 0x30, 0xe1, 0x30, 0xe2, 0x28, 0xe2, 0x10, 0x61, 0x10, 0x81, 0x18, 0x81, 0x20, 0x81, 0x18, 0xc1, 0x88, 0x81, 0xf4, 0x61, 0xfd, 0x81, 0x58, 0xa3, 0x18, 0xa1, 0x20, 0x81, 0x20, 0xa1, 0x29, 0x02, 0x18, 0xa1, 0x20, 0xa1, 0x10, 0x81, 0x18, 0x81, 0x18, 0xa1, 0x18, 0x60, 0x39, 0x01, 0x00, 0x20, 0x08, 0x20, 0x08, 0x40, 0x18, 0xe3, 0x08, 0x61,
  0x4a, 0x49, 0x29, 0x25, 0x00, 0x00, 0x00, 0x00, 0x51, 0x41, 0x49, 0x41, 0x39, 0x22, 0x39, 0x22, 0x28, 0xa1, 0x30, 0xe2, 0x10, 0x60, 0x18, 0x81, 0x18, 0x81, 0x18, 0x81, 0x20, 0xc2, 0x88, 0x81, 0xfc, 0x20, 0xfd, 0x21, 0x50, 0x62, 0x28, 0xa1, 0x20, 0xa1, 0x28, 0xe2, 0x18, 0xc2, 0x18, 0xa1, 0x18, 0xa1, 0x10, 0x81, 0x29, 0x23, 0x08, 0x60, 0x18, 0x60, 0x39, 0x01, 0x00, 0x20, 0x08, 0x20, 0x08, 0x40, 0x18, 0xc3, 0x08, 0x61,
  0x42, 0x49, 0x29, 0x44, 0x00, 0x00, 0x00, 0x00, 0x51, 0x42, 0x49, 0x42, 0x28, 0xc1, 0x41, 0x63, 0x30, 0xe1, 0x20, 0xa1, 0x20, 0xa1, 0x10, 0x60, 0x18, 0x81, 0x20, 0xa1, 0x18, 0xa1, 0x80, 0x81, 0xfc, 0x20, 0xf5, 0x61, 0x50, 0xa2, 0x18, 0xa1, 0x28, 0xe2, 0x20, 0xa1, 0x18, 0x81, 0x29, 0x03, 0x18, 0x81, 0x20, 0xc2, 0x18, 0xc2, 0x00, 0x20, 0x18, 0x80, 0x39, 0x01, 0x00, 0x20, 0x08, 0x20, 0x08, 0x40, 0x18, 0xc3, 0x08, 0x41,
  0x42, 0x49, 0x21, 0x24, 0x00, 0x00, 0x00, 0x00, 0x49, 0x21, 0x41, 0x22, 0x28, 0xc1, 0x20, 0xa1, 0x39, 0x43, 0x28, 0xc1, 0x18, 0x81, 0x10, 0x81, 0x18, 0x60, 0x18, 0x81, 0x10, 0xa1, 0x80, 0x41, 0xfc, 0x80, 0xa3, 0xa1, 0x58, 0x41, 0x28, 0xc1, 0x20, 0xc2, 0x10, 0x60, 0x20, 0xc2, 0x20, 0xe2, 0x20, 0xc2, 0x20, 0xe2, 0x00, 0x20, 0x08, 0x20, 0x18, 0x60, 0x30, 0xe1, 0x00, 0x20, 0x00, 0x20, 0x08, 0x40, 0x18, 0xc3, 0x08, 0x41,
  0x42, 0x28, 0x29, 0x24, 0x00, 0x00, 0x00, 0x00, 0x41, 0x21, 0x41, 0x22, 0x28, 0xe1, 0x18, 0x60, 0x28, 0xc1, 0x31, 0x02, 0x18, 0x81, 0x18, 0x81, 0x10, 0x61, 0x10, 0x60, 0x08, 0x81, 0x78, 0x41, 0xe3, 0xe0, 0x91, 0xe1, 0x80, 0xe1, 0x18, 0xc2, 0x10, 0x61, 0x10, 0x60, 0x28, 0xe2, 0x29, 0x23, 0x20, 0xe2, 0x08, 0x61, 0x08, 0x20, 0x08, 0x20, 0x18, 0x60, 0x28, 0xc1, 0x00, 0x20, 0x08, 0x20, 0x08, 0x40, 0x10, 0xa2, 0x08, 0x41,
  0x42, 0x08, 0x21, 0x24, 0x00, 0x00, 0x00, 0x00, 0x41, 0x01, 0x41, 0x42, 0x20, 0xa1, 0x20, 0x80, 0x20, 0x80, 0x18, 0x60, 0x18, 0x81, 0x18, 0xa1, 0x18, 0xa1, 0x18, 0x81, 0x00, 0x60, 0x60, 0x00, 0xf4, 0x00, 0xb3, 0x81, 0x40, 0xa1, 0x08, 0x60, 0x20, 0xa1, 0x28, 0xe2, 0x29, 0x03, 0x18, 0xc2, 0x08, 0x40, 0x08, 0x40, 0x08, 0x40, 0x00, 0x20, 0x10, 0x60, 0x28, 0xc1, 0x00, 0x20, 0x08, 0x20, 0x08, 0x40, 0x10, 0xa2, 0x08, 0x41,
  0x3a, 0x08, 0x21, 0x24, 0x00, 0x00, 0x00, 0x00, 0x39, 0x01, 0x39, 0x21, 0x28, 0xe1, 0x20, 0xa1, 0x20, 0xa1, 0x20, 0xa1, 0x08, 0x40, 0x10, 0x61, 0x18, 0xa1, 0x20, 0xa2, 0x20, 0xa2, 0x40, 0x61, 0x79, 0x61, 0x61, 0x81, 0x40, 0x61, 0x28, 0xc2, 0x28, 0xe2, 0x18, 0xa1, 0x18, 0xa2, 0x10, 0x81, 0x10, 0x81, 0x10, 0x81, 0x08, 0x40, 0x08, 0x60, 0x10, 0x60, 0x28, 0xc1, 0x00, 0x20, 0x00, 0x20, 0x08, 0x40, 0x10, 0xa2, 0x08, 0x41,
  0x39, 0xe7, 0x21, 0x24, 0x00, 0x00, 0x00, 0x00, 0x38, 0xe1, 0x30, 0xe1, 0x18, 0x81, 0x18, 0x60, 0x20, 0x81, 0x18, 0x81, 0x08, 0x20, 0x08, 0x40, 0x08, 0x20, 0x08, 0x20, 0x08, 0x40, 0x00, 0x21, 0x92, 0xa3, 0xb2, 0xe3, 0x21, 0x01, 0x00, 0x20, 0x08, 0x40, 0x08, 0x40, 0x10, 0x81, 0x08, 0x61, 0x08, 0x40, 0x08, 0x61, 0x08, 0x20, 0x08, 0x40, 0x10, 0x60, 0x28, 0xc1, 0x00, 0x20, 0x00, 0x20, 0x08, 0x20, 0x10, 0xa2, 0x08, 0x41,
  0x39, 0xc7, 0x18, 0xe4, 0x00, 0x00, 0x00, 0x00, 0x49, 0x22, 0x39, 0x02, 0x10, 0x40, 0x20, 0xa1, 0x18, 0x81, 0x10, 0x40, 0x10, 0x61, 0x08, 0x40, 0x10, 0x41, 0x10, 0x61, 0x00, 0x00, 0x72, 0x02, 0x59, 0xa2, 0x08, 0x40, 0x82, 0x43, 0x00, 0x00, 0x10, 0x61, 0x10, 0x61, 0x08, 0x41, 0x10, 0xa2, 0x08, 0x40, 0x08, 0x20, 0x10, 0x61, 0x00, 0x20, 0x10, 0x60, 0x28, 0xe1, 0x00, 0x20, 0x00, 0x20, 0x00, 0x20, 0x10, 0x82, 0x08, 0x41,
  0x31, 0xa6, 0x18, 0xe3, 0x00, 0x00, 0x00, 0x00, 0x18, 0xa1, 0x41, 0x84, 0x49, 0xc5, 0x49, 0xe5, 0x51, 0xe5, 0x51, 0xc5, 0x31, 0x43, 0x31, 0x64, 0x31, 0x43, 0x31, 0x43, 0x21, 0x02, 0x49, 0xa3, 0x59, 0xa2, 0x28, 0xc1, 0x51, 0xc3, 0x29, 0x43, 0x31, 0x64, 0x31, 0x83, 0x31, 0xa5, 0x31, 0xa5, 0x29, 0x43, 0x29, 0x43, 0x21, 0x23, 0x21, 0x02, 0x21, 0x03, 0x18, 0xe2, 0x00, 0x00, 0x00, 0x00, 0x00, 0x20, 0x10, 0x82, 0x08, 0x40,
  0x31, 0x86, 0x18, 0xe3, 0x00, 0x20, 0x10, 0x40, 0x18, 0x81, 0x41, 0xc5, 0x51, 0xc5, 0x51, 0xe5, 0x5a, 0x05, 0x51, 0xc4, 0x39, 0x64, 0x31, 0x84, 0x39, 0x84, 0x39, 0x63, 0x31, 0x22, 0x20, 0xe2, 0x31, 0x22, 0x49, 0x42, 0x31, 0x23, 0x39, 0x63, 0x39, 0x84, 0x39, 0x64, 0x39, 0xc5, 0x39, 0xc5, 0x39, 0x84, 0x31, 0x63, 0x29, 0x23, 0x29, 0x23, 0x31, 0x43, 0x21, 0x03, 0x00, 0x20, 0x08, 0x41, 0x08, 0x41, 0x08, 0x81, 0x00, 0x20,
  0x29, 0x65, 0x18, 0xc3, 0x00, 0x00, 0x00, 0x00, 0x41, 0x21, 0xdd, 0x69, 0xde, 0x0c, 0x28, 0xa0, 0x00, 0x00, 0x08, 0x20, 0x00, 0x00, 0x00, 0x20, 0x20, 0xa1, 0x10, 0x40, 0x00, 0x00, 0x00, 0x00, 0x00, 0x00, 0x00, 0x00, 0x00, 0x00, 0x00, 0x00, 0x00, 0x00, 0x00, 0x00, 0x00, 0x20, 0x00, 0x00, 0x08, 0x20, 0x10, 0x20, 0x08, 0x20, 0x08, 0x20, 0x51, 0x83, 0x41, 0x43, 0x08, 0x61, 0x08, 0x61, 0x08, 0x41, 0x08, 0x61, 0x00, 0x20,
  0x29, 0x45, 0x10, 0xc2, 0x00, 0x00, 0x00, 0x00, 0x5a, 0x24, 0xe5, 0x6a, 0x72, 0xe8, 0x00, 0x00, 0x08, 0x00, 0x08, 0x20, 0x00, 0x00, 0x00, 0x20, 0x00, 0x00, 0x00, 0x00, 0x00, 0x00, 0x00, 0x00, 0x00, 0x00, 0x00, 0x00, 0x00, 0x00, 0x00, 0x00, 0x00, 0x00, 0x00, 0x00, 0x00, 0x20, 0x00, 0x20, 0x08, 0x00, 0x08, 0x20, 0x08, 0x20, 0x00, 0x00, 0x10, 0x60, 0x39, 0x02, 0x00, 0x20, 0x00, 0x20, 0x00, 0x20, 0x08, 0x41, 0x00, 0x20,
  0x21, 0x24, 0x10, 0xa2, 0x00, 0x00, 0x00, 0x00, 0x08, 0x20, 0x31, 0x01, 0x00, 0x00, 0x08, 0x20, 0x08, 0x20, 0x08, 0x20, 0x00, 0x00, 0x00, 0x20, 0x00, 0x20, 0x00, 0x00, 0x00, 0x00, 0x00, 0x00, 0x00, 0x00, 0x00, 0x00, 0x00, 0x00, 0x00, 0x00, 0x00, 0x00, 0x00, 0x00, 0x00, 0x20, 0x00, 0x20, 0x08, 0x20, 0x08, 0x20, 0x08, 0x00, 0x00, 0x00, 0x00, 0x00, 0x00, 0x20, 0x00, 0x20, 0x00, 0x20, 0x00, 0x20, 0x08, 0x41, 0x00, 0x20,
  0x21, 0x24, 0x10, 0xa2, 0x00, 0x00, 0x00, 0x20, 0x08, 0x20, 0x00, 0x00, 0x08, 0x20, 0x08, 0x20, 0x08, 0x20, 0x08, 0x20, 0x00, 0x00, 0x00, 0x00, 0x00, 0x00, 0x00, 0x00, 0x00, 0x00, 0x00, 0x00, 0x00, 0x00, 0x00, 0x00, 0x00, 0x00, 0x00, 0x00, 0x00, 0x00, 0x00, 0x00, 0x00, 0x20, 0x00, 0x20, 0x08, 0x20, 0x08, 0x20, 0x00, 0x00, 0x08, 0x00, 0x00, 0x00, 0x00, 0x00, 0x00, 0x00, 0x00, 0x20, 0x00, 0x20, 0x08, 0x41, 0x00, 0x20,
  0x21, 0x04, 0x10, 0x82, 0x00, 0x00, 0x00, 0x20, 0x08, 0x20, 0x08, 0x20, 0x08, 0x20, 0x08, 0x20, 0x08, 0x20, 0x08, 0x20, 0x00, 0x00, 0x00, 0x20, 0x00, 0x20, 0x00, 0x00, 0x00, 0x00, 0x00, 0x00, 0x00, 0x00, 0x00, 0x00, 0x00, 0x00, 0x00, 0x00, 0x00, 0x20, 0x00, 0x00, 0x00, 0x20, 0x00, 0x20, 0x00, 0x00, 0x08, 0x20, 0x08, 0x20, 0x00, 0x00, 0x00, 0x00, 0x00, 0x00, 0x00, 0x00, 0x00, 0x20, 0x00, 0x20, 0x00, 0x20, 0x00, 0x00,
  0x18, 0xe3, 0x08, 0x61, 0x00, 0x00, 0x00, 0x20, 0x08, 0x20, 0x08, 0x20, 0x08, 0x20, 0x08, 0x20, 0x08, 0x20, 0x08, 0x20, 0x00, 0x00, 0x00, 0x20, 0x00, 0x20, 0x00, 0x00, 0x00, 0x00, 0x00, 0x00, 0x00, 0x00, 0x00, 0x00, 0x00, 0x00, 0x00, 0x00, 0x00, 0x00, 0x00, 0x00, 0x00, 0x20, 0x00, 0x20, 0x00, 0x20, 0x08, 0x20, 0x08, 0x20, 0x00, 0x00, 0x00, 0x00, 0x00, 0x00, 0x00, 0x00, 0x00, 0x20, 0x00, 0x20, 0x00, 0x20, 0x00, 0x00,
  0x18, 0xc3, 0x08, 0x61, 0x00, 0x00, 0x00, 0x00, 0x00, 0x20, 0x00, 0x00, 0x08, 0x20, 0x08, 0x20, 0x08, 0x20, 0x00, 0x00, 0x00, 0x00, 0x00, 0x00, 0x00, 0x00, 0x00, 0x00, 0x00, 0x00, 0x00, 0x00, 0x00, 0x00, 0x00, 0x00, 0x00, 0x00, 0x00, 0x00, 0x00, 0x00, 0x00, 0x00, 0x00, 0x00, 0x00, 0x00, 0x00, 0x00, 0x00, 0x00, 0x00, 0x00, 0x00, 0x00, 0x00, 0x00, 0x00, 0x00, 0x00, 0x00, 0x00, 0x20, 0x00, 0x00, 0x00, 0x20, 0x00, 0x00,
  0x10, 0xa2, 0x08, 0x41, 0x00, 0x00, 0x00, 0x00, 0x00, 0x00, 0x00, 0x00, 0x08, 0x20, 0x08, 0x20, 0x08, 0x20, 0x00, 0x00, 0x00, 0x00, 0x00, 0x00, 0x00, 0x00, 0x00, 0x00, 0x00, 0x00, 0x00, 0x00, 0x00, 0x00, 0x00, 0x00, 0x00, 0x00, 0x00, 0x00, 0x00, 0x00, 0x00, 0x00, 0x00, 0x00, 0x00, 0x00, 0x00, 0x00, 0x00, 0x00, 0x00, 0x00, 0x00, 0x00, 0x00, 0x00, 0x00, 0x00, 0x00, 0x00, 0x00, 0x00, 0x00, 0x00, 0x00, 0x00, 0x00, 0x00
};

static const uint8_t vfd_35x67_2[4690] = {
  0x00, 0x00, 0x00, 0x00, 0x00, 0x00, 0x00, 0x00, 0x00, 0x00, 0x00, 0x00, 0x00, 0x00, 0x00, 0x00, 0x00, 0x00, 0x00, 0x00, 0x00, 0x00, 0x00, 0x00, 0x00, 0x00, 0x00, 0x00, 0x00, 0x00, 0x00, 0x00, 0x28, 0xe2, 0x61, 0xc4, 0x00, 0x00, 0x00, 0x00, 0x00, 0x00, 0x00, 0x00, 0x00, 0x00, 0x00, 0x00, 0x00, 0x00, 0x00, 0x00, 0x00, 0x00, 0x00, 0x00, 0x00, 0x00, 0x00, 0x00, 0x00, 0x00, 0x00, 0x00, 0x00, 0x00, 0x00, 0x00, 0x00, 0x00,
  0x00, 0x00, 0x00, 0x00, 0x00, 0x00, 0x00, 0x00, 0x00, 0x00, 0x00, 0x00, 0x00, 0x00, 0x00, 0x00, 0x00, 0x00, 0x00, 0x00, 0x00, 0x00, 0x00, 0x00, 0x00, 0x00, 0x00, 0x00, 0x00, 0x00, 0x00, 0x00, 0x31, 0x22, 0x49, 0x85, 0x00, 0x41, 0x00, 0x00, 0x00, 0x00, 0x00, 0x00, 0x00, 0x00, 0x00, 0x00, 0x00, 0x00, 0x00, 0x00, 0x00, 0x00, 0x00, 0x00, 0x00, 0x00, 0x00, 0x00, 0x00, 0x00, 0x00, 0x00, 0x00, 0x00, 0x00, 0x00, 0x00, 0x00,
  0x00, 0x00, 0x00, 0x00, 0x00, 0x00, 0x00, 0x00, 0x00, 0x00, 0x00, 0x00, 0x00, 0x00, 0x00, 0x00, 0x00, 0x00, 0x00, 0x00, 0x00, 0x00, 0x00, 0x00, 0x00, 0x00, 0x00, 0x00, 0x00, 0x00, 0x00, 0x00, 0x28, 0xe2, 0x59, 0xc5, 0x00, 0x21, 0x00, 0x00, 0x00, 0x00, 0x00, 0x00, 0x00, 0x00, 0x00, 0x00, 0x00, 0x00, 0x00, 0x00, 0x00, 0x00, 0x00, 0x00, 0x00, 0x00, 0x00, 0x00, 0x00, 0x00, 0x00, 0x00, 0x00, 0x00, 0x00, 0x00, 0x00, 0x00,
  0x00, 0x00, 0x00, 0x00, 0x00, 0x00, 0x00, 0x00, 0x00, 0x00, 0x00, 0x00, 0x00, 0x00, 0x00, 0x00, 0x00, 0x00, 0x00, 0x00, 0x00, 0x00, 0x00, 0x00, 0x00, 0x00, 0x00, 0x00, 0x00, 0x00, 0x00, 0x00, 0x49, 0x62, 0x61, 0xe3, 0x08, 0x41, 0x00, 0x00, 0x00, 0x00, 0x00, 0x00, 0x00, 0x00, 0x00, 0x00, 0x00, 0x00, 0x00, 0x00, 0x00, 0x00, 0x00, 0x00, 0x00, 0x00, 0x00, 0x00, 0x00, 0x00, 0x00, 0x00, 0x00, 0x00, 0x00, 0x00, 0x00, 0x00,
  0x00, 0x00, 0x00, 0x00, 0x00, 0x00, 0x00, 0x00, 0x00, 0x00, 0x00, 0x00, 0x00, 0x00, 0x00, 0x00, 0x00, 0x00, 0x00, 0x00, 0x00, 0x00, 0x00, 0x00, 0x00, 0x00, 0x00, 0x00, 0x00, 0x00, 0x7b, 0x28, 0xbb, 0xa8, 0x6a, 0x25, 0xab, 0xa8, 0x20, 0xc2, 0x00, 0x00, 0x00, 0x00, 0x00, 0x00, 0x00, 0x00, 0x00, 0x00, 0x00, 0x00, 0x00, 0x00, 0x00, 0x00, 0x00, 0x00, 0x00, 0x00, 0x00, 0x00, 0x00, 0x00, 0x00, 0x00, 0x00, 0x00, 0x00, 0x00,
  0x00, 0x00, 0x00, 0x00, 0x00, 0x00, 0x00, 0x00, 0x00, 0x00, 0x00, 0x00, 0x00, 0x00, 0x00, 0x00, 0x00, 0x00, 0x00, 0x00, 0x00, 0x00, 0x00, 0x00, 0x00, 0x00, 0x00, 0x00, 0x39, 0x64, 0x59, 0xc4, 0x6a, 0x45, 0x93, 0x07, 0x49, 0x83, 0x30, 0xe2, 0x08, 0x20, 0x00, 0x00, 0x00, 0x00, 0x00, 0x00, 0x00, 0x00, 0x00, 0x00, 0x00, 0x00, 0x00, 0x00, 0x00, 0x00, 0x00, 0x00, 0x00, 0x00, 0x00, 0x00, 0x00, 0x00, 0x00, 0x00, 0x00, 0x00,
  0x00, 0x00, 0x00, 0x00, 0x00, 0x00, 0x00, 0x00, 0x00, 0x00, 0x00, 0x00, 0x00, 0x00, 0x00, 0x00, 0x00, 0x00, 0x00, 0x00, 0x00, 0x00, 0x00, 0x00, 0x00, 0x00, 0x08, 0x20, 0x08, 0x40, 0x00, 0x00, 0x30, 0xe1, 0x49, 0x63, 0x08, 0x20, 0x08, 0x20, 0x08, 0x20, 0x08, 0x40, 0x08, 0x40, 0x00, 0x00, 0x00, 0x00, 0x00, 0x00, 0x00, 0x00, 0x00, 0x00, 0x00, 0x00, 0x00, 0x00, 0x00, 0x00, 0x00, 0x00, 0x00, 0x00, 0x00, 0x00, 0x00, 0x00,
  0x00, 0x00, 0x00, 0x00, 0x00, 0x00, 0x00, 0x00, 0x00, 0x00, 0x00, 0x00, 0x00, 0x00, 0x00, 0x00, 0x00, 0x00, 0x08, 0x20, 0x18, 0x60, 0x10, 0x40, 0x08, 0x20, 0x08, 0x20, 0x08, 0x20, 0x00, 0x00, 0x41, 0x62, 0x6a, 0x66, 0x00, 0x00, 0x08, 0x00, 0x08, 0x20, 0x08, 0x20, 0x08, 0x20, 0x08, 0x20, 0x08, 0x20, 0x08, 0x20, 0x00, 0x00, 0x00, 0x00, 0x00, 0x00, 0x00, 0x00, 0x00, 0x00, 0x00, 0x00, 0x00, 0x00, 0x00, 0x00, 0x00, 0x00,
  0x00, 0x00, 0x00, 0x00, 0x00, 0x00, 0x00, 0x00, 0x00, 0x00, 0x00, 0x00, 0x00, 0x00, 0x00, 0x00, 0x00, 0x00, 0x08, 0x20, 0x08, 0x20, 0x08, 0x40, 0x10, 0x81, 0x20, 0xc1, 0x28, 0xc1, 0x10, 0x61, 0x31, 0x43, 0x51, 0xc4, 0x10, 0x41, 0x10, 0x60, 0x10, 0x40, 0x08, 0x20, 0x00, 0x20, 0x08, 0x20, 0x10, 0x40, 0x08, 0x40, 0x08, 0x40, 0x08, 0x20, 0x08, 0x00, 0x08, 0x00, 0x00, 0x00, 0x00, 0x00, 0x00, 0x00, 0x00, 0x00, 0x00, 0x00,
  0x00, 0x00, 0x00, 0x00, 0x00, 0x20, 0x18, 0xa1, 0x00, 0x00, 0x21, 0x03, 0x42, 0x07, 0x6a, 0xc9, 0x7b, 0x08, 0x8b, 0x28, 0x8b, 0x07, 0x8a, 0xe7, 0x8a, 0xe7, 0x72, 0x45, 0x62, 0x05, 0x82, 0x65, 0x8a, 0xa6, 0x62, 0x25, 0x6a, 0x25, 0x62, 0x45, 0x5a, 0x25, 0x62, 0x46, 0x5a, 0x25, 0x39, 0x43, 0x20, 0xc2, 0x18, 0x81, 0x10, 0x61, 0x18, 0x81, 0x18, 0xa1, 0x10, 0x40, 0x08, 0x20, 0x41, 0xa6, 0x10, 0xa2, 0x00, 0x00, 0x00, 0x00,
  0x00, 0x00, 0x08, 0x00, 0x20, 0xe1, 0x62, 0xa9, 0x72, 0xa8, 0x62, 0x47, 0x8a, 0xc7, 0x7a, 0xa6, 0x7a, 0x86, 0x82, 0xe6, 0x9b, 0x68, 0x9b, 0x27, 0x82, 0x85, 0x6a, 0x25, 0x59, 0xe4, 0x82, 0x85, 0x93, 0x07, 0x59, 0xe5, 0x72, 0x66, 0x82, 0xa7, 0x8a, 0xe7, 0x92, 0xe7, 0x9b, 0x07, 0x9b, 0x27, 0x82, 0xe6, 0x93, 0x27, 0x93, 0x26, 0x41, 0x63, 0x29, 0x02, 0x39, 0x22, 0x31, 0x03, 0x31, 0x23, 0x39, 0x64, 0x10, 0x61, 0x00, 0x00,
  0x00, 0x00, 0x20, 0xe2, 0x73, 0x0a, 0x5a, 0x47, 0x28, 0xc1, 0x59, 0xc4, 0x82, 0x85, 0x72, 0x45, 0x82, 0xc6, 0x8a, 0xe6, 0x62, 0x04, 0x51, 0xa3, 0x59, 0xe4, 0x6a, 0x04, 0x41, 0x63, 0x18, 0x81, 0x18, 0xa1, 0x31, 0x02, 0x59, 0xe4, 0x7a, 0x86, 0x7a, 0xa6, 0x7a, 0xa6, 0x82, 0xa6, 0x8a, 0xc6, 0x8a, 0xc7, 0x9b, 0x47, 0xab, 0x88, 0x9b, 0x47, 0x49, 0x84, 0x28, 0xc1, 0x30, 0xe2, 0x31, 0x02, 0x20, 0xc2, 0x10, 0x61, 0x00, 0x00,
  0x00, 0x00, 0x7b, 0x8c, 0x5a, 0x47, 0x20, 0xa1, 0x28, 0xe1, 0x28, 0x60, 0x30, 0xe0, 0x94, 0x0a, 0x7a, 0xa6, 0x61, 0xe4, 0x62, 0x45, 0x6a, 0x65, 0x51, 0x83, 0x18, 0xa1, 0x18, 0x81, 0x18, 0x81, 0x18, 0x81, 0x18, 0x81, 0x20, 0xa1, 0x28, 0xe2, 0x62, 0x05, 0x7a, 0x86, 0x7a, 0xa6, 0x7a, 0xa6, 0x72, 0xa6, 0x7a, 0xc6, 0x7a, 0xc6, 0x62, 0x46, 0x5a, 0x26, 0x20, 0xc2, 0x30, 0xe2, 0x39, 0x42, 0x39, 0x63, 0x18, 0xa2, 0x18, 0x60,
  0x19, 0x04, 0x7a, 0xea, 0x41, 0x22, 0x20, 0xc2, 0xac, 0x8b, 0xff, 0x55, 0xff, 0xfc, 0xa3, 0x47, 0x93, 0x48, 0x93, 0x28, 0xa3, 0xa9, 0xa3, 0x68, 0x51, 0xa3, 0x59, 0xa3, 0x49, 0x63, 0x41, 0x42, 0x28, 0xa2, 0x39, 0x03, 0x41, 0x23, 0x49, 0x83, 0x49, 0x83, 0x7a, 0x66, 0xb3, 0x89, 0xb3, 0x88, 0xbb, 0x88, 0xb3, 0xa9, 0xb3, 0xc9, 0x9b, 0x07, 0xff, 0x0f, 0xfd, 0xce, 0x6a, 0x45, 0x51, 0x83, 0x49, 0x63, 0x29, 0x03, 0x10, 0x40,
  0x39, 0xc7, 0x5a, 0x47, 0x00, 0x00, 0x00, 0x00, 0xa4, 0x4c, 0xff, 0xff, 0xf5, 0x6e, 0x51, 0x62, 0xa3, 0xaa, 0x93, 0x48, 0x7a, 0x67, 0x41, 0x43, 0x41, 0x63, 0x51, 0xa4, 0x49, 0x84, 0x41, 0x84, 0xfe, 0x08, 0xf5, 0xa8, 0x72, 0xe6, 0x49, 0x84, 0x5a, 0x05, 0x39, 0x64, 0x93, 0x29, 0xb3, 0xaa, 0xc4, 0x0a, 0xc4, 0x2b, 0xd4, 0xcb, 0xab, 0x06, 0xdc, 0x28, 0xff, 0xb1, 0x18, 0xc2, 0x00, 0x00, 0x18, 0x81, 0x31, 0x03, 0x08, 0x40,
  0x42, 0x07, 0x49, 0xc5, 0x08, 0x20, 0x10, 0x61, 0x6a, 0x45, 0x92, 0x21, 0x00, 0x00, 0x31, 0x22, 0x28, 0xc1, 0x18, 0x40, 0x28, 0xc1, 0x00, 0x00, 0x08, 0x40, 0x18, 0x61, 0x00, 0x00, 0x9a, 0xe3, 0x8a, 0x62, 0x00, 0x00, 0xfc, 0xa4, 0x00, 0x00, 0x10, 0x40, 0x18, 0x61, 0x00, 0x00, 0x41, 0x42, 0x28, 0xa1, 0x18, 0x60, 0x41, 0x42, 0x18, 0x81, 0x28, 0x60, 0xab, 0x87, 0x08, 0x20, 0x10, 0x60, 0x18, 0x81, 0x29, 0x03, 0x08, 0x20,
  0x42, 0x08, 0x41, 0xa5, 0x08, 0x40, 0x10, 0xa1, 0x7a, 0x44, 0x69, 0x82, 0x08, 0x81, 0x28, 0xa1, 0x28, 0xa1, 0x20, 0xa1, 0x18, 0x60, 0x08, 0x40, 0x08, 0x40, 0x00, 0x20, 0x00, 0x20, 0x28, 0xa1, 0x51, 0x21, 0x71, 0xa1, 0x89, 0xa1, 0x00, 0x00, 0x08, 0x40, 0x08, 0x40, 0x18, 0x61, 0x30, 0xe2, 0x30, 0xe2, 0x39, 0x22, 0x31, 0x42, 0x49, 0x83, 0x59, 0xc3, 0xbb, 0x46, 0x00, 0x21, 0x10, 0x60, 0x18, 0xa1, 0x31, 0x23, 0x08, 0x20,
  0x42, 0x08, 0x49, 0xe6, 0x08, 0x40, 0x18, 0xa1, 0x72, 0x24, 0x89, 0xe2, 0x28, 0xe1, 0x41, 0x42, 0x41, 0x22, 0x41, 0x22, 0x39, 0x02, 0x10, 0x82, 0x28, 0x62, 0x40, 0xe2, 0x08, 0x42, 0x49, 0x01, 0x71, 0x40, 0x61, 0xa1, 0x61, 0x60, 0x20, 0xc2, 0x28, 0xc1, 0x48, 0xc1, 0x00, 0x42, 0x51, 0x63, 0x61, 0xc3, 0x72, 0x24, 0x8a, 0x85, 0x8a, 0x86, 0x7a, 0x44, 0xb3, 0x66, 0x00, 0x41, 0x10, 0x40, 0x18, 0xa1, 0x31, 0x23, 0x08, 0x40,
  0x42, 0x07, 0x49, 0xc5, 0x08, 0x20, 0x10, 0x81, 0x7a, 0x84, 0x9a, 0x23, 0x08, 0x81, 0x38, 0xe1, 0x38, 0xe1, 0x30, 0xc1, 0x30, 0xe3, 0x69, 0x02, 0xd3, 0x41, 0xfb, 0xa1, 0xeb, 0x81, 0xd3, 0x60, 0x61, 0xa1, 0xa9, 0x80, 0xbb, 0x41, 0xd3, 0x61, 0xfb, 0x81, 0xf3, 0x81, 0xaa, 0x41, 0x48, 0xe2, 0x18, 0xe3, 0x51, 0x63, 0x51, 0x83, 0x59, 0xe4, 0x92, 0x65, 0xb3, 0x66, 0x00, 0x21, 0x10, 0x40, 0x18, 0xa1, 0x31, 0x23, 0x08, 0x40,
  0x42, 0x07, 0x49, 0xc5, 0x08, 0x40, 0x10, 0x61, 0x7a, 0x84, 0xaa, 0x42, 0x10, 0x81, 0x28, 0xa0, 0x20, 0xa1, 0x20, 0x42, 0xc3, 0x23, 0xd3, 0x42, 0xfb, 0x61, 0xb9, 0x60, 0x10, 0x01, 0x00, 0x01, 0x28, 0x60, 0x48, 0x60, 0x00, 0x00, 0x00, 0x01, 0x48, 0xa1, 0xfa, 0xa0, 0xca, 0xe1, 0xf4, 0x42, 0xaa, 0xa3, 0x20, 0x84, 0x41, 0x62, 0x7a, 0x45, 0x71, 0xe3, 0xbb, 0x25, 0x00, 0x42, 0x10, 0x40, 0x18, 0xa1, 0x31, 0x23, 0x08, 0x41,
  0x41, 0xe7, 0x49, 0xc6, 0x08, 0x20, 0x10, 0x81, 0x7a, 0x84, 0xba, 0x82, 0x18, 0x81, 0x20, 0xa1, 0x30, 0x62, 0xfc, 0x42, 0x7a, 0x22, 0x89, 0x22, 0x30, 0x01, 0x00, 0x00, 0x20, 0x81, 0x28, 0x80, 0x38, 0xa0, 0x30, 0x80, 0x28, 0x60, 0x20, 0x60, 0x00, 0x40, 0x00, 0x00, 0x88, 0xc1, 0x81, 0x84, 0xec, 0xe3, 0xb3, 0x23, 0x39, 0x04, 0x6a, 0x04, 0x69, 0xc2, 0xc3, 0x05, 0x00, 0x21, 0x10, 0x40, 0x18, 0x81, 0x29, 0x03, 0x08, 0x40,
  0x41, 0xe7, 0x41, 0x85, 0x08, 0x20, 0x10, 0x81, 0x82, 0xe4, 0xd2, 0xe3, 0x08, 0x81, 0x18, 0x02, 0xfd, 0x22, 0xd4, 0xa3, 0x38, 0x22, 0x08, 0x21, 0x08, 0x40, 0x20, 0x81, 0x18, 0x40, 0x28, 0x81, 0x30, 0x80, 0x30, 0xa0, 0x28, 0x80, 0x20, 0x60, 0x20, 0x60, 0x20, 0x60, 0x00, 0x20, 0x69, 0x03, 0x9b, 0x25, 0xec, 0x84, 0x9a, 0x64, 0x31, 0x44, 0x69, 0xa2, 0xcb, 0x45, 0x00, 0x01, 0x10, 0x60, 0x10, 0x61, 0x20, 0xe3, 0x08, 0x61,
  0x41, 0xe8, 0x39, 0x85, 0x08, 0x20, 0x10, 0x81, 0x72, 0x64, 0xca, 0xe2, 0x00, 0x81, 0xbb, 0x02, 0xf4, 0x82, 0x51, 0x43, 0x38, 0xa1, 0x10, 0x40, 0x20, 0x81, 0x18, 0x60, 0x18, 0x60, 0x28, 0x80, 0x28, 0x60, 0x30, 0xa0, 0x28, 0x60, 0x20, 0x60, 0x18, 0x60, 0x18, 0x60, 0x10, 0x60, 0x28, 0xa1, 0x79, 0x85, 0xd4, 0x04, 0xfe, 0x03, 0x20, 0x63, 0x69, 0x82, 0xd3, 0x24, 0x00, 0x21, 0x10, 0x60, 0x10, 0x61, 0x20, 0xe3, 0x08, 0x61,
  0x41, 0xe7, 0x39, 0x85, 0x08, 0x40, 0x18, 0xa2, 0x6a, 0x23, 0xaa, 0x82, 0x18, 0x02, 0xfd, 0x22, 0xa2, 0x82, 0x28, 0x82, 0x28, 0x80, 0x18, 0x61, 0x20, 0x81, 0x10, 0x40, 0x20, 0xa1, 0x20, 0x60, 0x28, 0x80, 0x30, 0xa1, 0x28, 0x60, 0x20, 0x60, 0x18, 0x60, 0x18, 0x60, 0x10, 0x40, 0x39, 0x02, 0x92, 0x24, 0x69, 0xa5, 0xcb, 0x84, 0xcb, 0x42, 0x51, 0x42, 0xcb, 0x04, 0x00, 0x01, 0x10, 0x40, 0x10, 0x60, 0x20, 0xe2, 0x08, 0x61,
  0x39, 0xe7, 0x39, 0x84, 0x08, 0x20, 0x10, 0xa2, 0x7a, 0x63, 0xa2, 0x02, 0xaa, 0xe2, 0xfc, 0x82, 0x48, 0xa2, 0x59, 0x62, 0x20, 0x80, 0x28, 0xa1, 0x10, 0x40, 0x18, 0x60, 0x20, 0x81, 0x18, 0x40, 0x28, 0x80, 0x28, 0xa1, 0x20, 0x60, 0x18, 0x60, 0x18, 0x60, 0x18, 0x60, 0x08, 0x40, 0x59, 0x62, 0x51, 0x82, 0x61, 0x84, 0xaa, 0xc4, 0xf4, 0xe1, 0x89, 0x42, 0xb3, 0x24, 0x00, 0x01, 0x10, 0x60, 0x10, 0x60, 0x20, 0xe2, 0x08, 0x61,
  0x39, 0xe7, 0x39, 0x84, 0x08, 0x20, 0x18, 0xc2, 0x6a, 0x22, 0xca, 0x01, 0xec, 0xa1, 0xb2, 0xc2, 0x38, 0xe3, 0x49, 0x22, 0x30, 0xc1, 0x18, 0x61, 0x10, 0x40, 0x20, 0x81, 0x18, 0x60, 0x18, 0x40, 0x20, 0x80, 0x28, 0xa1, 0x20, 0x60, 0x18, 0x60, 0x18, 0x60, 0x18, 0x40, 0x28, 0xa1, 0x28, 0xa1, 0x49, 0x42, 0x69, 0xe4, 0x48, 0xe4, 0xfc, 0x42, 0xd3, 0x81, 0xa2, 0x84, 0x00, 0x42, 0x10, 0x61, 0x10, 0x61, 0x20, 0xe2, 0x08, 0x61,
  0x41, 0xe7, 0x39, 0x64, 0x08, 0x40, 0x18, 0xc2, 0x49, 0xa2, 0xda, 0xc1, 0xfd, 0x22, 0x59, 0x43, 0x49, 0x63, 0x41, 0x22, 0x38, 0xe1, 0x10, 0x40, 0x18, 0x61, 0x20, 0xa1, 0x10, 0x20, 0x18, 0x40, 0x20, 0x80, 0x28, 0xa1, 0x20, 0x60, 0x18, 0x60, 0x18, 0x40, 0x28, 0xa1, 0x20, 0x81, 0x20, 0xa1, 0x49, 0x42, 0x69, 0xe4, 0x51, 0x64, 0xc4, 0x02, 0xf4, 0x01, 0xa2, 0x44, 0x00, 0x42, 0x10, 0x60, 0x10, 0x61, 0x20, 0xe2, 0x10, 0x61,
  0x39, 0xc7, 0x39, 0x64, 0x08, 0x20, 0x18, 0xc2, 0x51, 0x42, 0xfc, 0x01, 0xfe, 0x62, 0x50, 0xc3, 0x59, 0x83, 0x49, 0x42, 0x20, 0xa1, 0x10, 0x20, 0x18, 0x81, 0x18, 0x60, 0x10, 0x20, 0x18, 0x60, 0x20, 0x81, 0x28, 0xa1, 0x20, 0x60, 0x18, 0x40, 0x20, 0x81, 0x20, 0xa1, 0x10, 0x40, 0x28, 0xa1, 0x51, 0x62, 0x72, 0x04, 0x61, 0xc4, 0xa2, 0x62, 0xf3, 0xa1, 0xa2, 0x63, 0x00, 0x01, 0x10, 0x40, 0x10, 0x61, 0x20, 0xe2, 0x10, 0x61,
  0x39, 0xc7, 0x39, 0x64, 0x00, 0x20, 0x18, 0xc2, 0x51, 0x82, 0xfb, 0xe1, 0xec, 0x42, 0x49, 0x03, 0x51, 0x83, 0x49, 0x42, 0x10, 0x60, 0x10, 0x60, 0x18, 0x81, 0x10, 0x20, 0x10, 0x40, 0x18, 0x40, 0x20, 0x81, 0x28, 0xa1, 0x20, 0x60, 0x20, 0x60, 0x20, 0xa1, 0x10, 0x40, 0x10, 0x40, 0x18, 0x60, 0x59, 0xa3, 0x72, 0x24, 0x39, 0x23, 0xcb, 0x62, 0xf3, 0xc1, 0xaa, 0x83, 0x00, 0x01, 0x10, 0x60, 0x10, 0x61, 0x20, 0xe3, 0x10, 0x61,
  0x39, 0xc7, 0x39, 0x64, 0x00, 0x20, 0x18, 0xc1, 0x59, 0xc2, 0xa2, 0x22, 0x41, 0x03, 0x41, 0x42, 0x61, 0xc4, 0x39, 0x22, 0x10, 0x60, 0x20, 0x81, 0x18, 0x61, 0x10, 0x40, 0x10, 0x40, 0x18, 0x60, 0x20, 0x81, 0x28, 0xa1, 0x20, 0x60, 0x28, 0xa1, 0x18, 0x60, 0x18, 0x40, 0x10, 0x40, 0x18, 0x60, 0x72, 0x04, 0x6a, 0x04, 0x18, 0x22, 0xfc, 0x22, 0xf3, 0x61, 0xa2, 0x83, 0x00, 0x01, 0x10, 0x60, 0x10, 0x61, 0x20, 0xe3, 0x10, 0x61,
  0x39, 0xc7, 0x39, 0x64, 0x00, 0x20, 0x18, 0xa1, 0x6a, 0x03, 0x82, 0x23, 0x41, 0x83, 0x51, 0x83, 0x51, 0x63, 0x39, 0x22, 0x20, 0xa1, 0x20, 0x81, 0x10, 0x40, 0x10, 0x40, 0x10, 0x40, 0x18, 0x60, 0x20, 0x81, 0x28, 0xa1, 0x28, 0xa1, 0x18, 0x60, 0x18, 0x40, 0x18, 0x60, 0x10, 0x40, 0x18, 0x60, 0x7a, 0x24, 0x51, 0x62, 0x20, 0x22, 0xfd, 0xe1, 0xda, 0xa1, 0xa2, 0x83, 0x00, 0x01, 0x10, 0x60, 0x10, 0x61, 0x29, 0x03, 0x10, 0x61,
  0x39, 0xc7, 0x41, 0x84, 0x00, 0x20, 0x10, 0x81, 0x6a, 0x03, 0x82, 0x23, 0x51, 0x83, 0x59, 0xa3, 0x51, 0x63, 0x28, 0xe1, 0x30, 0xe2, 0x18, 0x60, 0x10, 0x40, 0x10, 0x40, 0x18, 0x40, 0x18, 0x40, 0x20, 0x81, 0x30, 0xc1, 0x28, 0x81, 0x18, 0x40, 0x18, 0x40, 0x18, 0x40, 0x10, 0x40, 0x38, 0xe2, 0x61, 0xa3, 0x49, 0x42, 0x38, 0x83, 0xf4, 0x02, 0x89, 0x42, 0xb2, 0xe3, 0x00, 0x01, 0x10, 0x60, 0x18, 0x81, 0x29, 0x03, 0x10, 0x61,
  0x39, 0xc7, 0x41, 0x84, 0x00, 0x20, 0x18, 0xa1, 0x59, 0xe3, 0x7a, 0x03, 0x49, 0x62, 0x61, 0xe4, 0x39, 0x22, 0x30, 0xe1, 0x30, 0xe2, 0x18, 0x81, 0x18, 0x61, 0x20, 0x81, 0x20, 0x81, 0x20, 0xa1, 0x28, 0xc1, 0x30, 0xc1, 0x30, 0xa1, 0x20, 0x60, 0x18, 0x60, 0x18, 0x60, 0x20, 0x61, 0x49, 0x42, 0x49, 0x42, 0x28, 0xa2, 0xb2, 0xa3, 0xe4, 0xc2, 0x60, 0xc2, 0xa2, 0x42, 0x00, 0x00, 0x10, 0x60, 0x18, 0x81, 0x29, 0x03, 0x10, 0x61,
  0x39, 0xc7, 0x39, 0x84, 0x00, 0x20, 0x10, 0x81, 0x6a, 0x03, 0x7a, 0x03, 0x51, 0x83, 0x61, 0xe4, 0x39, 0x02, 0x39, 0x02, 0x28, 0xc1, 0x20, 0xa2, 0x28, 0xc2, 0x20, 0xa1, 0x18, 0x60, 0x20, 0x60, 0x20, 0x81, 0x28, 0x80, 0x28, 0x80, 0x20, 0x80, 0x28, 0xa1, 0x30, 0xc1, 0x28, 0xa1, 0x41, 0x02, 0x39, 0x02, 0x28, 0x04, 0xfd, 0xe1, 0xc3, 0x62, 0x48, 0xa1, 0x92, 0x02, 0x00, 0x00, 0x10, 0x61, 0x18, 0xa1, 0x29, 0x03, 0x10, 0x61,
  0x39, 0xc7, 0x39, 0x64, 0x00, 0x20, 0x10, 0x81, 0x6a, 0x03, 0x7a, 0x03, 0x59, 0xc3, 0x59, 0xa3, 0x41, 0x22, 0x51, 0x83, 0x39, 0x22, 0x18, 0x81, 0x10, 0x40, 0x18, 0x60, 0x20, 0xa1, 0x20, 0xa1, 0x28, 0xa1, 0x28, 0xa1, 0x30, 0xc1, 0x30, 0xe1, 0x20, 0x80, 0x20, 0x60, 0x30, 0xa1, 0x20, 0xc2, 0x28, 0x03, 0xfd, 0xa2, 0xfe, 0xa1, 0x38, 0x23, 0x48, 0xe1, 0x71, 0x61, 0x00, 0x00, 0x10, 0x61, 0x18, 0x81, 0x29, 0x03, 0x10, 0x61,
  0x39, 0xc7, 0x39, 0x64, 0x00, 0x20, 0x10, 0x81, 0x61, 0xe3, 0x7a, 0x03, 0x51, 0xc4, 0x51, 0x83, 0x51, 0xa3, 0x59, 0xa3, 0x08, 0x40, 0x10, 0x60, 0x18, 0x81, 0x18, 0x60, 0x20, 0x60, 0x20, 0x60, 0x28, 0x80, 0x30, 0xa0, 0x30, 0x80, 0x20, 0x80, 0x10, 0x41, 0x08, 0x01, 0x00, 0x02, 0x59, 0x02, 0xf5, 0x02, 0xff, 0xc1, 0x30, 0x03, 0x41, 0x82, 0x40, 0xa0, 0x79, 0x61, 0x00, 0x00, 0x10, 0x61, 0x18, 0x81, 0x29, 0x03, 0x10, 0x61,
  0x39, 0xc7, 0x39, 0x64, 0x00, 0x20, 0x10, 0x61, 0x62, 0x03, 0x82, 0x43, 0x41, 0x83, 0x51, 0x83, 0x51, 0x83, 0x31, 0x02, 0x28, 0xc1, 0x10, 0x60, 0x18, 0x60, 0x18, 0x60, 0x20, 0x60, 0x28, 0x60, 0x30, 0xa1, 0x28, 0x21, 0x20, 0x01, 0x40, 0x01, 0x69, 0x42, 0xaa, 0x61, 0xe4, 0xa2, 0xec, 0xa1, 0xf4, 0x82, 0x40, 0x84, 0x41, 0x02, 0x30, 0xe1, 0x30, 0x80, 0x81, 0x81, 0x00, 0x00, 0x10, 0x61, 0x18, 0xa1, 0x29, 0x03, 0x10, 0x61,
  0x39, 0xc7, 0x39, 0x44, 0x00, 0x20, 0x10, 0x81, 0x59, 0xc3, 0x82, 0x43, 0x51, 0xa3, 0x51, 0x83, 0x49, 0x63, 0x49, 0x42, 0x20, 0xa1, 0x18, 0x60, 0x18, 0x60, 0x20, 0x60, 0x20, 0x80, 0x08, 0x01, 0x40, 0x21, 0xb2, 0x61, 0xfd, 0x41, 0xfd, 0xa0, 0xfd, 0xc0, 0xfe, 0xa0, 0x92, 0x81, 0x81, 0x42, 0x38, 0x43, 0x69, 0xc4, 0x71, 0xe3, 0x18, 0x81, 0x30, 0x80, 0x79, 0x61, 0x00, 0x00, 0x10, 0x61, 0x18, 0x81, 0x29, 0x03, 0x10, 0x61,
  0x39, 0xc7, 0x31, 0x44, 0x00, 0x00, 0x10, 0x61, 0x59, 0xe3, 0x82, 0x43, 0x51, 0xc4, 0x59, 0xa3, 0x49, 0x63, 0x38, 0xe1, 0x20, 0x81, 0x20, 0x81, 0x28, 0xa1, 0x08, 0x01, 0x30, 0x01, 0xfc, 0xa1, 0xfd, 0x60, 0xfe, 0x40, 0xeb, 0x80, 0x89, 0x61, 0x30, 0x01, 0x10, 0x01, 0x08, 0x01, 0x08, 0x61, 0x41, 0x02, 0x59, 0x83, 0x59, 0xa3, 0x10, 0x60, 0x28, 0x80, 0x71, 0x61, 0x00, 0x00, 0x10, 0x60, 0x18, 0x81, 0x29, 0x03, 0x08, 0x41,
  0x39, 0xc7, 0x31, 0x44, 0x00, 0x00, 0x08, 0x41, 0x6a, 0x03, 0x82, 0x23, 0x49, 0xa3, 0x59, 0xa3, 0x41, 0x22, 0x38, 0xe1, 0x28, 0xa1, 0x08, 0x41, 0x08, 0x02, 0x81, 0x62, 0xfc, 0x81, 0xfe, 0x40, 0xaa, 0x00, 0x38, 0x00, 0x10, 0x01, 0x10, 0x41, 0x20, 0xa1, 0x30, 0xa1, 0x18, 0x40, 0x28, 0xa1, 0x41, 0x22, 0x49, 0x42, 0x38, 0xe1, 0x20, 0xa1, 0x20, 0x60, 0x69, 0x81, 0x00, 0x00, 0x10, 0x60, 0x18, 0x81, 0x29, 0x03, 0x08, 0x41,
  0x39, 0xc6, 0x31, 0x44, 0x00, 0x00, 0x08, 0x41, 0x61, 0xe2, 0x82, 0x43, 0x59, 0xe4, 0x41, 0x22, 0x39, 0x01, 0x41, 0x01, 0x18, 0x81, 0x18, 0x02, 0xfc, 0xa1, 0xfe, 0x80, 0x99, 0xc1, 0x00, 0x01, 0x18, 0x00, 0x28, 0x80, 0x38, 0xa0, 0x28, 0x80, 0x28, 0x80, 0x28, 0xa1, 0x18, 0x40, 0x20, 0x81, 0x39, 0x02, 0x49, 0x62, 0x18, 0x81, 0x18, 0x81, 0x20, 0x60, 0x61, 0x61, 0x00, 0x00, 0x10, 0x40, 0x18, 0x81, 0x29, 0x03, 0x08, 0x41,
  0x39, 0xc6, 0x31, 0x24, 0x00, 0x00, 0x00, 0x41, 0x69, 0xe2, 0x7a, 0x23, 0x51, 0x83, 0x49, 0x42, 0x49, 0x22, 0x41, 0x22, 0x08, 0x03, 0xfd, 0xa1, 0xfe, 0xa0, 0x30, 0x01, 0x00, 0x01, 0x30, 0x80, 0x30, 0xa0, 0x30, 0x80, 0x30, 0xa0, 0x28, 0x60, 0x30, 0xa1, 0x20, 0xa1, 0x18, 0x60, 0x28, 0xa1, 0x41, 0x22, 0x51, 0x42, 0x00, 0x20, 0x18, 0x81, 0x28, 0xa1, 0x61, 0x61, 0x00, 0x00, 0x10, 0x40, 0x18, 0x81, 0x29, 0x03, 0x00, 0x20,
  0x39, 0xc6, 0x31, 0x24, 0x00, 0x00, 0x08, 0x41, 0x6a, 0x02, 0x7a, 0x03, 0x39, 0x42, 0x49, 0x42, 0x41, 0x22, 0x28, 0x23, 0xfd, 0x41, 0xf3, 0xe1, 0x00, 0x01, 0x10, 0x61, 0x28, 0x80, 0x28, 0x80, 0x28, 0xa1, 0x28, 0x80, 0x30, 0xa1, 0x20, 0x80, 0x30, 0xc1, 0x20, 0x81, 0x18, 0x81, 0x30, 0xe2, 0x49, 0x83, 0x49, 0x43, 0x00, 0x20, 0x18, 0x61, 0x30, 0xe1, 0x69, 0x61, 0x00, 0x00, 0x10, 0x40, 0x18, 0x81, 0x29, 0x03, 0x10, 0x41,
  0x39, 0xa6, 0x31, 0x24, 0x00, 0x00, 0x00, 0x41, 0x6a, 0x02, 0x7a, 0x03, 0x41, 0x22, 0x41, 0x01, 0x18, 0x02, 0xf4, 0x22, 0xff, 0xe0, 0x20, 0x02, 0x18, 0x61, 0x28, 0x60, 0x28, 0x60, 0x28, 0x60, 0x28, 0x80, 0x28, 0xa0, 0x28, 0x80, 0x20, 0x81, 0x20, 0x81, 0x18, 0x40, 0x18, 0x60, 0x10, 0x40, 0x41, 0x43, 0x28, 0xe2, 0x08, 0x20, 0x18, 0x61, 0x30, 0xc1, 0x61, 0x61, 0x00, 0x00, 0x10, 0x40, 0x18, 0x81, 0x29, 0x03, 0x08, 0x41,
  0x39, 0xa6, 0x29, 0x23, 0x00, 0x00, 0x08, 0x20, 0x6a, 0x02, 0x7a, 0x02, 0x38, 0xe1, 0x30, 0xc2, 0x89, 0x42, 0xfe, 0x40, 0x40, 0x01, 0x00, 0x01, 0x28, 0x60, 0x20, 0x80, 0x20, 0x60, 0x28, 0x80, 0x28, 0xa1, 0x28, 0x81, 0x28, 0xa0, 0x28, 0xa1, 0x20, 0xa1, 0x18, 0x60, 0x10, 0x60, 0x20, 0xa1, 0x49, 0x84, 0x08, 0x40, 0x10, 0x40, 0x10, 0x61, 0x30, 0xe1, 0x61, 0x61, 0x00, 0x00, 0x10, 0x40, 0x18, 0x81, 0x29, 0x03, 0x08, 0x41,
  0x39, 0xa6, 0x31, 0x24, 0x00, 0x00, 0x00, 0x20, 0x69, 0xe2, 0x82, 0x02, 0x30, 0xe1, 0x48, 0x03, 0xff, 0xa0, 0xfc, 0x21, 0x00, 0x01, 0x20, 0x60, 0x20, 0x60, 0x20, 0x60, 0x20, 0x60, 0x20, 0x80, 0x28, 0x81, 0x20, 0x80, 0x28, 0xa1, 0x28, 0xc1, 0x18, 0x81, 0x18, 0x60, 0x10, 0x40, 0x30, 0xe2, 0x41, 0x43, 0x08, 0x20, 0x10, 0x60, 0x18, 0x81, 0x38, 0xe1, 0x69, 0x82, 0x00, 0x00, 0x10, 0x40, 0x10, 0x81, 0x29, 0x03, 0x08, 0x41,
  0x39, 0xa6, 0x31, 0x23, 0x00, 0x00, 0x00, 0x40, 0x61, 0xc2, 0x92, 0x01, 0x00, 0x02, 0xe4, 0x01, 0xff, 0xa0, 0x30, 0x02, 0x18, 0x60, 0x20, 0x60, 0x20, 0x60, 0x20, 0x60, 0x20, 0x60, 0x20, 0x60, 0x28, 0x81, 0x20, 0x81, 0x20, 0xa1, 0x20, 0xa1, 0x18, 0x60, 0x10, 0x60, 0x18, 0x61, 0x31, 0x02, 0x20, 0xc1, 0x10, 0x61, 0x08, 0x40, 0x20, 0xa1, 0x30, 0xe1, 0x61, 0x62, 0x00, 0x00, 0x10, 0x40, 0x18, 0x61, 0x29, 0x03, 0x08, 0x41,
  0x39, 0xa6, 0x29, 0x23, 0x00, 0x00, 0x00, 0x20, 0x61, 0xc2, 0x81, 0xc1, 0x30, 0x22, 0xff, 0xa0, 0xba, 0x41, 0x18, 0x41, 0x28, 0x80, 0x18, 0x60, 0x20, 0x60, 0x20, 0x60, 0x18, 0x60, 0x20, 0x80, 0x28, 0xa1, 0x20, 0x81, 0x28, 0xc1, 0x20, 0x81, 0x18, 0x60, 0x18, 0x60, 0x28, 0xa1, 0x28, 0xc2, 0x20, 0xa1, 0x18, 0x61, 0x08, 0x40, 0x28, 0xc2, 0x20, 0x81, 0x61, 0x82, 0x00, 0x00, 0x10, 0x40, 0x18, 0x61, 0x29, 0x03, 0x08, 0x41,
  0x39, 0xa6, 0x29, 0x23, 0x00, 0x00, 0x00, 0x41, 0x69, 0xc2, 0x81, 0xa1, 0x29, 0x02, 0xff, 0x01, 0x48, 0x62, 0x41, 0x21, 0x20, 0x80, 0x18, 0x60, 0x20, 0x60, 0x18, 0x60, 0x18, 0x60, 0x20, 0x80, 0x28, 0xa1, 0x28, 0xa1, 0x30, 0xe1, 0x20, 0x81, 0x18, 0x60, 0x20, 0xa1, 0x28, 0xc1, 0x20, 0x81, 0x20, 0xa1, 0x10, 0x61, 0x18, 0x81, 0x18, 0x81, 0x18, 0x60, 0x69, 0x82, 0x00, 0x00, 0x10, 0x40, 0x18, 0x81, 0x29, 0x03, 0x10, 0x61,
  0x39, 0xa6, 0x29, 0x03, 0x00, 0x00, 0x08, 0x41, 0x59, 0xc2, 0xa1, 0xc1, 0x71, 0xe1, 0x69, 0x22, 0x30, 0xa1, 0x49, 0x21, 0x20, 0x60, 0x18, 0x60, 0x20, 0x60, 0x20, 0x60, 0x20, 0x80, 0x28, 0x80, 0x28, 0xa1, 0x28, 0xa1, 0x28, 0xc1, 0x20, 0x81, 0x18, 0x81, 0x28, 0xc1, 0x20, 0x81, 0x20, 0x81, 0x20, 0xa1, 0x10, 0x61, 0x30, 0xe2, 0x10, 0x60, 0x20, 0x80, 0x61, 0x82, 0x00, 0x00, 0x10, 0x40, 0x18, 0x81, 0x29, 0x03, 0x10, 0x61,
  0x31, 0xa6, 0x29, 0x03, 0x00, 0x00, 0x08, 0x61, 0x51, 0xa2, 0x90, 0xa1, 0xfe, 0x60, 0x49, 0x82, 0x38, 0xe1, 0x40, 0xe1, 0x28, 0xa1, 0x18, 0x40, 0x20, 0x60, 0x20, 0x80, 0x20, 0x60, 0x28, 0x80, 0x28, 0x80, 0x28, 0xa1, 0x30, 0xc1, 0x20, 0x60, 0x28, 0xa1, 0x20, 0xa1, 0x18, 0x60, 0x30, 0xe2, 0x18, 0x81, 0x28, 0xa1, 0x20, 0xa1, 0x00, 0x20, 0x20, 0x80, 0x69, 0x82, 0x00, 0x00, 0x10, 0x40, 0x18, 0x61, 0x29, 0x03, 0x08, 0x61,
  0x31, 0x86, 0x29, 0x03, 0x00, 0x00, 0x00, 0x41, 0x41, 0x42, 0xa9, 0xc0, 0xfd, 0xe0, 0x40, 0x21, 0x41, 0x21, 0x41, 0x01, 0x28, 0x80, 0x18, 0x60, 0x20, 0x60, 0x20, 0x60, 0x20, 0x60, 0x28, 0x80, 0x28, 0x80, 0x28, 0xa1, 0x30, 0xa0, 0x28, 0xa1, 0x20, 0xa1, 0x18, 0x60, 0x28, 0xa1, 0x28, 0xc1, 0x28, 0xa1, 0x28, 0xc1, 0x08, 0x40, 0x00, 0x20, 0x28, 0x80, 0x71, 0xa2, 0x00, 0x00, 0x10, 0x40, 0x18, 0x81, 0x29, 0x03, 0x08, 0x61,
  0x31, 0x86, 0x28, 0xe3, 0x00, 0x00, 0x00, 0x61, 0x49, 0x42, 0xca, 0x40, 0xfe, 0x00, 0x18, 0x01, 0x38, 0xe1, 0x41, 0x21, 0x20, 0x80, 0x20, 0x60, 0x20, 0x60, 0x18, 0x40, 0x20, 0x60, 0x30, 0x60, 0x30, 0x80, 0x28, 0xa0, 0x38, 0xa0, 0x28, 0xa1, 0x18, 0x60, 0x20, 0x80, 0x30, 0xc1, 0x38, 0xe1, 0x28, 0xa1, 0x10, 0x60, 0x10, 0x40, 0x08, 0x40, 0x38, 0xa0, 0x79, 0x82, 0x00, 0x00, 0x10, 0x40, 0x18, 0x81, 0x29, 0x03, 0x08, 0x61,
  0x31, 0xa6, 0x28, 0xe3, 0x00, 0x00, 0x00, 0x61, 0x41, 0x02, 0xeb, 0xa0, 0xfc, 0xc1, 0x00, 0x02, 0x10, 0x01, 0x08, 0x01, 0x00, 0x01, 0x00, 0x01, 0x10, 0x01, 0x40, 0x41, 0x08, 0x00, 0x10, 0x01, 0x38, 0x81, 0x28, 0x60, 0x20, 0x41, 0x10, 0x01, 0x30, 0x21, 0x18, 0x21, 0x00, 0x02, 0x08, 0x02, 0x00, 0x01, 0x00, 0x01, 0x00, 0x01, 0x00, 0x00, 0x20, 0x80, 0x89, 0xc2, 0x00, 0x00, 0x10, 0x40, 0x18, 0x81, 0x29, 0x03, 0x10, 0x61,
  0x31, 0x86, 0x20, 0xe3, 0x00, 0x00, 0x00, 0x61, 0x49, 0x21, 0xda, 0x40, 0xfd, 0xe0, 0xfc, 0x61, 0xfd, 0xa0, 0xfd, 0xe0, 0xfb, 0x80, 0xfd, 0x80, 0xcc, 0x20, 0x91, 0xc0, 0xba, 0xa1, 0xf3, 0xc1, 0x69, 0x60, 0x69, 0xc0, 0xd3, 0x21, 0xbb, 0x41, 0xc3, 0x81, 0xfc, 0xc0, 0xfe, 0x40, 0xfc, 0x00, 0xfd, 0x40, 0xfe, 0x80, 0xfc, 0x40, 0xfd, 0x80, 0xe9, 0x80, 0x59, 0x81, 0x00, 0x00, 0x10, 0x40, 0x18, 0x81, 0x29, 0x03, 0x10, 0x61,
  0x31, 0x86, 0x20, 0xe3, 0x00, 0x00, 0x00, 0x41, 0x49, 0x82, 0x79, 0x01, 0x8a, 0x41, 0xb3, 0x01, 0xb3, 0x61, 0xbb, 0xc1, 0xa2, 0x21, 0xab, 0x01, 0xbb, 0x01, 0xaa, 0x81, 0x79, 0xe1, 0x71, 0x21, 0xd4, 0x05, 0xe4, 0x25, 0xd3, 0xa3, 0x8a, 0x21, 0xb2, 0xc1, 0xa2, 0x41, 0xa3, 0x21, 0x91, 0xe1, 0x92, 0x21, 0x9a, 0xc1, 0x79, 0x61, 0x8a, 0x00, 0x80, 0xe0, 0x71, 0xa2, 0x00, 0x00, 0x10, 0x40, 0x18, 0x81, 0x29, 0x03, 0x10, 0x61,
  0x31, 0x86, 0x20, 0xe3, 0x00, 0x00, 0x00, 0x20, 0x61, 0xe3, 0x71, 0xa2, 0x00, 0x81, 0x10, 0x82, 0x08, 0x62, 0x00, 0x42, 0x00, 0x21, 0x00, 0x01, 0x00, 0x21, 0x00, 0x21, 0x00, 0x00, 0x72, 0xc3, 0x9a, 0xe3, 0x00, 0x00, 0xdc, 0x66, 0x00, 0x01, 0x00, 0x41, 0x00, 0x61, 0x00, 0x41, 0x00, 0x82, 0x00, 0x61, 0x00, 0x41, 0x00, 0x61, 0x00, 0x20, 0x20, 0xa0, 0x9a, 0x23, 0x00, 0x00, 0x10, 0x40, 0x18, 0x61, 0x29, 0x03, 0x10, 0x61,
  0x31, 0x65, 0x18, 0xe2, 0x00, 0x00, 0x00, 0x20, 0x20, 0xc2, 0x41, 0x63, 0x49, 0xa4, 0x49, 0xe4, 0x5a, 0x05, 0x5a, 0x05, 0x31, 0x43, 0x31, 0x64, 0x31, 0x64, 0x31, 0x43, 0x28, 0xe2, 0x62, 0x24, 0x92, 0xe4, 0x49, 0x82, 0x82, 0xe6, 0x31, 0x64, 0x49, 0xc4, 0x49, 0xe5, 0x52, 0x05, 0x51, 0xe5, 0x49, 0xc4, 0x49, 0xc4, 0x49, 0xa4, 0x41, 0xa4, 0x39, 0x64, 0x31, 0x64, 0x00, 0x00, 0x08, 0x20, 0x10, 0x61, 0x29, 0x03, 0x10, 0x61,
  0x29, 0x65, 0x29, 0x03, 0x08, 0x40, 0x28, 0xc1, 0x28, 0xc1, 0x49, 0xc5, 0x5a, 0x05, 0x6a, 0x66, 0x6a, 0x66, 0x6a, 0x46, 0x41, 0x84, 0x39, 0x84, 0x49, 0xc4, 0x49, 0xa4, 0x41, 0x63, 0x29, 0x02, 0x49, 0x83, 0x72, 0x84, 0x39, 0x63, 0x59, 0xe5, 0x62, 0x25, 0x5a, 0x06, 0x62, 0x46, 0x62, 0x46, 0x6a, 0x46, 0x62, 0x26, 0x51, 0xe5, 0x5a, 0x05, 0x5a, 0x26, 0x49, 0xc5, 0x08, 0x41, 0x30, 0xe2, 0x31, 0x02, 0x31, 0x23, 0x08, 0x61,
  0x29, 0x65, 0x20, 0xe3, 0x08, 0x20, 0x10, 0x20, 0x62, 0x04, 0xff, 0xd3, 0xff, 0xfa, 0x51, 0x62, 0x08, 0x20, 0x20, 0xa1, 0x00, 0x00, 0x00, 0x00, 0x28, 0xe2, 0x20, 0xc1, 0x00, 0x00, 0x00, 0x20, 0x00, 0x00, 0x00, 0x00, 0x00, 0x00, 0x00, 0x00, 0x08, 0x20, 0x00, 0x00, 0x00, 0x20, 0x00, 0x00, 0x18, 0x81, 0x31, 0x02, 0x18, 0xa1, 0x00, 0x00, 0xfd, 0x8c, 0xdc, 0x8a, 0x20, 0xe3, 0x28, 0xe2, 0x29, 0x02, 0x28, 0xe3, 0x10, 0x61,
  0x29, 0x65, 0x18, 0xc2, 0x00, 0x00, 0x00, 0x00, 0x7b, 0x27, 0xff, 0xf5, 0xac, 0x6e, 0x00, 0x00, 0x18, 0x80, 0x18, 0x81, 0x00, 0x00, 0x00, 0x00, 0x00, 0x00, 0x00, 0x00, 0x00, 0x00, 0x00, 0x00, 0x08, 0x20, 0x08, 0x20, 0x00, 0x00, 0x00, 0x00, 0x00, 0x00, 0x00, 0x00, 0x00, 0x20, 0x00, 0x00, 0x10, 0x81, 0x20, 0xc1, 0x20, 0xc1, 0x00, 0x00, 0x39, 0x01, 0xbc, 0x09, 0x00, 0x00, 0x10, 0x81, 0x18, 0xa2, 0x20, 0xe2, 0x10, 0x61,
  0x29, 0x45, 0x18, 0xc3, 0x00, 0x00, 0x10, 0x61, 0x20, 0xa1, 0x49, 0xc4, 0x08, 0x00, 0x18, 0xa1, 0x20, 0xa1, 0x18, 0x81, 0x00, 0x00, 0x00, 0x00, 0x00, 0x20, 0x00, 0x00, 0x00, 0x00, 0x00, 0x00, 0x08, 0x20, 0x08, 0x20, 0x08, 0x00, 0x00, 0x00, 0x08, 0x20, 0x00, 0x20, 0x00, 0x20, 0x00, 0x20, 0x18, 0x81, 0x28, 0xe2, 0x18, 0xa1, 0x18, 0x60, 0x00, 0x00, 0x00, 0x20, 0x00, 0x00, 0x20, 0xa1, 0x20, 0xc2, 0x20, 0xe3, 0x10, 0x61,
  0x29, 0x45, 0x18, 0xc3, 0x00, 0x00, 0x18, 0x61, 0x18, 0x81, 0x08, 0x40, 0x20, 0xa1, 0x20, 0xc1, 0x20, 0xa1, 0x18, 0x81, 0x00, 0x00, 0x00, 0x00, 0x00, 0x00, 0x00, 0x00, 0x00, 0x00, 0x00, 0x00, 0x08, 0x00, 0x08, 0x20, 0x00, 0x00, 0x08, 0x20, 0x08, 0x20, 0x00, 0x20, 0x00, 0x20, 0x00, 0x20, 0x18, 0xa1, 0x18, 0xa1, 0x18, 0x81, 0x20, 0xa1, 0x10, 0x40, 0x10, 0x61, 0x00, 0x00, 0x20, 0xa1, 0x20, 0xc2, 0x20, 0xe3, 0x10, 0x61,
  0x29, 0x45, 0x18, 0xc2, 0x00, 0x00, 0x10, 0x61, 0x18, 0xa1, 0x18, 0x81, 0x20, 0xc1, 0x20, 0xa1, 0x20, 0xa1, 0x18, 0x81, 0x00, 0x00, 0x00, 0x00, 0x00, 0x20, 0x00, 0x20, 0x00, 0x20, 0x00, 0x00, 0x00, 0x00, 0x08, 0x40, 0x08, 0x00, 0x08, 0x00, 0x08, 0x20, 0x00, 0x20, 0x00, 0x20, 0x00, 0x20, 0x10, 0x61, 0x18, 0xa1, 0x28, 0xe2, 0x20, 0xa1, 0x10, 0x40, 0x10, 0x60, 0x00, 0x00, 0x20, 0xa1, 0x20, 0xc2, 0x20, 0xe3, 0x10, 0x61,
  0x29, 0x24, 0x18, 0xc2, 0x00, 0x00, 0x10, 0x61, 0x20, 0xa1, 0x18, 0x81, 0x20, 0xc1, 0x20, 0xa1, 0x20, 0xa1, 0x18, 0x81, 0x00, 0x00, 0x00, 0x20, 0x08, 0x20, 0x00, 0x20, 0x08, 0x20, 0x00, 0x00, 0x00, 0x00, 0x10, 0x40, 0x08, 0x20, 0x08, 0x00, 0x00, 0x00, 0x00, 0x00, 0x08, 0x20, 0x08, 0x20, 0x18, 0x81, 0x28, 0xe2, 0x28, 0xe2, 0x20, 0xa1, 0x10, 0x40, 0x10, 0x60, 0x00, 0x00, 0x20, 0xa1, 0x20, 0xc2, 0x20, 0xe2, 0x08, 0x61,
  0x21, 0x24, 0x18, 0xa2, 0x00, 0x00, 0x10, 0x61, 0x18, 0xa1, 0x18, 0x81, 0x28, 0xe1, 0x20, 0xc1, 0x20, 0xa1, 0x18, 0x60, 0x00, 0x00, 0x00, 0x00, 0x00, 0x00, 0x00, 0x00, 0x00, 0x00, 0x00, 0x00, 0x00, 0x00, 0x10, 0x60, 0x08, 0x20, 0x00, 0x00, 0x00, 0x00, 0x00, 0x00, 0x00, 0x00, 0x00, 0x00, 0x00, 0x00, 0x08, 0x20, 0x20, 0xa1, 0x18, 0x80, 0x08, 0x20, 0x10, 0x60, 0x00, 0x00, 0x20, 0xa1, 0x20, 0xc2, 0x20, 0xe2, 0x10, 0x61,
  0x21, 0x04, 0x18, 0xa2, 0x00, 0x00, 0x10, 0x40, 0x10, 0x60, 0x10, 0x40, 0x20, 0xc1, 0x20, 0xc1, 0x20, 0xa1, 0x18, 0x81, 0x08, 0x40, 0x08, 0x40, 0x00, 0x20, 0x00, 0x00, 0x00, 0x00, 0x00, 0x00, 0x18, 0x40, 0x18, 0x40, 0x10, 0x40, 0x00, 0x00, 0x00, 0x00, 0x00, 0x00, 0x08, 0x20, 0x08, 0x20, 0x00, 0x00, 0x00, 0x00, 0x00, 0x00, 0x00, 0x20, 0x00, 0x00, 0x00, 0x00, 0x00, 0x00, 0x08, 0x20, 0x08, 0x20, 0x08, 0x61, 0x00, 0x20
};

static const uint8_t vfd_35x67_3[4690] = {
  0x00, 0x00, 0x00, 0x00, 0x00, 0x00, 0x00, 0x00, 0x00, 0x00, 0x00, 0x00, 0x00, 0x00, 0x00, 0x00, 0x00, 0x00, 0x00, 0x00, 0x00, 0x00, 0x00, 0x00, 0x00, 0x00, 0x00, 0x00, 0x00, 0x00, 0x00, 0x00, 0x28, 0xe2, 0x49, 0xa4, 0x00, 0x00, 0x00, 0x00, 0x00, 0x00, 0x00, 0x00, 0x00, 0x00, 0x00, 0x00, 0x00, 0x00, 0x00, 0x00, 0x00, 0x00, 0x00, 0x00, 0x00, 0x00, 0x00, 0x00, 0x00, 0x00, 0x00, 0x00, 0x00, 0x00, 0x00, 0x00, 0x00, 0x00,
  0x00, 0x00, 0x00, 0x00, 0x00, 0x00, 0x00, 0x00, 0x00, 0x00, 0x00, 0x00, 0x00, 0x00, 0x00, 0x00, 0x00, 0x00, 0x00, 0x00, 0x00, 0x00, 0x00, 0x00, 0x00, 0x00, 0x00, 0x00, 0x00, 0x00, 0x00, 0x00, 0x31, 0x23, 0x41, 0xa5, 0x00, 0x20, 0x00, 0x00, 0x00, 0x00, 0x00, 0x00, 0x00, 0x00, 0x00, 0x00, 0x00, 0x00, 0x00, 0x00, 0x00, 0x00, 0x00, 0x00, 0x00, 0x00, 0x00, 0x00, 0x00, 0x00, 0x00, 0x00, 0x00, 0x00, 0x00, 0x00, 0x00, 0x00,
  0x00, 0x00, 0x00, 0x00, 0x00, 0x00, 0x00, 0x00, 0x00, 0x00, 0x00, 0x00, 0x00, 0x00, 0x00, 0x00, 0x00, 0x00, 0x00, 0x00, 0x00, 0x00, 0x00, 0x00, 0x00, 0x00, 0x00, 0x00, 0x00, 0x00, 0x00, 0x00, 0x28, 0xc2, 0x59, 0xa5, 0x00, 0x01, 0x00, 0x00, 0x00, 0x00, 0x00, 0x00, 0x00, 0x00, 0x00, 0x00, 0x00, 0x00, 0x00, 0x00, 0x00, 0x00, 0x00, 0x00, 0x00, 0x00, 0x00, 0x00, 0x00, 0x00, 0x00, 0x00, 0x00, 0x00, 0x00, 0x00, 0x00, 0x00,
  0x00, 0x00, 0x00, 0x00, 0x00, 0x00, 0x00, 0x00, 0x00, 0x00, 0x00, 0x00, 0x00, 0x00, 0x00, 0x00, 0x00, 0x00, 0x00, 0x00, 0x00, 0x00, 0x00, 0x00, 0x00, 0x00, 0x00, 0x00, 0x00, 0x00, 0x00, 0x00, 0x49, 0x62, 0x59, 0xa3, 0x00, 0x21, 0x00, 0x00, 0x00, 0x00, 0x00, 0x00, 0x00, 0x00, 0x00, 0x00, 0x00, 0x00, 0x00, 0x00, 0x00, 0x00, 0x00, 0x00, 0x00, 0x00, 0x00, 0x00, 0x00, 0x00, 0x00, 0x00, 0x00, 0x00, 0x00, 0x00, 0x00, 0x00,
  0x00, 0x00, 0x00, 0x00, 0x00, 0x00, 0x00, 0x00, 0x00, 0x00, 0x00, 0x00, 0x00, 0x00, 0x00, 0x00, 0x00, 0x00, 0x00, 0x00, 0x00, 0x00, 0x00, 0x00, 0x00, 0x00, 0x00, 0x00, 0x00, 0x00, 0x73, 0x29, 0x92, 0xc6, 0x51, 0xa4, 0x93, 0x27, 0x10, 0xa1, 0x00, 0x00, 0x00, 0x00, 0x00, 0x00, 0x00, 0x00, 0x00, 0x00, 0x00, 0x00, 0x00, 0x00, 0x00, 0x00, 0x00, 0x00, 0x00, 0x00, 0x00, 0x00, 0x00, 0x00, 0x00, 0x00, 0x00, 0x00, 0x00, 0x00,
  0x00, 0x00, 0x00, 0x00, 0x00, 0x00, 0x00, 0x00, 0x00, 0x00, 0x00, 0x00, 0x00, 0x00, 0x00, 0x00, 0x00, 0x00, 0x00, 0x00, 0x00, 0x00, 0x00, 0x00, 0x00, 0x00, 0x00, 0x20, 0x39, 0x85, 0x51, 0xa4, 0x62, 0x25, 0x7a, 0x86, 0x39, 0x23, 0x29, 0x02, 0x08, 0x20, 0x00, 0x00, 0x00, 0x00, 0x00, 0x00, 0x00, 0x00, 0x00, 0x00, 0x00, 0x00, 0x00, 0x00, 0x00, 0x00, 0x00, 0x00, 0x00, 0x00, 0x00, 0x00, 0x00, 0x00, 0x00, 0x00, 0x00, 0x00,
  0x00, 0x00, 0x00, 0x00, 0x00, 0x00, 0x00, 0x00, 0x00, 0x00, 0x00, 0x00, 0x00, 0x00, 0x00, 0x00, 0x00, 0x00, 0x00, 0x00, 0x00, 0x00, 0x00, 0x00, 0x00, 0x00, 0x08, 0x20, 0x08, 0x40, 0x00, 0x20, 0x28, 0xc1, 0x39, 0x23, 0x08, 0x40, 0x08, 0x20, 0x08, 0x00, 0x08, 0x40, 0x08, 0x40, 0x00, 0x00, 0x00, 0x00, 0x00, 0x00, 0x00, 0x00, 0x00, 0x00, 0x00, 0x00, 0x00, 0x00, 0x00, 0x00, 0x00, 0x00, 0x00, 0x00, 0x00, 0x00, 0x00, 0x00,
  0x00, 0x00, 0x00, 0x00, 0x00, 0x00, 0x00, 0x00, 0x00, 0x00, 0x00, 0x00, 0x00, 0x00, 0x00, 0x00, 0x00, 0x00, 0x08, 0x20, 0x10, 0x40, 0x10, 0x40, 0x08, 0x20, 0x08, 0x20, 0x00, 0x00, 0x00, 0x00, 0x39, 0x42, 0x5a, 0x06, 0x00, 0x00, 0x00, 0x00, 0x08, 0x00, 0x00, 0x00, 0x08, 0x00, 0x08, 0x20, 0x08, 0x20, 0x08, 0x00, 0x00, 0x00, 0x00, 0x00, 0x00, 0x00, 0x00, 0x00, 0x00, 0x00, 0x00, 0x00, 0x00, 0x00, 0x00, 0x00, 0x00, 0x00,
  0x00, 0x00, 0x00, 0x00, 0x00, 0x00, 0x00, 0x00, 0x00, 0x00, 0x00, 0x00, 0x00, 0x00, 0x00, 0x00, 0x08, 0x20, 0x08, 0x41, 0x08, 0x20, 0x08, 0x40, 0x10, 0x61, 0x18, 0xa1, 0x20, 0xc1, 0x10, 0x61, 0x31, 0x22, 0x41, 0x63, 0x08, 0x61, 0x08, 0x40, 0x10, 0x40, 0x08, 0x40, 0x08, 0x20, 0x08, 0x20, 0x08, 0x20, 0x08, 0x40, 0x08, 0x20, 0x08, 0x00, 0x08, 0x00, 0x08, 0x00, 0x00, 0x00, 0x00, 0x00, 0x00, 0x00, 0x00, 0x00, 0x00, 0x00,
  0x00, 0x00, 0x00, 0x00, 0x08, 0x20, 0x18, 0xc2, 0x00, 0x20, 0x21, 0x24, 0x3a, 0x08, 0x5a, 0x88, 0x62, 0x87, 0x6a, 0x66, 0x6a, 0x45, 0x6a, 0x45, 0x72, 0x45, 0x59, 0xe4, 0x51, 0xa4, 0x6a, 0x04, 0x6a, 0x24, 0x51, 0xa4, 0x51, 0xa4, 0x51, 0xc4, 0x49, 0xa4, 0x51, 0xc4, 0x49, 0xa4, 0x29, 0x02, 0x20, 0xa2, 0x18, 0x81, 0x10, 0x81, 0x18, 0x81, 0x18, 0x81, 0x08, 0x20, 0x08, 0x41, 0x42, 0x28, 0x10, 0x82, 0x00, 0x00, 0x00, 0x00,
  0x00, 0x00, 0x00, 0x20, 0x20, 0xe3, 0x52, 0xaa, 0x5a, 0x89, 0x52, 0x27, 0x72, 0x67, 0x6a, 0x25, 0x62, 0x04, 0x72, 0x44, 0x82, 0xa5, 0x7a, 0x64, 0x6a, 0x04, 0x59, 0xc3, 0x49, 0x83, 0x6a, 0x04, 0x72, 0x24, 0x49, 0x83, 0x59, 0xe4, 0x62, 0x25, 0x6a, 0x45, 0x72, 0x45, 0x72, 0x45, 0x72, 0x65, 0x62, 0x24, 0x7a, 0x65, 0x7a, 0x65, 0x31, 0x23, 0x28, 0xe2, 0x31, 0x02, 0x29, 0x03, 0x29, 0x44, 0x31, 0x85, 0x08, 0x61, 0x00, 0x00,
  0x00, 0x00, 0x21, 0x24, 0x5a, 0xcb, 0x4a, 0x28, 0x20, 0x80, 0x49, 0x61, 0x61, 0xe3, 0x59, 0xc3, 0x72, 0x23, 0x7a, 0x43, 0x59, 0xa2, 0x49, 0x62, 0x51, 0x82, 0x59, 0xa3, 0x39, 0x22, 0x10, 0x81, 0x10, 0x81, 0x28, 0xc2, 0x49, 0xa3, 0x61, 0xe4, 0x62, 0x04, 0x62, 0x04, 0x62, 0x04, 0x62, 0x04, 0x62, 0x04, 0x7a, 0x45, 0x82, 0x85, 0x72, 0x25, 0x31, 0x43, 0x20, 0xc1, 0x28, 0xe2, 0x29, 0x03, 0x18, 0xe3, 0x10, 0x81, 0x00, 0x00,
  0x00, 0x00, 0x7b, 0xae, 0x4a, 0x07, 0x18, 0x80, 0x20, 0x82, 0x10, 0x00, 0x28, 0x80, 0x93, 0x25, 0x6a, 0x03, 0x51, 0x82, 0x51, 0xc3, 0x59, 0xe3, 0x41, 0x22, 0x18, 0x81, 0x18, 0x60, 0x18, 0x61, 0x18, 0x61, 0x18, 0x81, 0x20, 0xa1, 0x28, 0xe2, 0x51, 0xa3, 0x61, 0xe4, 0x62, 0x04, 0x61, 0xe4, 0x62, 0x04, 0x62, 0x04, 0x61, 0xe4, 0x49, 0xc4, 0x39, 0x84, 0x18, 0xa2, 0x28, 0xe2, 0x31, 0x23, 0x31, 0x64, 0x18, 0xc2, 0x10, 0x60,
  0x21, 0x65, 0x62, 0xeb, 0x39, 0x02, 0x20, 0xa2, 0xa3, 0xa7, 0xfd, 0xeb, 0xff, 0x90, 0x8a, 0x65, 0x82, 0xa5, 0x82, 0x85, 0x93, 0x06, 0x92, 0xc5, 0x51, 0x83, 0x51, 0x83, 0x41, 0x63, 0x39, 0x23, 0x28, 0xc3, 0x31, 0x23, 0x39, 0x23, 0x41, 0x63, 0x49, 0x83, 0x6a, 0x05, 0x8a, 0xc6, 0x8a, 0xc6, 0x8a, 0xc6, 0x92, 0xe6, 0x92, 0xe6, 0x82, 0x65, 0xfd, 0x8a, 0xd4, 0x69, 0x51, 0xc4, 0x41, 0x43, 0x41, 0x64, 0x29, 0x24, 0x10, 0x40,
  0x42, 0x28, 0x4a, 0x28, 0x00, 0x00, 0x00, 0x00, 0xa3, 0xc8, 0xff, 0xf4, 0xe4, 0x47, 0x49, 0x23, 0x93, 0x07, 0x82, 0xe7, 0x6a, 0x46, 0x39, 0x64, 0x41, 0x84, 0x51, 0xa4, 0x49, 0x84, 0x41, 0xa4, 0xfc, 0xe5, 0xf4, 0x85, 0x62, 0x64, 0x49, 0xa4, 0x59, 0xe5, 0x41, 0xa4, 0x7a, 0xe7, 0x8b, 0x08, 0x9b, 0x48, 0x9b, 0x68, 0xab, 0xc9, 0x7a, 0x45, 0xc3, 0x66, 0xfd, 0xeb, 0x08, 0x61, 0x00, 0x20, 0x18, 0x81, 0x29, 0x24, 0x08, 0x40,
  0x4a, 0x69, 0x39, 0xc6, 0x08, 0x41, 0x10, 0x61, 0x62, 0x03, 0x89, 0x80, 0x00, 0x00, 0x39, 0x22, 0x28, 0xa1, 0x18, 0x41, 0x20, 0xa1, 0x00, 0x20, 0x08, 0x40, 0x18, 0x61, 0x00, 0x00, 0x9a, 0xc2, 0x69, 0x80, 0x10, 0x00, 0xd3, 0xa2, 0x00, 0x00, 0x10, 0x60, 0x10, 0x81, 0x00, 0x00, 0x39, 0x02, 0x20, 0x81, 0x18, 0x61, 0x39, 0x02, 0x10, 0x81, 0x28, 0x81, 0x9a, 0xc5, 0x00, 0x21, 0x10, 0x41, 0x18, 0x81, 0x29, 0x24, 0x00, 0x20,
  0x4a, 0x8a, 0x39, 0xa6, 0x08, 0x40, 0x10, 0x81, 0x72, 0x03, 0x79, 0x81, 0x00, 0x41, 0x00, 0x02, 0x08, 0x42, 0x10, 0x22, 0x00, 0x01, 0x00, 0x01, 0x00, 0x01, 0x00, 0x01, 0x00, 0x41, 0x30, 0xc1, 0x49, 0x01, 0x69, 0x81, 0x89, 0x81, 0x00, 0x21, 0x00, 0x21, 0x00, 0x21, 0x08, 0x22, 0x10, 0x83, 0x20, 0x83, 0x28, 0xa3, 0x18, 0x83, 0x31, 0x04, 0x61, 0x83, 0xb2, 0xc4, 0x00, 0x22, 0x10, 0x41, 0x18, 0xa1, 0x29, 0x24, 0x00, 0x20,
  0x4a, 0x8a, 0x41, 0xc6, 0x08, 0x41, 0x10, 0x81, 0x72, 0x03, 0x91, 0xc2, 0xaa, 0x22, 0xfc, 0xc2, 0xe3, 0xc2, 0xe3, 0xc2, 0xcb, 0x02, 0x72, 0x23, 0x9a, 0xc2, 0xb3, 0x02, 0x69, 0x02, 0x91, 0x81, 0x71, 0x61, 0x59, 0x81, 0x89, 0xa1, 0x69, 0x22, 0x89, 0xe2, 0xaa, 0x82, 0x92, 0x22, 0xa3, 0x03, 0xb3, 0x04, 0xc3, 0x64, 0xcc, 0x64, 0x9b, 0x25, 0x7a, 0x04, 0xb2, 0xe4, 0x00, 0x22, 0x08, 0x40, 0x18, 0xa1, 0x29, 0x44, 0x08, 0x40,
  0x4a, 0x8a, 0x39, 0xa6, 0x08, 0x40, 0x08, 0x61, 0x7a, 0x23, 0x91, 0xe2, 0x91, 0xe1, 0xdc, 0x02, 0xc3, 0x22, 0xcb, 0x41, 0x8a, 0x42, 0xb2, 0x01, 0xc2, 0xc1, 0xaa, 0x81, 0xd1, 0x40, 0xc2, 0x61, 0x59, 0x81, 0xb1, 0x61, 0x9a, 0xa1, 0xd1, 0xc1, 0xa9, 0xa1, 0xaa, 0xa1, 0xa2, 0x01, 0xb2, 0xc2, 0xbb, 0x02, 0xb3, 0x03, 0xba, 0x23, 0xfe, 0x02, 0xb2, 0x83, 0x9a, 0x84, 0x00, 0x22, 0x08, 0x40, 0x18, 0x81, 0x29, 0x44, 0x08, 0x40,
  0x4a, 0x8a, 0x41, 0xa6, 0x08, 0x40, 0x10, 0x81, 0x72, 0x23, 0xa2, 0x22, 0x00, 0x41, 0x00, 0x01, 0x00, 0x02, 0x00, 0x22, 0x20, 0xc2, 0x00, 0x42, 0x00, 0x01, 0x38, 0x00, 0x10, 0x61, 0x00, 0x41, 0x30, 0x61, 0x48, 0x60, 0x00, 0x00, 0x00, 0x41, 0x20, 0x40, 0x18, 0x21, 0x08, 0x82, 0x20, 0xc3, 0x10, 0xa2, 0x00, 0x04, 0xda, 0xa2, 0xfd, 0xe2, 0x48, 0x83, 0xb2, 0xa3, 0x00, 0x42, 0x08, 0x41, 0x18, 0xa1, 0x29, 0x44, 0x08, 0x40,
  0x4a, 0x8a, 0x39, 0xc6, 0x08, 0x40, 0x10, 0x61, 0x72, 0x43, 0x9a, 0x22, 0x18, 0x81, 0x28, 0xa1, 0x28, 0xa1, 0x38, 0xe1, 0x41, 0x22, 0x20, 0x61, 0x20, 0x60, 0x10, 0x60, 0x20, 0xa1, 0x20, 0x81, 0x30, 0xa1, 0x38, 0x80, 0x28, 0x60, 0x20, 0x60, 0x18, 0x60, 0x20, 0x60, 0x28, 0xa1, 0x51, 0x62, 0x41, 0x44, 0x79, 0xc3, 0xfe, 0x40, 0x69, 0x84, 0x51, 0x42, 0xba, 0x83, 0x00, 0x42, 0x10, 0x41, 0x18, 0x81, 0x29, 0x24, 0x08, 0x40,
  0x4a, 0x6a, 0x31, 0x85, 0x00, 0x40, 0x08, 0x61, 0x82, 0x84, 0xa2, 0x83, 0x10, 0x61, 0x30, 0xc1, 0x38, 0xe1, 0x49, 0x83, 0x30, 0xc1, 0x10, 0x40, 0x18, 0x60, 0x20, 0x81, 0x10, 0x40, 0x28, 0xa1, 0x30, 0x80, 0x30, 0xa0, 0x28, 0x80, 0x20, 0x60, 0x20, 0x60, 0x20, 0x81, 0x10, 0x61, 0x41, 0x22, 0x50, 0xe4, 0xfd, 0x42, 0xe3, 0xc2, 0x08, 0x03, 0x69, 0x82, 0xba, 0xc4, 0x00, 0x02, 0x10, 0x61, 0x10, 0x61, 0x21, 0x24, 0x08, 0x41,
  0x52, 0x8a, 0x31, 0x65, 0x08, 0x40, 0x10, 0x81, 0x7a, 0x43, 0xa2, 0x63, 0x18, 0xa1, 0x30, 0xe1, 0x49, 0x63, 0x49, 0x42, 0x28, 0xa1, 0x10, 0x40, 0x28, 0xa1, 0x18, 0x61, 0x18, 0x60, 0x20, 0x81, 0x28, 0x80, 0x30, 0xa1, 0x28, 0x60, 0x28, 0x60, 0x20, 0x60, 0x20, 0x60, 0x10, 0x61, 0x18, 0x03, 0xfd, 0xc1, 0xcb, 0xc3, 0x30, 0x44, 0x39, 0x22, 0x69, 0x62, 0xba, 0xc4, 0x00, 0x22, 0x10, 0x41, 0x10, 0x61, 0x21, 0x04, 0x08, 0x41,
  0x4a, 0x8a, 0x31, 0x85, 0x08, 0x40, 0x18, 0xa1, 0x69, 0xe3, 0x8a, 0x43, 0x18, 0xa1, 0x41, 0x42, 0x41, 0x22, 0x41, 0x22, 0x18, 0x61, 0x18, 0x81, 0x20, 0xa1, 0x10, 0x40, 0x20, 0xa1, 0x20, 0x60, 0x28, 0x80, 0x30, 0xa1, 0x30, 0x80, 0x28, 0x60, 0x20, 0x60, 0x28, 0x81, 0x00, 0x02, 0xfc, 0x42, 0xfe, 0xc0, 0x58, 0xc4, 0x59, 0xe4, 0x41, 0x22, 0x71, 0x82, 0xba, 0xc4, 0x00, 0x01, 0x08, 0x40, 0x10, 0x41, 0x21, 0x04, 0x08, 0x41,
  0x4a, 0x69, 0x31, 0x65, 0x00, 0x40, 0x10, 0x81, 0x72, 0x03, 0x82, 0x23, 0x28, 0xe2, 0x41, 0x42, 0x41, 0x22, 0x41, 0x42, 0x18, 0x61, 0x20, 0xa2, 0x10, 0x40, 0x18, 0x81, 0x20, 0xa1, 0x18, 0x40, 0x28, 0x80, 0x38, 0xa1, 0x30, 0x80, 0x28, 0x60, 0x30, 0x81, 0x00, 0x02, 0x99, 0x02, 0xfd, 0xa0, 0x69, 0x03, 0x49, 0x24, 0x61, 0xc4, 0x51, 0x83, 0x59, 0x62, 0xb2, 0xe4, 0x00, 0x01, 0x10, 0x61, 0x10, 0x61, 0x21, 0x04, 0x08, 0x41,
  0x4a, 0x69, 0x31, 0x65, 0x00, 0x40, 0x18, 0xa1, 0x61, 0xe3, 0x7a, 0x03, 0x41, 0x63, 0x39, 0x22, 0x49, 0x83, 0x39, 0x02, 0x28, 0xc2, 0x18, 0x61, 0x10, 0x40, 0x20, 0xa1, 0x20, 0x60, 0x20, 0x60, 0x30, 0xa1, 0x38, 0xa1, 0x38, 0x80, 0x30, 0xa0, 0x08, 0x21, 0x40, 0x02, 0xfe, 0x40, 0xa9, 0x82, 0x00, 0x03, 0x61, 0xc4, 0x51, 0x83, 0x51, 0x83, 0x69, 0xc2, 0xba, 0xe4, 0x00, 0x22, 0x10, 0x61, 0x10, 0x61, 0x21, 0x04, 0x08, 0x41,
  0x4a, 0x69, 0x31, 0x65, 0x00, 0x40, 0x18, 0xa2, 0x59, 0xa2, 0x71, 0xe3, 0x51, 0xa3, 0x39, 0x22, 0x49, 0x83, 0x39, 0x02, 0x30, 0xe2, 0x08, 0x20, 0x18, 0x81, 0x28, 0xa1, 0x18, 0x40, 0x20, 0x60, 0x30, 0xa1, 0x38, 0xc1, 0x38, 0xa0, 0x20, 0x81, 0x28, 0x02, 0xff, 0x80, 0xfc, 0x81, 0x00, 0x03, 0x41, 0x22, 0x61, 0xc4, 0x59, 0xa3, 0x41, 0x63, 0x82, 0x03, 0xb3, 0x25, 0x00, 0x02, 0x10, 0x41, 0x10, 0x61, 0x21, 0x04, 0x08, 0x61,
  0x4a, 0x69, 0x29, 0x65, 0x08, 0x40, 0x18, 0xa2, 0x59, 0xa2, 0x72, 0x03, 0x49, 0x83, 0x41, 0x42, 0x51, 0xa4, 0x41, 0x43, 0x20, 0x81, 0x08, 0x40, 0x20, 0xa1, 0x20, 0x61, 0x18, 0x40, 0x20, 0x60, 0x30, 0xa1, 0x40, 0xc1, 0x40, 0xc1, 0x08, 0x02, 0xfc, 0xa1, 0xfe, 0x00, 0x00, 0x02, 0x28, 0xc2, 0x49, 0x42, 0x61, 0xe4, 0x61, 0xc4, 0x39, 0x43, 0x8a, 0x44, 0xa2, 0xe4, 0x00, 0x00, 0x08, 0x40, 0x10, 0x61, 0x21, 0x04, 0x08, 0x61,
  0x4a, 0x69, 0x31, 0x65, 0x00, 0x40, 0x10, 0xa1, 0x59, 0xc2, 0x7a, 0x03, 0x49, 0x83, 0x41, 0x42, 0x49, 0x83, 0x49, 0x62, 0x10, 0x40, 0x10, 0x61, 0x20, 0xa1, 0x10, 0x40, 0x20, 0x60, 0x28, 0x60, 0x38, 0xc1, 0x50, 0xe1, 0x10, 0x02, 0xe3, 0x61, 0xff, 0x20, 0x30, 0x02, 0x00, 0x41, 0x28, 0x81, 0x51, 0x83, 0x61, 0xe5, 0x49, 0x63, 0x49, 0x63, 0x7a, 0x04, 0xa2, 0xe5, 0x00, 0x01, 0x10, 0x41, 0x10, 0x61, 0x21, 0x04, 0x08, 0x61,
  0x4a, 0x49, 0x31, 0x65, 0x00, 0x40, 0x10, 0xa1, 0x59, 0xa2, 0x7a, 0x03, 0x41, 0x83, 0x41, 0x42, 0x59, 0xc4, 0x39, 0x22, 0x10, 0x60, 0x20, 0xa2, 0x18, 0x81, 0x18, 0x40, 0x20, 0x60, 0x28, 0x80, 0x40, 0xe1, 0x30, 0x82, 0x99, 0x02, 0xfd, 0xe0, 0x80, 0xc1, 0x00, 0x01, 0x20, 0x61, 0x20, 0x81, 0x61, 0xc4, 0x59, 0xc4, 0x41, 0x22, 0x49, 0x63, 0x82, 0x24, 0xab, 0x05, 0x00, 0x01, 0x10, 0x61, 0x10, 0x61, 0x21, 0x04, 0x10, 0x61,
  0x4a, 0x69, 0x29, 0x65, 0x00, 0x20, 0x10, 0x81, 0x61, 0xe2, 0x7a, 0x03, 0x49, 0xa3, 0x51, 0x83, 0x49, 0x83, 0x39, 0x22, 0x20, 0xa1, 0x20, 0xa2, 0x10, 0x40, 0x18, 0x60, 0x20, 0x60, 0x28, 0xa0, 0x48, 0xe2, 0x98, 0x03, 0xfe, 0x00, 0xc9, 0xe1, 0x00, 0x02, 0x28, 0x81, 0x20, 0x61, 0x28, 0x81, 0x61, 0xe4, 0x41, 0x42, 0x41, 0x22, 0x51, 0xa3, 0x82, 0x24, 0xa2, 0xe5, 0x00, 0x01, 0x10, 0x41, 0x10, 0x61, 0x21, 0x24, 0x08, 0x61,
  0x4a, 0x49, 0x31, 0x86, 0x00, 0x20, 0x10, 0x81, 0x61, 0xc2, 0x71, 0xe2, 0x49, 0xa3, 0x51, 0xa3, 0x51, 0x63, 0x30, 0xe1, 0x31, 0x23, 0x18, 0x81, 0x10, 0x40, 0x18, 0x60, 0x20, 0x61, 0x20, 0x81, 0x38, 0x42, 0xfe, 0xa0, 0xfd, 0x21, 0x00, 0x03, 0x10, 0x61, 0x20, 0x60, 0x20, 0x61, 0x39, 0x02, 0x51, 0x83, 0x41, 0x22, 0x38, 0xe1, 0x61, 0xe4, 0x7a, 0x04, 0xa2, 0xc4, 0x00, 0x01, 0x10, 0x41, 0x18, 0x82, 0x21, 0x24, 0x08, 0x61,
  0x4a, 0x49, 0x31, 0x86, 0x00, 0x20, 0x10, 0x81, 0x59, 0xa2, 0x71, 0xe2, 0x49, 0x83, 0x62, 0x04, 0x39, 0x22, 0x30, 0xe1, 0x30, 0xe2, 0x18, 0x81, 0x18, 0x81, 0x20, 0xa1, 0x28, 0xa1, 0x30, 0xc2, 0x48, 0xe2, 0xed, 0x41, 0xbb, 0x02, 0xcb, 0x42, 0x99, 0xc2, 0x30, 0x42, 0x00, 0x22, 0x41, 0x23, 0x41, 0x02, 0x41, 0x22, 0x39, 0x01, 0x6a, 0x05, 0x71, 0xc3, 0x8a, 0x43, 0x00, 0x01, 0x10, 0x61, 0x18, 0xa1, 0x21, 0x24, 0x08, 0x61,
  0x4a, 0x49, 0x31, 0x85, 0x00, 0x20, 0x10, 0x81, 0x61, 0xe3, 0x71, 0xe2, 0x49, 0x83, 0x61, 0xe4, 0x31, 0x02, 0x39, 0x22, 0x28, 0xc2, 0x20, 0xe2, 0x30, 0xe2, 0x28, 0xc2, 0x20, 0x81, 0x28, 0xa1, 0x30, 0xa1, 0xa9, 0x41, 0xaa, 0xc2, 0xeb, 0x61, 0xd3, 0x21, 0xe3, 0x82, 0xa2, 0x43, 0x20, 0xc3, 0x30, 0xe2, 0x41, 0x02, 0x51, 0x63, 0x59, 0xc4, 0x51, 0x41, 0x71, 0xc2, 0x00, 0x00, 0x10, 0x61, 0x18, 0xa1, 0x21, 0x24, 0x08, 0x61,
  0x4a, 0x49, 0x31, 0x85, 0x00, 0x20, 0x10, 0x81, 0x61, 0xe3, 0x71, 0xe2, 0x51, 0xc4, 0x51, 0xc4, 0x41, 0x42, 0x51, 0x83, 0x39, 0x43, 0x18, 0xa1, 0x18, 0x61, 0x18, 0x61, 0x28, 0xc2, 0x30, 0xc1, 0x38, 0xc1, 0x40, 0xa1, 0x20, 0x62, 0x20, 0xa2, 0x28, 0x02, 0xc2, 0x42, 0xd3, 0x62, 0xa2, 0xc4, 0x58, 0xe3, 0x39, 0x23, 0x61, 0xc4, 0x51, 0x83, 0x40, 0xe1, 0x61, 0x41, 0x00, 0x20, 0x10, 0x61, 0x18, 0xa1, 0x21, 0x24, 0x10, 0x61,
  0x4a, 0x49, 0x31, 0x65, 0x00, 0x20, 0x10, 0x81, 0x59, 0xc2, 0x71, 0xe2, 0x59, 0xc4, 0x51, 0xa3, 0x51, 0xc4, 0x59, 0xc4, 0x08, 0x41, 0x18, 0x81, 0x20, 0x81, 0x18, 0x81, 0x18, 0x61, 0x20, 0x60, 0x28, 0xa1, 0x38, 0xa0, 0x30, 0x80, 0x30, 0x81, 0x20, 0x81, 0x00, 0x02, 0x40, 0xa3, 0xeb, 0xc2, 0xfc, 0x83, 0x82, 0x05, 0x29, 0x02, 0x49, 0x43, 0x38, 0xa0, 0x61, 0x21, 0x00, 0x20, 0x10, 0x61, 0x18, 0x81, 0x21, 0x24, 0x08, 0x61,
  0x4a, 0x49, 0x29, 0x65, 0x00, 0x20, 0x08, 0x81, 0x61, 0xe3, 0x72, 0x03, 0x41, 0x83, 0x51, 0xc4, 0x51, 0xa4, 0x31, 0x02, 0x28, 0xc2, 0x10, 0x61, 0x18, 0x61, 0x18, 0x60, 0x18, 0x60, 0x20, 0x61, 0x28, 0xa1, 0x30, 0xa1, 0x30, 0x80, 0x20, 0x60, 0x20, 0x60, 0x28, 0x81, 0x28, 0xe3, 0x59, 0x23, 0xfc, 0xc2, 0xb3, 0x84, 0x41, 0x03, 0x28, 0xc2, 0x30, 0x80, 0x69, 0x41, 0x00, 0x20, 0x10, 0x61, 0x18, 0x81, 0x21, 0x24, 0x08, 0x61,
  0x4a, 0x49, 0x29, 0x65, 0x00, 0x20, 0x08, 0x81, 0x59, 0x82, 0x72, 0x03, 0x51, 0xc4, 0x51, 0xa4, 0x49, 0x83, 0x49, 0x63, 0x20, 0xa1, 0x10, 0x61, 0x18, 0x60, 0x18, 0x60, 0x18, 0x61, 0x18, 0x60, 0x28, 0xa1, 0x30, 0xc1, 0x30, 0xa1, 0x28, 0xa1, 0x28, 0xa1, 0x30, 0xc1, 0x28, 0xc2, 0x18, 0x41, 0x61, 0x63, 0xe4, 0x03, 0xb2, 0xe4, 0x00, 0x41, 0x38, 0xa0, 0x69, 0x21, 0x00, 0x20, 0x10, 0x61, 0x10, 0x81, 0x21, 0x24, 0x10, 0x61,
  0x4a, 0x49, 0x29, 0x45, 0x00, 0x20, 0x08, 0x61, 0x59, 0xa2, 0x72, 0x03, 0x59, 0xc4, 0x59, 0xc4, 0x51, 0x83, 0x30, 0xe1, 0x18, 0x81, 0x20, 0xa2, 0x20, 0xa1, 0x18, 0x61, 0x18, 0x60, 0x20, 0x81, 0x28, 0xa1, 0x30, 0xc1, 0x30, 0xa1, 0x20, 0x80, 0x20, 0x60, 0x28, 0xa1, 0x28, 0xc2, 0x30, 0xc1, 0x28, 0xc2, 0x7a, 0x04, 0xa2, 0xa3, 0x00, 0x42, 0x40, 0xa0, 0x79, 0x41, 0x00, 0x20, 0x08, 0x61, 0x10, 0x81, 0x21, 0x04, 0x08, 0x41,
  0x4a, 0x49, 0x29, 0x65, 0x00, 0x20, 0x00, 0x61, 0x61, 0xc2, 0x72, 0x03, 0x51, 0xc4, 0x59, 0xc4, 0x39, 0x22, 0x30, 0xe1, 0x20, 0xa1, 0x10, 0x61, 0x18, 0x81, 0x20, 0xa1, 0x20, 0xa1, 0x20, 0xa1, 0x20, 0xa1, 0x28, 0xa1, 0x30, 0xa1, 0x28, 0xa1, 0x28, 0xa1, 0x28, 0xc1, 0x18, 0x60, 0x28, 0xa1, 0x41, 0x02, 0x49, 0x43, 0x89, 0x61, 0x61, 0x22, 0x40, 0xa0, 0x79, 0x41, 0x00, 0x20, 0x08, 0x61, 0x10, 0x81, 0x21, 0x04, 0x08, 0x41,
  0x42, 0x49, 0x29, 0x24, 0x00, 0x20, 0x00, 0x41, 0x61, 0xa2, 0x7a, 0x24, 0x62, 0x04, 0x39, 0x42, 0x39, 0x02, 0x31, 0x01, 0x18, 0x81, 0x10, 0x61, 0x18, 0x81, 0x18, 0x81, 0x18, 0x61, 0x18, 0x61, 0x20, 0xa1, 0x20, 0x81, 0x28, 0xa1, 0x20, 0x81, 0x20, 0xa1, 0x28, 0xc1, 0x18, 0x40, 0x20, 0x81, 0x40, 0xe1, 0x39, 0x23, 0x99, 0x81, 0x71, 0x41, 0x48, 0xa0, 0x79, 0x21, 0x00, 0x20, 0x08, 0x41, 0x10, 0x81, 0x21, 0x03, 0x00, 0x41,
  0x42, 0x49, 0x29, 0x24, 0x00, 0x20, 0x00, 0x41, 0x69, 0xc2, 0x72, 0x24, 0x51, 0xc4, 0x49, 0x63, 0x41, 0x42, 0x39, 0x22, 0x20, 0xa1, 0x18, 0xa2, 0x20, 0xa2, 0x18, 0x81, 0x18, 0x61, 0x18, 0x81, 0x20, 0xa1, 0x20, 0x81, 0x28, 0xa1, 0x20, 0x60, 0x28, 0xc2, 0x20, 0xa1, 0x18, 0x61, 0x28, 0xa1, 0x49, 0x22, 0x41, 0x22, 0x20, 0xc1, 0x91, 0xc1, 0x60, 0xa0, 0x69, 0x21, 0x00, 0x20, 0x08, 0x41, 0x10, 0x81, 0x21, 0x03, 0x00, 0x41,
  0x42, 0x49, 0x29, 0x65, 0x00, 0x20, 0x00, 0x41, 0x69, 0xe2, 0x72, 0x03, 0x41, 0x63, 0x49, 0x63, 0x41, 0x42, 0x39, 0x22, 0x30, 0xe2, 0x18, 0xa1, 0x18, 0xa1, 0x20, 0xa1, 0x18, 0x81, 0x20, 0xa1, 0x20, 0xa1, 0x20, 0xa1, 0x28, 0xa1, 0x20, 0x81, 0x28, 0xc2, 0x20, 0x81, 0x20, 0xa1, 0x30, 0xe2, 0x51, 0x62, 0x41, 0x02, 0x10, 0x80, 0xaa, 0x21, 0x60, 0xc1, 0x71, 0x41, 0x00, 0x20, 0x08, 0x41, 0x10, 0x81, 0x21, 0x03, 0x08, 0x61,
  0x42, 0x29, 0x29, 0x45, 0x00, 0x20, 0x00, 0x41, 0x69, 0xc2, 0x72, 0x03, 0x39, 0x42, 0x39, 0x22, 0x39, 0x01, 0x39, 0x22, 0x20, 0xc1, 0x10, 0x61, 0x18, 0x61, 0x18, 0x60, 0x18, 0x81, 0x18, 0x61, 0x20, 0x81, 0x20, 0x81, 0x20, 0x80, 0x20, 0x81, 0x20, 0x81, 0x18, 0x40, 0x18, 0x61, 0x18, 0x61, 0x49, 0x22, 0x28, 0xa1, 0x38, 0x60, 0xa2, 0x01, 0x50, 0xc1, 0x71, 0x21, 0x00, 0x20, 0x08, 0x41, 0x10, 0x61, 0x20, 0xe3, 0x08, 0x61,
  0x42, 0x28, 0x21, 0x44, 0x00, 0x20, 0x00, 0x41, 0x69, 0xc2, 0x7a, 0x03, 0x31, 0x22, 0x41, 0x42, 0x39, 0x22, 0x49, 0x42, 0x18, 0x81, 0x18, 0x61, 0x18, 0x81, 0x18, 0x81, 0x18, 0x61, 0x20, 0x81, 0x20, 0xa1, 0x20, 0xa1, 0x28, 0x81, 0x28, 0xc1, 0x20, 0xa1, 0x18, 0x60, 0x18, 0x61, 0x28, 0xa1, 0x49, 0x43, 0x10, 0x60, 0x70, 0xa0, 0x89, 0xc1, 0x50, 0xe1, 0x69, 0x21, 0x00, 0x20, 0x08, 0x41, 0x10, 0x61, 0x20, 0xe3, 0x08, 0x41,
  0x42, 0x28, 0x29, 0x24, 0x00, 0x20, 0x00, 0x41, 0x69, 0xe2, 0x7a, 0x03, 0x29, 0x02, 0x41, 0x42, 0x49, 0x63, 0x39, 0x02, 0x20, 0x81, 0x18, 0x61, 0x18, 0x61, 0x18, 0x81, 0x18, 0x61, 0x20, 0x81, 0x20, 0xa1, 0x20, 0xa1, 0x28, 0xa1, 0x28, 0xc2, 0x20, 0x81, 0x18, 0x60, 0x18, 0x60, 0x30, 0xe2, 0x39, 0x02, 0x08, 0x40, 0x68, 0xc1, 0x79, 0xa1, 0x48, 0xe1, 0x79, 0x21, 0x00, 0x20, 0x08, 0x41, 0x10, 0x61, 0x20, 0xe3, 0x08, 0x41,
  0x42, 0x28, 0x29, 0x25, 0x00, 0x20, 0x00, 0x41, 0x69, 0xc2, 0x81, 0xe2, 0x29, 0x22, 0x41, 0x22, 0x51, 0x63, 0x30, 0xe1, 0x18, 0x81, 0x18, 0x61, 0x18, 0x81, 0x18, 0x61, 0x20, 0x81, 0x20, 0x81, 0x20, 0xa1, 0x28, 0xa1, 0x28, 0xa1, 0x20, 0xa1, 0x18, 0x61, 0x18, 0x60, 0x18, 0x81, 0x38, 0xe2, 0x20, 0xa1, 0x18, 0x61, 0x71, 0x01, 0x79, 0xa1, 0x48, 0xc1, 0x79, 0x21, 0x00, 0x20, 0x08, 0x41, 0x10, 0x61, 0x18, 0xe3, 0x08, 0x41,
  0x42, 0x28, 0x21, 0x24, 0x00, 0x20, 0x00, 0x41, 0x69, 0xc2, 0x79, 0xe2, 0x59, 0x83, 0x51, 0x63, 0x49, 0x42, 0x30, 0xe1, 0x20, 0x81, 0x18, 0x61, 0x18, 0x81, 0x20, 0x81, 0x20, 0x61, 0x20, 0x81, 0x28, 0xa1, 0x28, 0xa1, 0x30, 0xc1, 0x20, 0x81, 0x18, 0x61, 0x18, 0x60, 0x28, 0xa1, 0x28, 0xc1, 0x20, 0x81, 0x28, 0x81, 0x81, 0x81, 0x39, 0x22, 0x40, 0xa0, 0x71, 0x21, 0x00, 0x20, 0x08, 0x41, 0x10, 0x61, 0x20, 0xe3, 0x08, 0x41,
  0x42, 0x08, 0x21, 0x24, 0x00, 0x20, 0x00, 0x41, 0x69, 0xc2, 0x81, 0xa2, 0x8a, 0x43, 0xb2, 0x63, 0x31, 0x23, 0x49, 0x22, 0x18, 0x81, 0x18, 0x61, 0x20, 0x81, 0x20, 0x81, 0x20, 0x61, 0x28, 0x81, 0x28, 0xa1, 0x28, 0xa1, 0x30, 0xe2, 0x20, 0x81, 0x18, 0x60, 0x20, 0x81, 0x28, 0xa1, 0x18, 0x81, 0x30, 0xa1, 0x40, 0xa2, 0xb9, 0xe1, 0x00, 0x61, 0x40, 0x80, 0x79, 0x21, 0x00, 0x20, 0x08, 0x41, 0x10, 0x61, 0x18, 0xe3, 0x08, 0x61,
  0x42, 0x08, 0x21, 0x24, 0x00, 0x20, 0x00, 0x41, 0x69, 0xa2, 0x81, 0xa1, 0x41, 0x43, 0xbb, 0x23, 0x51, 0x43, 0x49, 0x42, 0x18, 0x61, 0x18, 0x61, 0x20, 0x81, 0x20, 0x81, 0x20, 0x81, 0x28, 0x80, 0x28, 0xa1, 0x30, 0xa1, 0x30, 0xc1, 0x20, 0x81, 0x20, 0x60, 0x28, 0xa1, 0x20, 0x81, 0x10, 0x81, 0x38, 0xa2, 0x79, 0x81, 0x51, 0x62, 0x00, 0x21, 0x48, 0xa0, 0x71, 0x21, 0x00, 0x20, 0x08, 0x41, 0x10, 0x61, 0x18, 0xe3, 0x08, 0x61,
  0x42, 0x08, 0x21, 0x04, 0x00, 0x20, 0x00, 0x41, 0x69, 0xa2, 0x71, 0x81, 0x59, 0x23, 0x7a, 0x23, 0xb2, 0x82, 0x38, 0xc3, 0x28, 0xc2, 0x18, 0x61, 0x20, 0x81, 0x20, 0x81, 0x20, 0x61, 0x28, 0x81, 0x28, 0xa1, 0x28, 0xa1, 0x30, 0xa1, 0x20, 0x60, 0x28, 0xa1, 0x20, 0x81, 0x00, 0x61, 0x38, 0xc2, 0x81, 0x62, 0x99, 0xe1, 0x00, 0x42, 0x00, 0x20, 0x38, 0x80, 0x61, 0x21, 0x00, 0x20, 0x08, 0x40, 0x10, 0x61, 0x18, 0xc3, 0x08, 0x41,
  0x42, 0x08, 0x21, 0x24, 0x00, 0x20, 0x00, 0x41, 0x61, 0x82, 0x71, 0x81, 0x31, 0x02, 0x48, 0xe3, 0x8a, 0x63, 0xd3, 0x02, 0x38, 0x42, 0x00, 0x61, 0x18, 0x61, 0x20, 0x61, 0x20, 0x60, 0x28, 0x80, 0x28, 0x80, 0x28, 0xa1, 0x30, 0xa1, 0x28, 0x81, 0x28, 0x81, 0x00, 0x41, 0x20, 0x62, 0xb1, 0xe2, 0x89, 0xe1, 0x00, 0x62, 0x10, 0x41, 0x00, 0x20, 0x38, 0x80, 0x61, 0x21, 0x00, 0x20, 0x08, 0x20, 0x10, 0x61, 0x18, 0xc2, 0x08, 0x41,
  0x39, 0xe8, 0x21, 0x24, 0x00, 0x00, 0x00, 0x41, 0x51, 0x82, 0x71, 0x81, 0x31, 0x02, 0x30, 0xe1, 0x51, 0x23, 0x92, 0x42, 0xa2, 0x42, 0x80, 0xe2, 0x10, 0x21, 0x00, 0x21, 0x20, 0x61, 0x28, 0x60, 0x30, 0x80, 0x30, 0xa0, 0x30, 0x80, 0x20, 0x81, 0x00, 0x21, 0x38, 0x81, 0xb2, 0x21, 0x7a, 0x02, 0x10, 0x42, 0x18, 0x61, 0x08, 0x20, 0x00, 0x20, 0x38, 0x80, 0x51, 0x01, 0x00, 0x20, 0x08, 0x40, 0x10, 0x61, 0x18, 0xc2, 0x08, 0x41,
  0x39, 0xe7, 0x21, 0x24, 0x00, 0x00, 0x00, 0x40, 0x51, 0x62, 0x69, 0x81, 0x28, 0xe1, 0x30, 0xc1, 0x30, 0xe1, 0x41, 0x02, 0x69, 0x82, 0x9a, 0x01, 0xd2, 0x01, 0x69, 0x61, 0x00, 0x21, 0x08, 0x21, 0x38, 0x81, 0x20, 0x61, 0x28, 0x81, 0x28, 0x61, 0x82, 0x01, 0x8a, 0x21, 0x51, 0x62, 0x10, 0x22, 0x10, 0x40, 0x10, 0x40, 0x08, 0x40, 0x00, 0x20, 0x28, 0x80, 0x48, 0xe1, 0x00, 0x20, 0x08, 0x20, 0x10, 0x61, 0x18, 0xa2, 0x08, 0x41,
  0x39, 0xe7, 0x21, 0x04, 0x00, 0x20, 0x00, 0x41, 0x51, 0x42, 0x61, 0x41, 0x30, 0xe2, 0x30, 0xe1, 0x38, 0xe1, 0x28, 0xc1, 0x10, 0x61, 0x68, 0xc1, 0x99, 0xc1, 0xaa, 0x21, 0x9a, 0x41, 0xc2, 0x61, 0x50, 0xe1, 0x69, 0xc1, 0xc2, 0x81, 0x9a, 0x01, 0x91, 0xe1, 0x58, 0xc1, 0x28, 0x82, 0x18, 0x81, 0x18, 0x61, 0x18, 0x61, 0x10, 0x40, 0x10, 0x61, 0x28, 0x80, 0x40, 0xe1, 0x00, 0x20, 0x08, 0x20, 0x08, 0x41, 0x18, 0xa2, 0x08, 0x41,
  0x39, 0xc7, 0x21, 0x04, 0x00, 0x00, 0x00, 0x20, 0x51, 0x42, 0x51, 0x21, 0x20, 0xa1, 0x28, 0xa1, 0x28, 0xa1, 0x28, 0xa1, 0x08, 0x20, 0x00, 0x41, 0x10, 0x21, 0x18, 0x01, 0x48, 0xc1, 0x61, 0x01, 0xaa, 0xc2, 0xb2, 0xe2, 0x79, 0xe1, 0x10, 0x01, 0x08, 0x40, 0x00, 0x20, 0x18, 0x61, 0x10, 0x40, 0x08, 0x40, 0x10, 0x40, 0x08, 0x20, 0x08, 0x20, 0x18, 0x60, 0x40, 0xe1, 0x00, 0x20, 0x08, 0x20, 0x08, 0x41, 0x10, 0xa2, 0x08, 0x41,
  0x31, 0xc7, 0x21, 0x04, 0x00, 0x00, 0x00, 0x20, 0x69, 0xa2, 0x51, 0x62, 0x20, 0xa1, 0x30, 0xe2, 0x28, 0xc1, 0x20, 0x81, 0x18, 0x61, 0x10, 0x41, 0x10, 0x61, 0x10, 0x61, 0x00, 0x01, 0x6a, 0x22, 0x69, 0xe1, 0x00, 0x40, 0x92, 0x83, 0x00, 0x01, 0x10, 0x61, 0x18, 0x61, 0x10, 0x40, 0x10, 0x61, 0x10, 0x40, 0x08, 0x20, 0x10, 0x61, 0x00, 0x20, 0x18, 0x60, 0x41, 0x01, 0x00, 0x00, 0x08, 0x20, 0x08, 0x41, 0x10, 0x82, 0x08, 0x41,
  0x31, 0xa6, 0x18, 0xe3, 0x00, 0x00, 0x00, 0x20, 0x20, 0xc2, 0x39, 0x64, 0x49, 0xa5, 0x49, 0xe5, 0x51, 0xe5, 0x51, 0xe5, 0x31, 0x44, 0x31, 0x64, 0x31, 0x24, 0x31, 0x23, 0x20, 0xe3, 0x51, 0xa3, 0x61, 0xe2, 0x39, 0x01, 0x59, 0xc3, 0x29, 0x23, 0x31, 0x43, 0x31, 0x43, 0x31, 0x64, 0x31, 0x44, 0x29, 0x23, 0x29, 0x03, 0x20, 0xe2, 0x20, 0xe2, 0x20, 0xc2, 0x18, 0xa2, 0x00, 0x00, 0x00, 0x20, 0x08, 0x40, 0x10, 0x82, 0x08, 0x40,
  0x31, 0xa6, 0x21, 0x04, 0x08, 0x40, 0x20, 0x81, 0x20, 0xa2, 0x49, 0xc5, 0x59, 0xe5, 0x5a, 0x05, 0x5a, 0x05, 0x59, 0xe5, 0x39, 0x44, 0x31, 0x44, 0x41, 0x64, 0x39, 0x43, 0x29, 0x02, 0x18, 0xc2, 0x31, 0x02, 0x49, 0x62, 0x28, 0xe2, 0x39, 0x43, 0x39, 0x43, 0x39, 0x43, 0x39, 0x64, 0x39, 0x64, 0x39, 0x43, 0x31, 0x23, 0x29, 0x02, 0x29, 0x02, 0x31, 0x23, 0x20, 0xe2, 0x08, 0x40, 0x10, 0x61, 0x10, 0x61, 0x10, 0x82, 0x00, 0x20,
  0x31, 0x86, 0x20, 0xe3, 0x00, 0x20, 0x08, 0x41, 0x59, 0xa3, 0xfd, 0xe8, 0xfe, 0xcb, 0x38, 0xe1, 0x08, 0x40, 0x10, 0x60, 0x00, 0x20, 0x00, 0x20, 0x18, 0xa1, 0x10, 0x60, 0x00, 0x00, 0x00, 0x00, 0x00, 0x20, 0x00, 0x00, 0x00, 0x00, 0x00, 0x20, 0x08, 0x20, 0x00, 0x00, 0x00, 0x20, 0x00, 0x20, 0x10, 0x40, 0x18, 0x61, 0x10, 0x40, 0x08, 0x40, 0x61, 0xc3, 0x51, 0x83, 0x10, 0x61, 0x10, 0x61, 0x10, 0x61, 0x10, 0x61, 0x00, 0x20,
  0x31, 0x86, 0x18, 0xc3, 0x00, 0x00, 0x00, 0x00, 0x72, 0x64, 0xfe, 0x09, 0x83, 0x07, 0x00, 0x00, 0x10, 0x60, 0x10, 0x60, 0x00, 0x00, 0x00, 0x20, 0x00, 0x00, 0x00, 0x00, 0x00, 0x00, 0x00, 0x00, 0x00, 0x00, 0x00, 0x00, 0x00, 0x00, 0x00, 0x00, 0x00, 0x00, 0x00, 0x00, 0x00, 0x00, 0x00, 0x00, 0x08, 0x40, 0x10, 0x60, 0x10, 0x40, 0x00, 0x00, 0x18, 0x60, 0x49, 0x22, 0x00, 0x20, 0x08, 0x40, 0x08, 0x41, 0x08, 0x61, 0x00, 0x20,
  0x31, 0x86, 0x18, 0xe3, 0x00, 0x00, 0x08, 0x40, 0x18, 0x81, 0x39, 0x22, 0x00, 0x00, 0x10, 0x60, 0x18, 0x60, 0x10, 0x60, 0x00, 0x00, 0x00, 0x20, 0x00, 0x20, 0x00, 0x00, 0x00, 0x00, 0x00, 0x00, 0x00, 0x00, 0x00, 0x00, 0x00, 0x00, 0x00, 0x00, 0x00, 0x00, 0x00, 0x00, 0x00, 0x20, 0x00, 0x20, 0x08, 0x40, 0x10, 0x60, 0x08, 0x40, 0x08, 0x20, 0x00, 0x00, 0x00, 0x20, 0x00, 0x00, 0x08, 0x41, 0x08, 0x41, 0x08, 0x61, 0x00, 0x20,
  0x29, 0x65, 0x18, 0xc3, 0x00, 0x00, 0x10, 0x60, 0x10, 0x61, 0x08, 0x40, 0x18, 0x80, 0x18, 0x80, 0x18, 0x60, 0x10, 0x60, 0x00, 0x00, 0x00, 0x00, 0x00, 0x00, 0x00, 0x00, 0x00, 0x00, 0x00, 0x00, 0x00, 0x00, 0x00, 0x00, 0x00, 0x00, 0x00, 0x00, 0x00, 0x00, 0x00, 0x00, 0x00, 0x20, 0x00, 0x20, 0x08, 0x40, 0x08, 0x40, 0x08, 0x20, 0x08, 0x40, 0x00, 0x00, 0x00, 0x20, 0x00, 0x00, 0x08, 0x40, 0x08, 0x41, 0x08, 0x41, 0x00, 0x20,
  0x29, 0x65, 0x18, 0xc3, 0x00, 0x00, 0x10, 0x60, 0x18, 0x81, 0x10, 0x60, 0x18, 0x81, 0x18, 0x60, 0x18, 0x60, 0x10, 0x60, 0x00, 0x00, 0x00, 0x00, 0x00, 0x20, 0x00, 0x00, 0x00, 0x00, 0x00, 0x00, 0x00, 0x00, 0x08, 0x20, 0x00, 0x00, 0x00, 0x00, 0x00, 0x00, 0x00, 0x00, 0x00, 0x20, 0x00, 0x00, 0x08, 0x20, 0x08, 0x40, 0x10, 0x40, 0x08, 0x20, 0x00, 0x00, 0x00, 0x20, 0x00, 0x00, 0x08, 0x40, 0x08, 0x40, 0x08, 0x41, 0x00, 0x20,
  0x29, 0x45, 0x10, 0xc3, 0x00, 0x00, 0x08, 0x60, 0x10, 0x81, 0x10, 0x60, 0x18, 0x81, 0x18, 0x60, 0x10, 0x60, 0x10, 0x60, 0x00, 0x00, 0x00, 0x20, 0x00, 0x20, 0x00, 0x00, 0x00, 0x00, 0x00, 0x00, 0x00, 0x00, 0x00, 0x20, 0x00, 0x00, 0x00, 0x00, 0x00, 0x00, 0x00, 0x00, 0x00, 0x00, 0x00, 0x00, 0x08, 0x20, 0x10, 0x40, 0x10, 0x40, 0x08, 0x20, 0x00, 0x00, 0x00, 0x20, 0x00, 0x00, 0x08, 0x20, 0x08, 0x20, 0x08, 0x41, 0x00, 0x00,
  0x21, 0x24, 0x10, 0xa2, 0x00, 0x00, 0x08, 0x60, 0x10, 0x61, 0x10, 0x60, 0x18, 0x81, 0x10, 0x60, 0x10, 0x60, 0x08, 0x40, 0x00, 0x00, 0x00, 0x00, 0x00, 0x00, 0x00, 0x00, 0x00, 0x00, 0x00, 0x00, 0x00, 0x00, 0x08, 0x20, 0x00, 0x00, 0x00, 0x00, 0x00, 0x00, 0x00, 0x00, 0x00, 0x00, 0x00, 0x00, 0x00, 0x00, 0x00, 0x00, 0x08, 0x20, 0x08, 0x20, 0x00, 0x00, 0x00, 0x00, 0x00, 0x00, 0x08, 0x20, 0x08, 0x20, 0x08, 0x40, 0x00, 0x00,
  0x21, 0x04, 0x10, 0x82, 0x00, 0x00, 0x08, 0x40, 0x08, 0x40, 0x08, 0x20, 0x18, 0x81, 0x10, 0x60, 0x10, 0x60, 0x08, 0x40, 0x08, 0x20, 0x00, 0x20, 0x00, 0x00, 0x00, 0x00, 0x00, 0x00, 0x00, 0x00, 0x08, 0x20, 0x08, 0x00, 0x08, 0x20, 0x00, 0x00, 0x00, 0x00, 0x00, 0x00, 0x00, 0x00, 0x00, 0x00, 0x00, 0x00, 0x00, 0x00, 0x00, 0x00, 0x00, 0x00, 0x00, 0x00, 0x00, 0x00, 0x00, 0x00, 0x00, 0x00, 0x00, 0x00, 0x00, 0x00, 0x00, 0x00
};

static const uint8_t vfd_35x67_4[4690] = {
  0x00, 0x00, 0x00, 0x00, 0x00, 0x00, 0x00, 0x00, 0x00, 0x00, 0x00, 0x00, 0x00, 0x00, 0x00, 0x00, 0x00, 0x00, 0x00, 0x00, 0x00, 0x00, 0x00, 0x00, 0x00, 0x00, 0x00, 0x00, 0x00, 0x00, 0x00, 0x00, 0x29, 0x24, 0x52, 0x06, 0x00, 0x00, 0x00, 0x00, 0x00, 0x00, 0x00, 0x00, 0x00, 0x00, 0x00, 0x00, 0x00, 0x00, 0x00, 0x00, 0x00, 0x00, 0x00, 0x00, 0x00, 0x00, 0x00, 0x00, 0x00, 0x00, 0x00, 0x00, 0x00, 0x00, 0x00, 0x00, 0x00, 0x00,
  0x00, 0x00, 0x00, 0x00, 0x00, 0x00, 0x00, 0x00, 0x00, 0x00, 0x00, 0x00, 0x00, 0x00, 0x00, 0x00, 0x00, 0x00, 0x00, 0x00, 0x00, 0x00, 0x00, 0x00, 0x00, 0x00, 0x00, 0x00, 0x00, 0x00, 0x00, 0x00, 0x31, 0x65, 0x41, 0xe7, 0x00, 0x21, 0x00, 0x00, 0x00, 0x00, 0x00, 0x00, 0x00, 0x00, 0x00, 0x00, 0x00, 0x00, 0x00, 0x00, 0x00, 0x00, 0x00, 0x00, 0x00, 0x00, 0x00, 0x00, 0x00, 0x00, 0x00, 0x00, 0x00, 0x00, 0x00, 0x00, 0x00, 0x00,
  0x00, 0x00, 0x00, 0x00, 0x00, 0x00, 0x00, 0x00, 0x00, 0x00, 0x00, 0x00, 0x00, 0x00, 0x00, 0x00, 0x00, 0x00, 0x00, 0x00, 0x00, 0x00, 0x00, 0x00, 0x00, 0x00, 0x00, 0x00, 0x00, 0x00, 0x00, 0x00, 0x20, 0xc3, 0x52, 0x07, 0x00, 0x42, 0x00, 0x00, 0x00, 0x00, 0x00, 0x00, 0x00, 0x00, 0x00, 0x00, 0x00, 0x00, 0x00, 0x00, 0x00, 0x00, 0x00, 0x00, 0x00, 0x00, 0x00, 0x00, 0x00, 0x00, 0x00, 0x00, 0x00, 0x00, 0x00, 0x00, 0x00, 0x00,
  0x00, 0x00, 0x00, 0x00, 0x00, 0x00, 0x00, 0x00, 0x00, 0x00, 0x00, 0x00, 0x00, 0x00, 0x00, 0x00, 0x00, 0x00, 0x00, 0x00, 0x00, 0x00, 0x00, 0x00, 0x00, 0x00, 0x00, 0x00, 0x00, 0x00, 0x00, 0x00, 0x39, 0x43, 0x51, 0xa4, 0x08, 0x61, 0x00, 0x00, 0x00, 0x00, 0x00, 0x00, 0x00, 0x00, 0x00, 0x00, 0x00, 0x00, 0x00, 0x00, 0x00, 0x00, 0x00, 0x00, 0x00, 0x00, 0x00, 0x00, 0x00, 0x00, 0x00, 0x00, 0x00, 0x00, 0x00, 0x00, 0x00, 0x00,
  0x00, 0x00, 0x00, 0x00, 0x00, 0x00, 0x00, 0x00, 0x00, 0x00, 0x00, 0x00, 0x00, 0x00, 0x00, 0x00, 0x00, 0x00, 0x00, 0x00, 0x00, 0x00, 0x00, 0x00, 0x00, 0x00, 0x00, 0x00, 0x00, 0x00, 0x8c, 0x2e, 0x8b, 0x08, 0x5a, 0x05, 0x9b, 0xaa, 0x20, 0xe3, 0x00, 0x00, 0x00, 0x00, 0x00, 0x00, 0x00, 0x00, 0x00, 0x00, 0x00, 0x00, 0x00, 0x00, 0x00, 0x00, 0x00, 0x00, 0x00, 0x00, 0x00, 0x00, 0x00, 0x00, 0x00, 0x00, 0x00, 0x00, 0x00, 0x00,
  0x00, 0x00, 0x00, 0x00, 0x00, 0x00, 0x00, 0x00, 0x00, 0x00, 0x00, 0x00, 0x00, 0x00, 0x00, 0x00, 0x00, 0x00, 0x00, 0x00, 0x00, 0x00, 0x00, 0x00, 0x00, 0x00, 0x00, 0x20, 0x4a, 0x28, 0x41, 0xa5, 0x51, 0xc4, 0x72, 0xa7, 0x31, 0x02, 0x31, 0x44, 0x08, 0x40, 0x00, 0x00, 0x00, 0x00, 0x00, 0x00, 0x00, 0x00, 0x00, 0x00, 0x00, 0x00, 0x00, 0x00, 0x00, 0x00, 0x00, 0x00, 0x00, 0x00, 0x00, 0x00, 0x00, 0x00, 0x00, 0x00, 0x00, 0x00,
  0x00, 0x00, 0x00, 0x00, 0x00, 0x00, 0x00, 0x00, 0x00, 0x00, 0x00, 0x00, 0x00, 0x00, 0x00, 0x00, 0x00, 0x00, 0x00, 0x00, 0x00, 0x00, 0x00, 0x00, 0x00, 0x00, 0x08, 0x20, 0x08, 0x20, 0x00, 0x00, 0x20, 0xc2, 0x39, 0x64, 0x08, 0x41, 0x08, 0x20, 0x08, 0x00, 0x08, 0x61, 0x08, 0x61, 0x00, 0x00, 0x00, 0x00, 0x00, 0x00, 0x00, 0x00, 0x00, 0x00, 0x00, 0x00, 0x00, 0x00, 0x00, 0x00, 0x00, 0x00, 0x00, 0x00, 0x00, 0x00, 0x00, 0x00,
  0x00, 0x00, 0x00, 0x00, 0x00, 0x00, 0x00, 0x00, 0x00, 0x00, 0x00, 0x00, 0x00, 0x00, 0x00, 0x00, 0x00, 0x00, 0x00, 0x00, 0x10, 0x40, 0x08, 0x20, 0x00, 0x20, 0x00, 0x20, 0x00, 0x00, 0x00, 0x00, 0x39, 0x63, 0x62, 0x88, 0x00, 0x00, 0x00, 0x00, 0x00, 0x00, 0x00, 0x00, 0x08, 0x00, 0x08, 0x00, 0x00, 0x00, 0x00, 0x00, 0x00, 0x00, 0x00, 0x00, 0x00, 0x00, 0x00, 0x00, 0x00, 0x00, 0x00, 0x00, 0x00, 0x00, 0x00, 0x00, 0x00, 0x00,
  0x00, 0x00, 0x00, 0x00, 0x00, 0x00, 0x00, 0x00, 0x00, 0x00, 0x00, 0x00, 0x00, 0x00, 0x00, 0x00, 0x00, 0x41, 0x08, 0x41, 0x08, 0x61, 0x10, 0x61, 0x18, 0xa2, 0x20, 0xe2, 0x20, 0xe2, 0x10, 0x81, 0x39, 0x43, 0x41, 0xa4, 0x10, 0x61, 0x10, 0x61, 0x08, 0x40, 0x08, 0x40, 0x08, 0x20, 0x08, 0x20, 0x08, 0x20, 0x08, 0x40, 0x08, 0x20, 0x00, 0x00, 0x00, 0x00, 0x00, 0x00, 0x00, 0x00, 0x00, 0x00, 0x00, 0x00, 0x00, 0x00, 0x00, 0x00,
  0x00, 0x00, 0x00, 0x00, 0x00, 0x20, 0x21, 0x24, 0x08, 0x41, 0x3a, 0x08, 0x63, 0x8e, 0x73, 0x8c, 0x7b, 0x2a, 0x72, 0xe8, 0x72, 0xa7, 0x72, 0x86, 0x72, 0x66, 0x59, 0xe5, 0x51, 0xc4, 0x62, 0x04, 0x62, 0x05, 0x51, 0xc4, 0x51, 0xc4, 0x51, 0xe5, 0x49, 0xa4, 0x5a, 0x05, 0x52, 0x05, 0x31, 0x43, 0x20, 0xe2, 0x18, 0xa2, 0x10, 0xa2, 0x18, 0xa2, 0x18, 0xa2, 0x08, 0x40, 0x08, 0x41, 0x6b, 0x4d, 0x18, 0xe3, 0x00, 0x00, 0x00, 0x00,
  0x00, 0x00, 0x00, 0x00, 0x21, 0x24, 0x83, 0xef, 0x6b, 0x4d, 0x62, 0xab, 0x6a, 0xc9, 0x62, 0x24, 0x59, 0xe3, 0x6a, 0x44, 0x82, 0xc5, 0x7a, 0x64, 0x61, 0xe4, 0x51, 0xa3, 0x49, 0x82, 0x59, 0xe4, 0x6a, 0x04, 0x41, 0x83, 0x59, 0xc4, 0x62, 0x05, 0x6a, 0x45, 0x6a, 0x45, 0x6a, 0x45, 0x72, 0x66, 0x6a, 0x45, 0x7a, 0x85, 0x82, 0xc6, 0x39, 0x64, 0x29, 0x03, 0x31, 0x23, 0x31, 0x65, 0x31, 0x86, 0x39, 0xe7, 0x10, 0x82, 0x00, 0x00,
  0x00, 0x00, 0x31, 0xa6, 0x83, 0xef, 0x52, 0xcb, 0x08, 0x00, 0x38, 0xe0, 0x51, 0x82, 0x51, 0xa2, 0x6a, 0x03, 0x72, 0x23, 0x49, 0x62, 0x39, 0x22, 0x41, 0x62, 0x49, 0x62, 0x30, 0xe2, 0x08, 0x61, 0x10, 0x61, 0x20, 0xc2, 0x41, 0x43, 0x51, 0xa4, 0x59, 0xe4, 0x59, 0xe4, 0x62, 0x04, 0x62, 0x04, 0x62, 0x25, 0x7a, 0x65, 0x82, 0x86, 0x72, 0x45, 0x31, 0x43, 0x20, 0xc2, 0x20, 0xe2, 0x29, 0x44, 0x21, 0x44, 0x10, 0xa2, 0x00, 0x00,
  0x00, 0x00, 0xad, 0x55, 0x52, 0x69, 0x18, 0x60, 0x20, 0xa2, 0x10, 0x00, 0x28, 0xa0, 0x9b, 0x66, 0x61, 0xe3, 0x49, 0x42, 0x51, 0x83, 0x51, 0xa3, 0x39, 0x02, 0x18, 0x81, 0x10, 0x60, 0x10, 0x61, 0x10, 0x61, 0x10, 0x61, 0x18, 0x81, 0x20, 0xc2, 0x41, 0x63, 0x59, 0xc4, 0x62, 0x04, 0x62, 0x04, 0x62, 0x04, 0x62, 0x04, 0x62, 0x04, 0x49, 0xc4, 0x49, 0xc5, 0x18, 0xa2, 0x29, 0x03, 0x31, 0x44, 0x41, 0xe7, 0x21, 0x24, 0x10, 0x60,
  0x31, 0xc7, 0x7b, 0xef, 0x28, 0xe3, 0x18, 0xc2, 0xa3, 0xa8, 0xff, 0x30, 0xff, 0xf2, 0x82, 0x25, 0x6a, 0x45, 0x62, 0x25, 0x72, 0x65, 0x72, 0x25, 0x39, 0x43, 0x39, 0x44, 0x31, 0x23, 0x29, 0x03, 0x18, 0xe3, 0x31, 0x44, 0x29, 0x44, 0x41, 0x84, 0x51, 0xa4, 0x62, 0x26, 0x7a, 0xa7, 0x7a, 0xa7, 0x72, 0xa7, 0x7a, 0xe8, 0x83, 0x08, 0x7a, 0x86, 0xfd, 0xac, 0xf5, 0x4c, 0x51, 0xe5, 0x41, 0x64, 0x41, 0xc6, 0x39, 0xe7, 0x08, 0x20,
  0x5a, 0xcb, 0x63, 0x0b, 0x00, 0x00, 0x00, 0x00, 0x93, 0x68, 0xff, 0xf3, 0xbb, 0x64, 0x28, 0xa2, 0x5a, 0x46, 0x52, 0x05, 0x41, 0x84, 0x21, 0x03, 0x29, 0x23, 0x31, 0x44, 0x29, 0x24, 0x31, 0x64, 0xc2, 0xc4, 0xb2, 0xe4, 0x52, 0x04, 0x31, 0x64, 0x49, 0xa5, 0x39, 0xa5, 0x5a, 0x47, 0x62, 0x87, 0x6a, 0xa8, 0x72, 0xe9, 0x83, 0x8a, 0x59, 0xe5, 0x9a, 0x85, 0xfd, 0xed, 0x08, 0x82, 0x00, 0x41, 0x18, 0xa2, 0x39, 0xc7, 0x08, 0x20,
  0x5a, 0xeb, 0x4a, 0x28, 0x00, 0x40, 0x08, 0x61, 0x59, 0xa3, 0x69, 0x00, 0x00, 0x00, 0x20, 0xa1, 0x10, 0x40, 0x08, 0x20, 0x10, 0x40, 0x00, 0x20, 0x00, 0x20, 0x08, 0x40, 0x00, 0x00, 0x61, 0xa2, 0x41, 0x01, 0x00, 0x40, 0x9a, 0x43, 0x00, 0x00, 0x08, 0x40, 0x08, 0x41, 0x00, 0x20, 0x18, 0x81, 0x08, 0x40, 0x08, 0x20, 0x20, 0xa1, 0x00, 0x41, 0x00, 0x00, 0x72, 0x04, 0x00, 0x42, 0x10, 0x81, 0x18, 0xc3, 0x31, 0xa7, 0x08, 0x40,
  0x63, 0x0c, 0x42, 0x08, 0x00, 0x20, 0x08, 0x81, 0x69, 0xe3, 0x61, 0x82, 0x08, 0x81, 0x18, 0x81, 0x18, 0x60, 0x10, 0x60, 0x08, 0x20, 0x08, 0x40, 0x00, 0x20, 0x00, 0x20, 0x00, 0x20, 0x18, 0xc1, 0x41, 0x21, 0x51, 0x82, 0x49, 0x42, 0x00, 0x20, 0x08, 0x40, 0x08, 0x40, 0x10, 0x61, 0x18, 0xa1, 0x18, 0xa1, 0x20, 0xc2, 0x20, 0xc2, 0x29, 0x02, 0x31, 0x02, 0x6a, 0x04, 0x00, 0x82, 0x08, 0x81, 0x18, 0xc3, 0x39, 0xc7, 0x08, 0x40,
  0x63, 0x0c, 0x4a, 0x49, 0x08, 0x40, 0x08, 0x81, 0x61, 0xc3, 0x69, 0xc2, 0x31, 0x23, 0x41, 0x63, 0x39, 0x43, 0x39, 0x23, 0x31, 0x23, 0x21, 0x03, 0x28, 0xe3, 0x31, 0x03, 0x31, 0x03, 0x28, 0xc2, 0x38, 0x41, 0x61, 0x41, 0x08, 0x41, 0x18, 0xa2, 0x20, 0xc2, 0x18, 0xa2, 0x20, 0xe2, 0x31, 0x23, 0x39, 0x43, 0x41, 0x84, 0x49, 0xc4, 0x51, 0xc5, 0x41, 0x83, 0x69, 0xe4, 0x00, 0x82, 0x08, 0x81, 0x18, 0xc3, 0x39, 0xc7, 0x08, 0x41,
  0x5b, 0x0c, 0x42, 0x28, 0x00, 0x40, 0x08, 0x81, 0x6a, 0x03, 0x79, 0xe3, 0x08, 0x81, 0x31, 0x02, 0x28, 0xe2, 0x20, 0xa1, 0x31, 0x23, 0x10, 0x81, 0x18, 0xa2, 0x20, 0xe2, 0x28, 0xa1, 0x10, 0x02, 0xd3, 0xa1, 0xfc, 0x61, 0x00, 0x01, 0x10, 0x61, 0x18, 0xa1, 0x18, 0xa2, 0x10, 0x81, 0x18, 0xa1, 0x20, 0xa1, 0x28, 0xc2, 0x28, 0xe2, 0x39, 0x43, 0x51, 0xa4, 0x69, 0xe4, 0x00, 0x62, 0x08, 0x81, 0x18, 0xc2, 0x31, 0xc7, 0x08, 0x41,
  0x5b, 0x0c, 0x42, 0x28, 0x00, 0x20, 0x08, 0x61, 0x6a, 0x03, 0x82, 0x03, 0x10, 0x81, 0x20, 0xa1, 0x20, 0xa1, 0x20, 0xa1, 0x31, 0x23, 0x18, 0xe2, 0x18, 0xa2, 0x18, 0x81, 0x00, 0x62, 0x28, 0x83, 0xfc, 0xc0, 0x78, 0xe1, 0x00, 0x21, 0x10, 0x60, 0x10, 0x61, 0x18, 0x61, 0x20, 0xe3, 0x29, 0x03, 0x20, 0xa1, 0x28, 0xc2, 0x28, 0xc1, 0x49, 0xa4, 0x39, 0x43, 0x69, 0xc4, 0x00, 0x82, 0x08, 0x81, 0x18, 0xc3, 0x39, 0xc7, 0x10, 0x41,
  0x5a, 0xeb, 0x42, 0x48, 0x00, 0x20, 0x08, 0x61, 0x6a, 0x03, 0x8a, 0x23, 0x10, 0x81, 0x20, 0xa1, 0x20, 0xa1, 0x31, 0x02, 0x39, 0x43, 0x18, 0xa2, 0x18, 0x81, 0x18, 0x81, 0x00, 0x44, 0xfc, 0x61, 0xfd, 0x60, 0x28, 0x02, 0x10, 0x81, 0x18, 0x61, 0x10, 0x61, 0x10, 0x40, 0x10, 0x81, 0x31, 0x23, 0x41, 0x64, 0x28, 0xe2, 0x39, 0x43, 0x41, 0x84, 0x39, 0x22, 0x69, 0xc4, 0x00, 0x82, 0x08, 0x81, 0x10, 0xa2, 0x31, 0xa6, 0x08, 0x61,
  0x5b, 0x0c, 0x41, 0xe7, 0x00, 0x20, 0x00, 0x61, 0x72, 0x43, 0x92, 0x64, 0x08, 0x41, 0x28, 0xc1, 0x30, 0xe2, 0x49, 0xa4, 0x30, 0xe2, 0x10, 0x61, 0x18, 0x81, 0x20, 0xe3, 0x10, 0x03, 0xfc, 0xe0, 0x81, 0x22, 0x30, 0xc2, 0x20, 0xa1, 0x18, 0x81, 0x18, 0x61, 0x10, 0x61, 0x10, 0x61, 0x20, 0xc2, 0x41, 0x64, 0x49, 0xc5, 0x41, 0x43, 0x31, 0x23, 0x39, 0x02, 0x71, 0xe4, 0x00, 0x62, 0x10, 0x81, 0x10, 0x81, 0x31, 0x86, 0x08, 0x61,
  0x5b, 0x0c, 0x39, 0xe7, 0x08, 0x40, 0x08, 0x61, 0x6a, 0x03, 0x92, 0x63, 0x10, 0x81, 0x28, 0xc2, 0x41, 0x84, 0x41, 0x63, 0x28, 0xc2, 0x10, 0x61, 0x28, 0xe3, 0x00, 0x03, 0xdb, 0x41, 0xfd, 0x20, 0x18, 0x03, 0x41, 0x02, 0x20, 0xa1, 0x20, 0x81, 0x18, 0x61, 0x10, 0x61, 0x10, 0x61, 0x10, 0x81, 0x41, 0x63, 0x49, 0xa4, 0x41, 0x84, 0x31, 0x02, 0x31, 0x02, 0x71, 0xe4, 0x00, 0x62, 0x10, 0x81, 0x10, 0x82, 0x31, 0x86, 0x10, 0x61,
  0x5a, 0xec, 0x39, 0xe7, 0x08, 0x41, 0x08, 0x81, 0x59, 0xa3, 0x92, 0x23, 0x08, 0x81, 0x41, 0x43, 0x39, 0x23, 0x39, 0x23, 0x18, 0x81, 0x20, 0xc2, 0x20, 0xe3, 0x10, 0x03, 0xfd, 0xa0, 0x58, 0xa2, 0x20, 0x82, 0x41, 0x02, 0x28, 0xa1, 0x20, 0x81, 0x18, 0x81, 0x18, 0x61, 0x10, 0x61, 0x20, 0xc2, 0x41, 0x63, 0x41, 0x63, 0x51, 0xc5, 0x28, 0xe2, 0x39, 0x22, 0x71, 0xe4, 0x00, 0x21, 0x08, 0x61, 0x08, 0x81, 0x31, 0x86, 0x10, 0x61,
  0x5a, 0xeb, 0x39, 0xe7, 0x00, 0x20, 0x08, 0x81, 0x59, 0xc3, 0x82, 0x03, 0x18, 0xe2, 0x39, 0x22, 0x39, 0x23, 0x41, 0x63, 0x20, 0xa1, 0x20, 0xe3, 0x00, 0x03, 0xb3, 0x02, 0xfe, 0x60, 0x00, 0x03, 0x38, 0xe2, 0x38, 0xe2, 0x28, 0xa1, 0x20, 0x81, 0x20, 0xa1, 0x18, 0x61, 0x10, 0x61, 0x29, 0x02, 0x28, 0xc2, 0x39, 0x43, 0x49, 0xa4, 0x39, 0x23, 0x39, 0x02, 0x7a, 0x04, 0x00, 0x62, 0x10, 0x81, 0x10, 0x82, 0x31, 0x86, 0x08, 0x61,
  0x5a, 0xeb, 0x39, 0xe7, 0x00, 0x20, 0x08, 0x81, 0x51, 0x82, 0x79, 0xe2, 0x39, 0x63, 0x31, 0x02, 0x41, 0x83, 0x39, 0x22, 0x28, 0xe2, 0x10, 0xc3, 0x08, 0x03, 0xfd, 0x60, 0x79, 0x22, 0x00, 0x22, 0x38, 0xc1, 0x38, 0xe2, 0x28, 0xa1, 0x20, 0xa1, 0x18, 0x81, 0x18, 0x81, 0x29, 0x03, 0x18, 0x81, 0x20, 0xa1, 0x41, 0x64, 0x39, 0x43, 0x39, 0x43, 0x41, 0x43, 0x7a, 0x25, 0x00, 0x82, 0x10, 0x82, 0x10, 0x82, 0x31, 0x86, 0x08, 0x61,
  0x5a, 0xeb, 0x39, 0xe7, 0x00, 0x40, 0x10, 0x81, 0x41, 0x42, 0x71, 0xc2, 0x41, 0x83, 0x39, 0x02, 0x49, 0x83, 0x39, 0x02, 0x30, 0xe2, 0x00, 0x03, 0xb3, 0x62, 0xfe, 0x20, 0x00, 0x03, 0x28, 0xa1, 0x38, 0xc1, 0x38, 0xe2, 0x28, 0xa1, 0x20, 0x81, 0x18, 0x81, 0x31, 0x23, 0x20, 0xc2, 0x18, 0x81, 0x20, 0xa1, 0x41, 0x84, 0x41, 0x63, 0x31, 0x02, 0x49, 0x83, 0x8a, 0x45, 0x00, 0x62, 0x10, 0x81, 0x10, 0x82, 0x31, 0x86, 0x10, 0x61,
  0x5a, 0xcb, 0x39, 0xa7, 0x00, 0x40, 0x08, 0x81, 0x49, 0x62, 0x71, 0xe3, 0x39, 0x43, 0x39, 0x22, 0x49, 0xa4, 0x41, 0x43, 0x20, 0xc2, 0x00, 0x04, 0xfd, 0x20, 0x9a, 0x02, 0x00, 0x02, 0x30, 0xa1, 0x38, 0xc1, 0x38, 0xe2, 0x28, 0xa1, 0x18, 0x61, 0x28, 0xe2, 0x31, 0x03, 0x10, 0x61, 0x18, 0x81, 0x28, 0xc2, 0x41, 0x84, 0x41, 0x84, 0x28, 0xe2, 0x51, 0xa4, 0x7a, 0x24, 0x00, 0x21, 0x08, 0x61, 0x08, 0x81, 0x31, 0x86, 0x10, 0x61,
  0x5a, 0xcb, 0x39, 0xc7, 0x00, 0x20, 0x08, 0x81, 0x51, 0x62, 0x79, 0xe2, 0x39, 0x63, 0x41, 0x22, 0x41, 0x63, 0x41, 0x43, 0x00, 0x02, 0xaa, 0xc2, 0xfe, 0x00, 0x08, 0x03, 0x20, 0xa2, 0x30, 0xa1, 0x38, 0xc1, 0x38, 0xe2, 0x28, 0x81, 0x28, 0xc2, 0x28, 0xe3, 0x10, 0x61, 0x18, 0x82, 0x10, 0x61, 0x31, 0x02, 0x41, 0x84, 0x31, 0x02, 0x31, 0x23, 0x51, 0x83, 0x82, 0x44, 0x00, 0x42, 0x10, 0x81, 0x10, 0x82, 0x31, 0x86, 0x10, 0x81,
  0x5a, 0xcb, 0x39, 0xc6, 0x00, 0x20, 0x08, 0x61, 0x49, 0x42, 0x79, 0xc2, 0x31, 0x43, 0x41, 0x22, 0x49, 0xa4, 0x39, 0x22, 0x00, 0x03, 0xfe, 0xa0, 0xaa, 0xc2, 0x00, 0x02, 0x28, 0xa1, 0x30, 0xa1, 0x30, 0xc2, 0x30, 0xe2, 0x28, 0xa1, 0x31, 0x23, 0x18, 0x81, 0x18, 0x61, 0x18, 0x82, 0x18, 0x81, 0x41, 0x43, 0x41, 0x64, 0x28, 0xc1, 0x31, 0x03, 0x51, 0x84, 0x8a, 0x65, 0x00, 0x62, 0x10, 0x82, 0x10, 0x82, 0x31, 0x86, 0x10, 0x81,
  0x5a, 0xcb, 0x39, 0xc6, 0x00, 0x20, 0x00, 0x61, 0x51, 0x62, 0x79, 0xc2, 0x39, 0x63, 0x49, 0x63, 0x41, 0x43, 0x10, 0xc3, 0x9a, 0x42, 0xfd, 0xe0, 0x10, 0x03, 0x20, 0xa2, 0x28, 0x81, 0x10, 0x81, 0x91, 0x21, 0x89, 0x42, 0x21, 0x23, 0x20, 0xa2, 0x18, 0x81, 0x18, 0x81, 0x18, 0x82, 0x20, 0xa2, 0x41, 0x84, 0x28, 0xe2, 0x28, 0xa1, 0x39, 0x23, 0x51, 0xa4, 0x82, 0x45, 0x00, 0x42, 0x10, 0x82, 0x10, 0xa2, 0x31, 0xa6, 0x10, 0x81,
  0x52, 0xcb, 0x39, 0xc7, 0x00, 0x20, 0x00, 0x61, 0x51, 0x62, 0x79, 0xc2, 0x39, 0x63, 0x49, 0x83, 0x41, 0x43, 0x08, 0x03, 0xfc, 0xa2, 0xaa, 0x82, 0x00, 0x02, 0x28, 0x81, 0x28, 0xa1, 0x00, 0x02, 0xfd, 0x60, 0xfd, 0x61, 0x08, 0x03, 0x18, 0x81, 0x18, 0x81, 0x18, 0x61, 0x18, 0x81, 0x28, 0xe2, 0x39, 0x23, 0x20, 0xa1, 0x20, 0x81, 0x41, 0x63, 0x51, 0x83, 0x8a, 0x44, 0x00, 0x42, 0x10, 0x82, 0x18, 0xc3, 0x31, 0xa6, 0x10, 0x81,
  0x52, 0xaa, 0x39, 0xe7, 0x00, 0x20, 0x00, 0x61, 0x41, 0x42, 0x71, 0xa1, 0x31, 0x23, 0x51, 0xc4, 0x10, 0xc3, 0x71, 0xa2, 0xfd, 0xc0, 0x00, 0x03, 0x20, 0xa2, 0x28, 0xc2, 0x30, 0xc2, 0x18, 0x83, 0xa3, 0x02, 0xaa, 0xa2, 0x28, 0xa3, 0x28, 0xa2, 0x20, 0x82, 0x18, 0x81, 0x20, 0xc2, 0x31, 0x03, 0x20, 0xa1, 0x20, 0xa1, 0x20, 0xa1, 0x41, 0x84, 0x49, 0x63, 0x71, 0xc3, 0x00, 0x41, 0x10, 0x82, 0x18, 0xc3, 0x31, 0xa6, 0x10, 0x81,
  0x52, 0xaa, 0x39, 0xc7, 0x00, 0x20, 0x00, 0x61, 0x51, 0x62, 0x71, 0xa2, 0x39, 0x43, 0x51, 0xa4, 0x00, 0x03, 0xfe, 0x01, 0xdb, 0x61, 0x10, 0x64, 0x31, 0x03, 0x30, 0xe3, 0x28, 0xa2, 0x08, 0x03, 0xfd, 0xa1, 0xe4, 0x21, 0x08, 0x03, 0x28, 0xc2, 0x28, 0xe3, 0x31, 0x03, 0x20, 0xe2, 0x28, 0xc2, 0x20, 0x81, 0x20, 0xa1, 0x31, 0x02, 0x39, 0x43, 0x30, 0xe1, 0x59, 0x62, 0x00, 0x41, 0x10, 0x82, 0x18, 0xc2, 0x31, 0xa6, 0x10, 0x81,
  0x52, 0xaa, 0x39, 0xa7, 0x00, 0x20, 0x00, 0x61, 0x51, 0x62, 0x79, 0xa1, 0x41, 0x83, 0x31, 0x44, 0xaa, 0xc3, 0xfd, 0xa1, 0x18, 0x23, 0x18, 0xa2, 0x20, 0x81, 0x20, 0xa1, 0x28, 0xe3, 0x10, 0x43, 0xdb, 0xc1, 0xc3, 0x21, 0x20, 0x83, 0x31, 0x44, 0x20, 0xc2, 0x18, 0x61, 0x20, 0xc2, 0x28, 0xe3, 0x20, 0x61, 0x28, 0xe2, 0x41, 0x63, 0x31, 0x23, 0x28, 0xa1, 0x41, 0x01, 0x00, 0x61, 0x10, 0x82, 0x18, 0xc3, 0x31, 0xa6, 0x10, 0x81,
  0x52, 0xaa, 0x31, 0xa6, 0x00, 0x20, 0x00, 0x61, 0x49, 0x42, 0x79, 0x81, 0x39, 0x64, 0x28, 0xc4, 0xd3, 0x83, 0x72, 0x43, 0x00, 0x02, 0x20, 0xa2, 0x20, 0xa2, 0x20, 0xa1, 0x28, 0xa1, 0x08, 0x02, 0xfd, 0x01, 0xe4, 0x01, 0x08, 0x02, 0x28, 0xa1, 0x20, 0xa2, 0x18, 0x81, 0x20, 0xe3, 0x20, 0xc2, 0x30, 0xe2, 0x39, 0x23, 0x28, 0xc2, 0x28, 0xe2, 0x20, 0x80, 0x41, 0x01, 0x00, 0x61, 0x10, 0x82, 0x18, 0xc3, 0x31, 0xa6, 0x10, 0x81,
  0x52, 0xaa, 0x31, 0xa6, 0x00, 0x20, 0x00, 0x61, 0x49, 0x62, 0x79, 0xc2, 0x29, 0x23, 0x51, 0x23, 0xdb, 0xc2, 0xa9, 0xc2, 0x10, 0xc2, 0x20, 0x82, 0x20, 0x81, 0x20, 0x81, 0x28, 0x81, 0x08, 0x02, 0xfd, 0x41, 0xe4, 0x01, 0x10, 0x02, 0x20, 0x81, 0x20, 0x81, 0x20, 0xa1, 0x29, 0x03, 0x20, 0xc2, 0x39, 0x02, 0x41, 0x43, 0x20, 0xa1, 0x18, 0xa2, 0x18, 0x60, 0x41, 0x21, 0x00, 0x61, 0x10, 0x82, 0x18, 0xc3, 0x31, 0xa6, 0x10, 0x81,
  0x52, 0xaa, 0x31, 0xa6, 0x00, 0x20, 0x00, 0x41, 0x49, 0x42, 0x81, 0xc2, 0x28, 0xc4, 0xbb, 0x42, 0xfd, 0xa2, 0x20, 0x43, 0x30, 0xc2, 0x20, 0xa2, 0x20, 0x81, 0x20, 0x81, 0x28, 0xa1, 0x00, 0x02, 0xf4, 0x61, 0xe3, 0xa1, 0x20, 0x23, 0x30, 0xe2, 0x30, 0xe2, 0x28, 0xe2, 0x20, 0xe2, 0x18, 0x81, 0x30, 0xe2, 0x41, 0x43, 0x41, 0x43, 0x10, 0x61, 0x20, 0x60, 0x49, 0x21, 0x00, 0x41, 0x10, 0x82, 0x18, 0xc3, 0x31, 0xa6, 0x10, 0x81,
  0x52, 0xaa, 0x31, 0x86, 0x00, 0x20, 0x00, 0x61, 0x51, 0x22, 0x89, 0xc2, 0x48, 0x64, 0xf4, 0xe1, 0x59, 0x43, 0x18, 0x82, 0x28, 0xa1, 0x28, 0xe3, 0x28, 0xc2, 0x28, 0xa1, 0x20, 0x81, 0x30, 0x02, 0xfd, 0xa0, 0xeb, 0xc1, 0x18, 0x02, 0x28, 0xa1, 0x20, 0x81, 0x30, 0xe2, 0x31, 0x03, 0x20, 0xa2, 0x28, 0xc1, 0x39, 0x23, 0x41, 0x43, 0x10, 0x81, 0x28, 0x81, 0x59, 0x42, 0x00, 0x41, 0x10, 0x82, 0x10, 0xc2, 0x31, 0xa6, 0x08, 0x61,
  0x52, 0xaa, 0x31, 0x86, 0x00, 0x20, 0x00, 0x41, 0x59, 0x62, 0x70, 0xc2, 0xbc, 0x42, 0xec, 0xe2, 0x00, 0x03, 0x38, 0xe1, 0x28, 0xc2, 0x20, 0x81, 0x28, 0xa2, 0x38, 0xe2, 0x38, 0xe3, 0x38, 0x44, 0xfd, 0x81, 0xe3, 0xc1, 0x20, 0x02, 0x38, 0xe2, 0x30, 0xe2, 0x30, 0xe3, 0x18, 0x82, 0x28, 0xc2, 0x38, 0xe2, 0x39, 0x02, 0x30, 0xe2, 0x20, 0xe2, 0x20, 0x80, 0x61, 0x62, 0x00, 0x41, 0x10, 0x82, 0x10, 0xc2, 0x31, 0xa6, 0x08, 0x61,
  0x52, 0xaa, 0x31, 0x85, 0x00, 0x20, 0x00, 0x41, 0x59, 0x42, 0x79, 0x63, 0xdc, 0xe2, 0x00, 0x04, 0x00, 0x03, 0x10, 0x43, 0x00, 0x02, 0x00, 0x03, 0x18, 0x03, 0x18, 0x03, 0x00, 0x22, 0x00, 0x03, 0xfc, 0x81, 0xdb, 0x61, 0x00, 0x03, 0x08, 0x02, 0x10, 0x63, 0x00, 0x23, 0x00, 0x03, 0x00, 0x03, 0x08, 0x63, 0x41, 0x63, 0x20, 0xa2, 0x20, 0xc2, 0x28, 0xa1, 0x69, 0x62, 0x00, 0x41, 0x08, 0x81, 0x10, 0xc2, 0x31, 0xa6, 0x08, 0x41,
  0x52, 0xaa, 0x29, 0x85, 0x00, 0x20, 0x00, 0x41, 0x49, 0x22, 0x9a, 0x63, 0xec, 0xa2, 0xfd, 0x02, 0xec, 0x21, 0xe3, 0x61, 0xec, 0x62, 0xd3, 0x21, 0xfb, 0xc1, 0xe3, 0xc1, 0xc2, 0x61, 0xd3, 0x01, 0xfe, 0x80, 0xf4, 0xc1, 0xdb, 0x41, 0xd2, 0xe1, 0x92, 0x42, 0xcb, 0x62, 0xaa, 0x22, 0xe3, 0xc2, 0xdb, 0x22, 0x69, 0x63, 0x00, 0x41, 0x28, 0xc2, 0x38, 0xe1, 0x61, 0x41, 0x00, 0x41, 0x08, 0x81, 0x18, 0xc2, 0x31, 0xa6, 0x08, 0x41,
  0x52, 0xaa, 0x31, 0xa6, 0x00, 0x20, 0x00, 0x41, 0x61, 0x82, 0x69, 0x63, 0x89, 0xa2, 0xfd, 0xc1, 0xfc, 0x81, 0xfc, 0x41, 0xfd, 0x61, 0xfc, 0x21, 0xfc, 0x61, 0xfd, 0x21, 0xfc, 0x41, 0xfc, 0x81, 0xff, 0x80, 0xfe, 0x40, 0xfd, 0x01, 0xfd, 0x81, 0xc3, 0x62, 0xfd, 0x41, 0xfc, 0xe1, 0xfd, 0x81, 0xfd, 0xc1, 0xa9, 0xe2, 0x00, 0x21, 0x20, 0xa2, 0x49, 0x22, 0x71, 0x61, 0x00, 0x41, 0x10, 0x81, 0x10, 0xc2, 0x31, 0xa6, 0x10, 0x81,
  0x52, 0xaa, 0x31, 0x86, 0x00, 0x20, 0x00, 0x21, 0x61, 0x82, 0x71, 0xc3, 0x20, 0xe2, 0x40, 0x02, 0x00, 0x03, 0x30, 0x63, 0x48, 0x03, 0x00, 0x03, 0x00, 0x03, 0x00, 0x03, 0x10, 0x03, 0x00, 0x03, 0xfc, 0x21, 0xcb, 0x01, 0x00, 0x03, 0x18, 0x03, 0x18, 0x63, 0x00, 0x03, 0x00, 0x04, 0x00, 0x03, 0x38, 0x84, 0x20, 0xc3, 0x08, 0x40, 0x20, 0xc2, 0x49, 0x22, 0x69, 0x61, 0x00, 0x41, 0x10, 0x82, 0x10, 0xc2, 0x31, 0xa6, 0x10, 0x81,
  0x52, 0xaa, 0x29, 0x86, 0x00, 0x20, 0x00, 0x20, 0x61, 0x82, 0x79, 0xe3, 0x20, 0xe2, 0x49, 0x42, 0x39, 0x02, 0x51, 0x63, 0x18, 0xa2, 0x20, 0xa2, 0x28, 0xa2, 0x30, 0xc2, 0x38, 0xc2, 0x18, 0x02, 0xfd, 0x01, 0xdb, 0xa1, 0x20, 0x02, 0x41, 0x03, 0x30, 0xe2, 0x28, 0xa1, 0x20, 0xa2, 0x28, 0xe3, 0x59, 0xa4, 0x08, 0x61, 0x18, 0x81, 0x18, 0xa2, 0x51, 0x22, 0x69, 0x61, 0x00, 0x21, 0x10, 0x82, 0x10, 0xa2, 0x31, 0xa6, 0x08, 0x61,
  0x52, 0xaa, 0x31, 0x86, 0x00, 0x20, 0x00, 0x20, 0x69, 0xa2, 0x81, 0xe3, 0x18, 0xe2, 0x49, 0x43, 0x51, 0x83, 0x39, 0x02, 0x28, 0xa2, 0x20, 0xa2, 0x28, 0xa2, 0x30, 0xc2, 0x30, 0xa1, 0x18, 0x02, 0xfd, 0x41, 0xdb, 0xc1, 0x28, 0x02, 0x39, 0x23, 0x28, 0xc2, 0x28, 0xa1, 0x20, 0x82, 0x41, 0x44, 0x49, 0x43, 0x08, 0x61, 0x18, 0xa1, 0x18, 0xc2, 0x51, 0x42, 0x79, 0x81, 0x00, 0x41, 0x10, 0x82, 0x10, 0xa2, 0x31, 0xa6, 0x08, 0x61,
  0x52, 0xaa, 0x31, 0xa6, 0x00, 0x20, 0x00, 0x20, 0x61, 0xa2, 0x8a, 0x02, 0x21, 0x02, 0x39, 0x22, 0x49, 0x63, 0x30, 0xe1, 0x20, 0xa1, 0x20, 0xa2, 0x28, 0xa2, 0x30, 0xa2, 0x38, 0xc2, 0x18, 0x03, 0xfc, 0xe1, 0xdb, 0xa1, 0x20, 0x02, 0x38, 0xe2, 0x28, 0xa1, 0x20, 0x81, 0x28, 0xc2, 0x41, 0x84, 0x28, 0xa1, 0x20, 0xa2, 0x10, 0x61, 0x29, 0x03, 0x41, 0x22, 0x71, 0x81, 0x00, 0x41, 0x10, 0x82, 0x10, 0xa2, 0x31, 0xa6, 0x08, 0x61,
  0x52, 0xaa, 0x31, 0xa6, 0x00, 0x20, 0x00, 0x20, 0x61, 0xa2, 0x79, 0xe2, 0x39, 0x63, 0x41, 0x43, 0x41, 0x43, 0x38, 0xe1, 0x20, 0xa1, 0x20, 0xa1, 0x28, 0xa2, 0x30, 0xc2, 0x30, 0xa2, 0x18, 0x03, 0xfd, 0x21, 0xe3, 0xc1, 0x28, 0x23, 0x38, 0xe2, 0x28, 0xa2, 0x20, 0xa1, 0x39, 0x24, 0x31, 0x23, 0x28, 0xc1, 0x20, 0xc2, 0x10, 0x61, 0x31, 0x23, 0x28, 0xc1, 0x71, 0x82, 0x00, 0x21, 0x08, 0x82, 0x10, 0xa2, 0x31, 0xa6, 0x10, 0x82,
  0x52, 0xaa, 0x31, 0xa6, 0x00, 0x20, 0x00, 0x21, 0x69, 0xc2, 0x71, 0xa2, 0x49, 0xc4, 0x41, 0x22, 0x41, 0x22, 0x39, 0x22, 0x20, 0xa1, 0x20, 0x81, 0x20, 0xa2, 0x28, 0xa2, 0x30, 0xa1, 0x18, 0x03, 0xfd, 0x41, 0xe3, 0xe1, 0x30, 0x83, 0x30, 0xc2, 0x28, 0xa2, 0x30, 0xe3, 0x31, 0x23, 0x28, 0xe2, 0x28, 0xe2, 0x18, 0xa2, 0x28, 0xc2, 0x18, 0xc2, 0x20, 0x81, 0x71, 0xa2, 0x00, 0x41, 0x10, 0xa2, 0x10, 0xc2, 0x31, 0xa6, 0x10, 0xa2,
  0x52, 0xaa, 0x31, 0xa6, 0x00, 0x20, 0x00, 0x21, 0x69, 0xc2, 0x79, 0xa2, 0x31, 0x43, 0x41, 0x63, 0x30, 0xe1, 0x41, 0x23, 0x20, 0x81, 0x20, 0xa2, 0x20, 0xa2, 0x28, 0xa2, 0x30, 0xc2, 0x10, 0x03, 0xfc, 0xa1, 0xec, 0x01, 0x28, 0x23, 0x30, 0xc2, 0x28, 0xc2, 0x39, 0x23, 0x28, 0xe3, 0x28, 0xe2, 0x28, 0xe2, 0x20, 0xa2, 0x39, 0x84, 0x08, 0x61, 0x30, 0xa1, 0x71, 0x82, 0x00, 0x41, 0x10, 0x82, 0x10, 0xc2, 0x31, 0xa6, 0x10, 0xa2,
  0x52, 0xaa, 0x31, 0xa6, 0x00, 0x20, 0x00, 0x21, 0x71, 0xe3, 0x71, 0xa2, 0x21, 0x02, 0x49, 0xa4, 0x41, 0x42, 0x30, 0xe1, 0x28, 0xe2, 0x18, 0x81, 0x20, 0xa2, 0x28, 0xc2, 0x30, 0xa2, 0x10, 0x03, 0xfd, 0x01, 0xfc, 0x01, 0x20, 0x23, 0x30, 0xa1, 0x31, 0x23, 0x28, 0xe3, 0x20, 0xc2, 0x39, 0x64, 0x20, 0xa2, 0x31, 0x23, 0x20, 0xe2, 0x00, 0x20, 0x28, 0xa1, 0x69, 0x82, 0x00, 0x41, 0x08, 0x82, 0x10, 0xa2, 0x31, 0xa6, 0x10, 0x82,
  0x52, 0xaa, 0x29, 0x86, 0x00, 0x20, 0x00, 0x21, 0x69, 0xc3, 0x71, 0xa2, 0x29, 0x02, 0x31, 0x02, 0x49, 0xa4, 0x39, 0x22, 0x20, 0xc2, 0x20, 0xa2, 0x20, 0xa1, 0x20, 0xa2, 0x28, 0xa1, 0x10, 0x03, 0xfc, 0xe1, 0xec, 0xa1, 0x18, 0x02, 0x39, 0x02, 0x31, 0x03, 0x20, 0xa1, 0x29, 0x03, 0x31, 0x24, 0x31, 0x23, 0x29, 0x23, 0x08, 0x41, 0x00, 0x40, 0x28, 0xa1, 0x69, 0xa2, 0x00, 0x21, 0x08, 0x81, 0x10, 0xa2, 0x31, 0xa6, 0x08, 0x82,
  0x52, 0xaa, 0x29, 0x86, 0x00, 0x20, 0x00, 0x21, 0x61, 0xc2, 0x71, 0xc2, 0x29, 0x22, 0x28, 0xc1, 0x31, 0x02, 0x41, 0x63, 0x20, 0xa2, 0x20, 0xa2, 0x20, 0xa1, 0x20, 0x81, 0x20, 0xa1, 0x08, 0x02, 0xfc, 0x41, 0x9a, 0xc2, 0x20, 0x63, 0x31, 0x03, 0x20, 0xa1, 0x20, 0xa1, 0x39, 0x44, 0x39, 0x85, 0x29, 0x23, 0x10, 0x61, 0x08, 0x61, 0x08, 0x41, 0x20, 0xa1, 0x61, 0x62, 0x00, 0x21, 0x10, 0x82, 0x10, 0xa2, 0x31, 0xa6, 0x10, 0x82,
  0x52, 0xaa, 0x31, 0xa6, 0x00, 0x20, 0x00, 0x21, 0x61, 0xa3, 0x71, 0xc3, 0x20, 0xe2, 0x28, 0xc1, 0x28, 0xc1, 0x20, 0xa1, 0x20, 0xa2, 0x20, 0xc2, 0x20, 0xe2, 0x20, 0xc2, 0x18, 0x81, 0x00, 0x02, 0xc3, 0x21, 0xba, 0x42, 0x28, 0xc3, 0x20, 0xa1, 0x31, 0x03, 0x39, 0x43, 0x39, 0x64, 0x20, 0xe3, 0x08, 0x61, 0x10, 0x61, 0x10, 0x61, 0x00, 0x40, 0x28, 0xa1, 0x61, 0x82, 0x00, 0x21, 0x10, 0x82, 0x10, 0xa2, 0x31, 0xa6, 0x10, 0xa2,
  0x52, 0xaa, 0x31, 0xa6, 0x00, 0x20, 0x00, 0x41, 0x59, 0xa2, 0x61, 0xa2, 0x31, 0x22, 0x31, 0x02, 0x39, 0x02, 0x30, 0xe2, 0x18, 0x81, 0x18, 0xa2, 0x20, 0xc2, 0x28, 0xe3, 0x28, 0xe2, 0x18, 0x62, 0x61, 0x01, 0xf4, 0x02, 0x18, 0x02, 0x39, 0x23, 0x31, 0x43, 0x29, 0x03, 0x29, 0x03, 0x20, 0xe3, 0x20, 0xc2, 0x20, 0xe2, 0x18, 0xa2, 0x18, 0xa2, 0x28, 0xc1, 0x61, 0x82, 0x00, 0x21, 0x08, 0x82, 0x10, 0xa2, 0x31, 0x86, 0x10, 0xa2,
  0x52, 0x8a, 0x31, 0x86, 0x00, 0x20, 0x00, 0x41, 0x61, 0xa2, 0x59, 0x62, 0x18, 0xa1, 0x28, 0xa1, 0x28, 0xc1, 0x20, 0xa1, 0x08, 0x40, 0x10, 0x61, 0x10, 0x40, 0x08, 0x40, 0x08, 0x41, 0x00, 0x01, 0xe4, 0x83, 0xfc, 0x64, 0x41, 0x62, 0x00, 0x21, 0x10, 0x61, 0x10, 0x61, 0x18, 0xc2, 0x10, 0x81, 0x10, 0x61, 0x10, 0x81, 0x08, 0x40, 0x08, 0x61, 0x20, 0x81, 0x71, 0xa2, 0x00, 0x41, 0x08, 0x81, 0x10, 0xa2, 0x31, 0x86, 0x10, 0x82,
  0x52, 0x8a, 0x29, 0x66, 0x00, 0x20, 0x00, 0x20, 0x72, 0x24, 0x61, 0xe3, 0x10, 0x61, 0x39, 0x22, 0x28, 0xc1, 0x20, 0x81, 0x18, 0xa2, 0x08, 0x41, 0x10, 0x81, 0x18, 0xa2, 0x00, 0x00, 0xab, 0x84, 0x82, 0x83, 0x08, 0x60, 0xec, 0x06, 0x00, 0x00, 0x18, 0xa2, 0x28, 0xe3, 0x08, 0x40, 0x29, 0x24, 0x10, 0x61, 0x08, 0x21, 0x18, 0xc2, 0x00, 0x00, 0x20, 0xa1, 0x7a, 0x24, 0x00, 0x21, 0x08, 0x61, 0x10, 0x82, 0x31, 0x86, 0x10, 0x82,
  0x52, 0x8a, 0x29, 0x65, 0x00, 0x00, 0x00, 0x20, 0x29, 0x03, 0x52, 0x47, 0x6a, 0xc9, 0x73, 0x09, 0x83, 0x8a, 0x83, 0x8a, 0x4a, 0x68, 0x52, 0xa9, 0x4a, 0x47, 0x4a, 0x26, 0x39, 0xc6, 0x6a, 0xa6, 0x93, 0x04, 0x59, 0xa2, 0x83, 0x28, 0x5a, 0x88, 0x6b, 0x09, 0x6b, 0x29, 0x6b, 0xac, 0x63, 0xac, 0x5b, 0x09, 0x5b, 0x09, 0x4a, 0xa8, 0x4a, 0x87, 0x42, 0x88, 0x3a, 0x27, 0x00, 0x00, 0x08, 0x61, 0x10, 0x82, 0x29, 0x65, 0x10, 0xa2,
  0x4a, 0x69, 0x39, 0xa6, 0x08, 0x60, 0x20, 0xa1, 0x29, 0x22, 0x6a, 0xe9, 0x7b, 0x08, 0x8b, 0x49, 0x93, 0x8a, 0x8b, 0x49, 0x5a, 0x87, 0x52, 0x88, 0x6a, 0xc8, 0x62, 0x87, 0x49, 0xe5, 0x39, 0x85, 0x49, 0xa4, 0x6a, 0x64, 0x52, 0x07, 0x6a, 0xc8, 0x73, 0x09, 0x72, 0xe9, 0x7b, 0x8a, 0x7b, 0xcc, 0x7b, 0x8a, 0x73, 0x49, 0x5a, 0xa7, 0x5a, 0xa8, 0x72, 0xe9, 0x5a, 0x67, 0x08, 0x41, 0x28, 0xe3, 0x29, 0x03, 0x29, 0x65, 0x10, 0x82,
  0x4a, 0x69, 0x31, 0x86, 0x00, 0x20, 0x08, 0x41, 0x72, 0x24, 0xff, 0xee, 0xff, 0xf5, 0x51, 0x21, 0x00, 0x00, 0x10, 0x40, 0x00, 0x00, 0x00, 0x00, 0x20, 0xc2, 0x10, 0x61, 0x00, 0x00, 0x00, 0x00, 0x00, 0x00, 0x00, 0x00, 0x00, 0x00, 0x00, 0x00, 0x00, 0x21, 0x00, 0x00, 0x00, 0x00, 0x00, 0x00, 0x10, 0x20, 0x20, 0x81, 0x08, 0x00, 0x00, 0x00, 0xdc, 0x6a, 0xc3, 0xe8, 0x08, 0x82, 0x20, 0xe3, 0x21, 0x03, 0x21, 0x44, 0x10, 0x82,
  0x4a, 0x69, 0x29, 0x65, 0x00, 0x00, 0x00, 0x00, 0x8b, 0x47, 0xff, 0xf1, 0xb4, 0x4c, 0x00, 0x00, 0x18, 0x81, 0x18, 0x81, 0x00, 0x20, 0x00, 0x41, 0x00, 0x41, 0x00, 0x20, 0x00, 0x20, 0x00, 0x20, 0x00, 0x20, 0x08, 0x40, 0x00, 0x00, 0x00, 0x00, 0x00, 0x40, 0x00, 0x20, 0x08, 0x61, 0x08, 0x61, 0x10, 0x81, 0x18, 0xa2, 0x18, 0xa1, 0x00, 0x00, 0x28, 0xc0, 0x93, 0x27, 0x00, 0x41, 0x10, 0xa2, 0x18, 0xc3, 0x21, 0x24, 0x10, 0x82,
  0x4a, 0x69, 0x31, 0x65, 0x00, 0x20, 0x10, 0x81, 0x18, 0xa2, 0x49, 0x62, 0x08, 0x00, 0x18, 0xa1, 0x20, 0xa1, 0x18, 0x81, 0x00, 0x20, 0x00, 0x41, 0x08, 0x41, 0x00, 0x20, 0x00, 0x20, 0x00, 0x20, 0x00, 0x20, 0x08, 0x20, 0x00, 0x00, 0x00, 0x20, 0x08, 0x61, 0x00, 0x41, 0x08, 0x61, 0x08, 0x61, 0x10, 0x81, 0x20, 0xc2, 0x10, 0x61, 0x10, 0x40, 0x00, 0x00, 0x00, 0x21, 0x00, 0x61, 0x18, 0xc2, 0x18, 0xc3, 0x21, 0x24, 0x10, 0x82,
  0x4a, 0x69, 0x31, 0x65, 0x00, 0x20, 0x10, 0x81, 0x18, 0xa2, 0x08, 0x40, 0x20, 0xa1, 0x20, 0xa1, 0x20, 0xa1, 0x18, 0x81, 0x00, 0x20, 0x00, 0x40, 0x00, 0x40, 0x00, 0x20, 0x00, 0x40, 0x00, 0x41, 0x00, 0x20, 0x08, 0x20, 0x00, 0x00, 0x00, 0x40, 0x08, 0x61, 0x00, 0x41, 0x08, 0x61, 0x08, 0x61, 0x10, 0x81, 0x10, 0x81, 0x18, 0x61, 0x18, 0x60, 0x08, 0x20, 0x10, 0x61, 0x08, 0x61, 0x18, 0xc2, 0x18, 0xc3, 0x21, 0x24, 0x10, 0x82,
  0x4a, 0x49, 0x31, 0x65, 0x00, 0x20, 0x10, 0x81, 0x20, 0xc2, 0x18, 0xa1, 0x20, 0xc1, 0x20, 0xa1, 0x20, 0xa1, 0x18, 0xa1, 0x00, 0x20, 0x08, 0x61, 0x08, 0x61, 0x00, 0x41, 0x00, 0x41, 0x00, 0x41, 0x00, 0x20, 0x08, 0x40, 0x00, 0x20, 0x00, 0x41, 0x08, 0x41, 0x00, 0x41, 0x08, 0x61, 0x08, 0x61, 0x10, 0x61, 0x18, 0xa1, 0x20, 0xa1, 0x18, 0x60, 0x08, 0x20, 0x08, 0x61, 0x00, 0x41, 0x18, 0xa2, 0x18, 0xc3, 0x21, 0x04, 0x10, 0x81,
  0x4a, 0x49, 0x29, 0x65, 0x00, 0x20, 0x10, 0x81, 0x20, 0xc2, 0x18, 0xa1, 0x28, 0xc1, 0x20, 0xa1, 0x20, 0xa1, 0x18, 0x81, 0x00, 0x20, 0x08, 0x61, 0x08, 0x61, 0x00, 0x40, 0x00, 0x40, 0x00, 0x20, 0x00, 0x00, 0x08, 0x41, 0x00, 0x20, 0x00, 0x20, 0x00, 0x20, 0x00, 0x20, 0x08, 0x61, 0x08, 0x61, 0x10, 0x81, 0x20, 0xc2, 0x20, 0xa1, 0x18, 0x60, 0x08, 0x20, 0x08, 0x41, 0x00, 0x40, 0x18, 0xc2, 0x10, 0xc3, 0x18, 0xe4, 0x08, 0x81,
  0x4a, 0x49, 0x31, 0x86, 0x00, 0x20, 0x18, 0x81, 0x20, 0xa2, 0x18, 0x81, 0x28, 0xc1, 0x20, 0xa1, 0x20, 0xa1, 0x10, 0x60, 0x00, 0x00, 0x00, 0x20, 0x00, 0x20, 0x00, 0x20, 0x00, 0x00, 0x00, 0x00, 0x00, 0x00, 0x10, 0x40, 0x08, 0x20, 0x00, 0x20, 0x00, 0x20, 0x00, 0x20, 0x00, 0x20, 0x00, 0x20, 0x00, 0x00, 0x00, 0x20, 0x10, 0x60, 0x10, 0x40, 0x00, 0x00, 0x08, 0x40, 0x00, 0x40, 0x18, 0xc2, 0x10, 0xa2, 0x19, 0x04, 0x08, 0x61,
  0x42, 0x28, 0x21, 0x24, 0x00, 0x00, 0x08, 0x40, 0x10, 0x40, 0x08, 0x40, 0x20, 0xc1, 0x20, 0xa1, 0x18, 0xa1, 0x18, 0x81, 0x08, 0x61, 0x08, 0x61, 0x08, 0x41, 0x00, 0x20, 0x00, 0x00, 0x00, 0x00, 0x10, 0x60, 0x08, 0x40, 0x10, 0x40, 0x00, 0x20, 0x00, 0x20, 0x00, 0x20, 0x08, 0x20, 0x00, 0x20, 0x00, 0x00, 0x00, 0x00, 0x00, 0x00, 0x00, 0x00, 0x00, 0x00, 0x00, 0x00, 0x00, 0x00, 0x00, 0x20, 0x00, 0x20, 0x08, 0x61, 0x00, 0x20
};

static const uint8_t vfd_35x67_5[4690] = {
  0x00, 0x00, 0x00, 0x00, 0x00, 0x00, 0x00, 0x00, 0x00, 0x00, 0x00, 0x00, 0x00, 0x00, 0x00, 0x00, 0x00, 0x00, 0x00, 0x00, 0x00, 0x00, 0x00, 0x00, 0x00, 0x00, 0x00, 0x00, 0x00, 0x00, 0x00, 0x00, 0x39, 0x43, 0x49, 0xc5, 0x00, 0x00, 0x00, 0x00, 0x00, 0x00, 0x00, 0x00, 0x00, 0x00, 0x00, 0x00, 0x00, 0x00, 0x00, 0x00, 0x00, 0x00, 0x00, 0x00, 0x00, 0x00, 0x00, 0x00, 0x00, 0x00, 0x00, 0x00, 0x00, 0x00, 0x00, 0x00, 0x00, 0x00,
  0x00, 0x00, 0x00, 0x00, 0x00, 0x00, 0x00, 0x00, 0x00, 0x00, 0x00, 0x00, 0x00, 0x00, 0x00, 0x00, 0x00, 0x00, 0x00, 0x00, 0x00, 0x00, 0x00, 0x00, 0x00, 0x00, 0x00, 0x00, 0x00, 0x00, 0x00, 0x00, 0x39, 0x43, 0x49, 0xe6, 0x00, 0x00, 0x00, 0x00, 0x00, 0x00, 0x00, 0x00, 0x00, 0x00, 0x00, 0x00, 0x00, 0x00, 0x00, 0x00, 0x00, 0x00, 0x00, 0x00, 0x00, 0x00, 0x00, 0x00, 0x00, 0x00, 0x00, 0x00, 0x00, 0x00, 0x00, 0x00, 0x00, 0x00,
  0x00, 0x00, 0x00, 0x00, 0x00, 0x00, 0x00, 0x00, 0x00, 0x00, 0x00, 0x00, 0x00, 0x00, 0x00, 0x00, 0x00, 0x00, 0x00, 0x00, 0x00, 0x00, 0x00, 0x00, 0x00, 0x00, 0x00, 0x00, 0x00, 0x00, 0x00, 0x00, 0x28, 0xe2, 0x62, 0x47, 0x00, 0x00, 0x00, 0x00, 0x00, 0x00, 0x00, 0x00, 0x00, 0x00, 0x00, 0x00, 0x00, 0x00, 0x00, 0x00, 0x00, 0x00, 0x00, 0x00, 0x00, 0x00, 0x00, 0x00, 0x00, 0x00, 0x00, 0x00, 0x00, 0x00, 0x00, 0x00, 0x00, 0x00,
  0x00, 0x00, 0x00, 0x00, 0x00, 0x00, 0x00, 0x00, 0x00, 0x00, 0x00, 0x00, 0x00, 0x00, 0x00, 0x00, 0x00, 0x00, 0x00, 0x00, 0x00, 0x00, 0x00, 0x00, 0x00, 0x00, 0x00, 0x00, 0x00, 0x00, 0x00, 0x00, 0x61, 0xe3, 0x6a, 0x04, 0x00, 0x00, 0x00, 0x00, 0x00, 0x00, 0x00, 0x00, 0x00, 0x00, 0x00, 0x00, 0x00, 0x00, 0x00, 0x00, 0x00, 0x00, 0x00, 0x00, 0x00, 0x00, 0x00, 0x00, 0x00, 0x00, 0x00, 0x00, 0x00, 0x00, 0x00, 0x00, 0x00, 0x00,
  0x00, 0x00, 0x00, 0x00, 0x00, 0x00, 0x00, 0x00, 0x00, 0x00, 0x00, 0x00, 0x00, 0x00, 0x00, 0x00, 0x00, 0x00, 0x00, 0x00, 0x00, 0x00, 0x00, 0x00, 0x00, 0x00, 0x00, 0x00, 0x00, 0x00, 0x8b, 0xab, 0x92, 0xe6, 0x59, 0xe4, 0xa3, 0xe9, 0x10, 0x61, 0x00, 0x00, 0x00, 0x00, 0x00, 0x00, 0x00, 0x00, 0x00, 0x00, 0x00, 0x00, 0x00, 0x00, 0x00, 0x00, 0x00, 0x00, 0x00, 0x00, 0x00, 0x00, 0x00, 0x00, 0x00, 0x00, 0x00, 0x00, 0x00, 0x00,
  0x00, 0x00, 0x00, 0x00, 0x00, 0x00, 0x00, 0x00, 0x00, 0x00, 0x00, 0x00, 0x00, 0x00, 0x00, 0x00, 0x00, 0x00, 0x00, 0x00, 0x00, 0x00, 0x00, 0x00, 0x00, 0x00, 0x00, 0x20, 0x49, 0xe6, 0x59, 0xe5, 0x72, 0x86, 0x93, 0x07, 0x41, 0x63, 0x39, 0x43, 0x08, 0x20, 0x00, 0x00, 0x00, 0x00, 0x00, 0x00, 0x00, 0x00, 0x00, 0x00, 0x00, 0x00, 0x00, 0x00, 0x00, 0x00, 0x00, 0x00, 0x00, 0x00, 0x00, 0x00, 0x00, 0x00, 0x00, 0x00, 0x00, 0x00,
  0x00, 0x00, 0x00, 0x00, 0x00, 0x00, 0x00, 0x00, 0x00, 0x00, 0x00, 0x00, 0x00, 0x00, 0x00, 0x00, 0x00, 0x00, 0x00, 0x00, 0x00, 0x00, 0x00, 0x00, 0x08, 0x00, 0x08, 0x40, 0x10, 0x60, 0x08, 0x20, 0x30, 0xe2, 0x39, 0x43, 0x10, 0x40, 0x08, 0x20, 0x08, 0x20, 0x10, 0x61, 0x08, 0x40, 0x00, 0x00, 0x00, 0x00, 0x00, 0x00, 0x00, 0x00, 0x00, 0x00, 0x00, 0x00, 0x00, 0x00, 0x00, 0x00, 0x00, 0x00, 0x00, 0x00, 0x00, 0x00, 0x00, 0x00,
  0x00, 0x00, 0x00, 0x00, 0x00, 0x00, 0x00, 0x00, 0x00, 0x00, 0x00, 0x00, 0x00, 0x00, 0x00, 0x00, 0x00, 0x00, 0x08, 0x20, 0x18, 0x60, 0x10, 0x60, 0x08, 0x40, 0x08, 0x20, 0x08, 0x20, 0x00, 0x00, 0x49, 0x83, 0x62, 0x46, 0x00, 0x00, 0x08, 0x20, 0x08, 0x20, 0x08, 0x20, 0x08, 0x20, 0x08, 0x20, 0x08, 0x20, 0x08, 0x20, 0x08, 0x00, 0x00, 0x00, 0x00, 0x00, 0x00, 0x00, 0x00, 0x00, 0x00, 0x00, 0x00, 0x00, 0x00, 0x00, 0x00, 0x00,
  0x00, 0x00, 0x00, 0x00, 0x00, 0x00, 0x00, 0x00, 0x00, 0x00, 0x00, 0x00, 0x00, 0x00, 0x00, 0x00, 0x08, 0x40, 0x10, 0x61, 0x10, 0x41, 0x10, 0x61, 0x18, 0x81, 0x20, 0xc2, 0x28, 0xe2, 0x10, 0x81, 0x39, 0x43, 0x41, 0x84, 0x08, 0x41, 0x10, 0x61, 0x10, 0x60, 0x10, 0x40, 0x08, 0x40, 0x08, 0x40, 0x10, 0x40, 0x10, 0x60, 0x08, 0x20, 0x00, 0x20, 0x00, 0x00, 0x00, 0x00, 0x00, 0x00, 0x00, 0x00, 0x00, 0x00, 0x00, 0x00, 0x00, 0x00,
  0x00, 0x00, 0x00, 0x00, 0x08, 0x40, 0x18, 0xc3, 0x08, 0x40, 0x29, 0x65, 0x42, 0x69, 0x6b, 0x0a, 0x72, 0xe8, 0x82, 0xc7, 0x82, 0xa6, 0x7a, 0xa6, 0x82, 0x85, 0x6a, 0x25, 0x59, 0xe4, 0x7a, 0x45, 0x7a, 0x65, 0x61, 0xe4, 0x6a, 0x24, 0x62, 0x25, 0x59, 0xe5, 0x62, 0x45, 0x51, 0xe4, 0x31, 0x23, 0x28, 0xe2, 0x18, 0xa2, 0x18, 0xa1, 0x20, 0xc2, 0x20, 0xa1, 0x08, 0x40, 0x10, 0x62, 0x52, 0xaa, 0x00, 0x41, 0x00, 0x00, 0x00, 0x00,
  0x00, 0x00, 0x08, 0x20, 0x29, 0x24, 0x6b, 0x2c, 0x6a, 0xea, 0x62, 0x68, 0x7a, 0x87, 0x72, 0x45, 0x6a, 0x24, 0x7a, 0x85, 0x92, 0xe5, 0x8a, 0x84, 0x72, 0x44, 0x61, 0xe3, 0x51, 0xc3, 0x82, 0x64, 0x82, 0x85, 0x59, 0xc4, 0x6a, 0x25, 0x7a, 0x66, 0x82, 0x86, 0x82, 0xa6, 0x8a, 0xa6, 0x8a, 0xa6, 0x72, 0x65, 0x8a, 0xe6, 0x7a, 0x85, 0x39, 0x43, 0x39, 0x23, 0x39, 0x43, 0x31, 0x64, 0x39, 0x85, 0x41, 0xe6, 0x08, 0x41, 0x00, 0x00,
  0x00, 0x00, 0x29, 0x65, 0x6b, 0x0c, 0x52, 0x89, 0x20, 0x80, 0x51, 0x81, 0x6a, 0x03, 0x61, 0xe3, 0x7a, 0x43, 0x8a, 0x63, 0x59, 0xa2, 0x49, 0x82, 0x59, 0xc3, 0x61, 0xc3, 0x41, 0x22, 0x18, 0xa1, 0x18, 0xa1, 0x31, 0x22, 0x59, 0xe4, 0x72, 0x45, 0x72, 0x45, 0x72, 0x45, 0x7a, 0x65, 0x7a, 0x65, 0x7a, 0x85, 0x92, 0xe6, 0xa3, 0x06, 0x82, 0xa6, 0x39, 0x43, 0x28, 0xe2, 0x31, 0x22, 0x31, 0x64, 0x21, 0x03, 0x10, 0x82, 0x00, 0x00,
  0x00, 0x20, 0x83, 0xef, 0x49, 0xe6, 0x20, 0xa0, 0x28, 0xa2, 0x18, 0x20, 0x30, 0xe0, 0x93, 0x45, 0x72, 0x02, 0x59, 0x82, 0x51, 0xe3, 0x61, 0xe3, 0x41, 0x42, 0x18, 0xa1, 0x18, 0x81, 0x18, 0x81, 0x18, 0x81, 0x20, 0xa1, 0x20, 0xa1, 0x31, 0x02, 0x62, 0x04, 0x72, 0x44, 0x72, 0x65, 0x72, 0x44, 0x72, 0x65, 0x72, 0x45, 0x6a, 0x45, 0x52, 0x05, 0x49, 0xa5, 0x18, 0xa2, 0x31, 0x22, 0x39, 0x63, 0x39, 0xa5, 0x20, 0xe2, 0x10, 0x60,
  0x31, 0xc7, 0x6b, 0x4c, 0x38, 0xe1, 0x28, 0xe2, 0xb4, 0x08, 0xfe, 0x2c, 0xff, 0x90, 0x92, 0x64, 0x8a, 0xc6, 0x8a, 0xc6, 0x9b, 0x27, 0x92, 0xc5, 0x59, 0xc4, 0x59, 0xa4, 0x51, 0x83, 0x41, 0x43, 0x30, 0xe3, 0x39, 0x23, 0x49, 0x63, 0x51, 0xa4, 0x51, 0xc4, 0x82, 0x86, 0xa3, 0x27, 0x9b, 0x27, 0x9b, 0x27, 0xab, 0x47, 0xab, 0x47, 0x9a, 0xe6, 0xfe, 0x0b, 0xd4, 0x6a, 0x59, 0xc4, 0x51, 0xa4, 0x49, 0xa5, 0x29, 0x65, 0x08, 0x20,
  0x4a, 0x8a, 0x4a, 0x27, 0x00, 0x00, 0x00, 0x00, 0xc4, 0xaa, 0xff, 0xf2, 0xdb, 0xe5, 0x59, 0x64, 0x9b, 0x28, 0x8a, 0xe7, 0x6a, 0x66, 0x41, 0x85, 0x49, 0xc4, 0x59, 0xe5, 0x51, 0xc4, 0x52, 0x05, 0xfd, 0x66, 0xfd, 0x46, 0x62, 0x65, 0x5a, 0x05, 0x6a, 0x46, 0x52, 0x05, 0x9b, 0x49, 0xa3, 0x68, 0xb3, 0xc9, 0xbb, 0xe9, 0xcc, 0x6b, 0xa2, 0x85, 0xf4, 0x68, 0xfe, 0x2c, 0x00, 0x00, 0x00, 0x41, 0x20, 0xc2, 0x31, 0x85, 0x08, 0x20,
  0x52, 0xcb, 0x39, 0xa6, 0x08, 0x41, 0x10, 0x81, 0x82, 0x43, 0x89, 0x80, 0x00, 0x00, 0x41, 0x42, 0x28, 0xc1, 0x20, 0x80, 0x28, 0xe2, 0x00, 0x41, 0x10, 0x82, 0x18, 0xa2, 0x00, 0x01, 0xbb, 0xc3, 0x61, 0x81, 0x38, 0xa1, 0xdc, 0x44, 0x00, 0x01, 0x20, 0xa1, 0x18, 0x81, 0x00, 0x01, 0x51, 0xa3, 0x28, 0xc2, 0x28, 0xc2, 0x49, 0x84, 0x10, 0xc2, 0x40, 0xe2, 0xbb, 0x66, 0x00, 0x21, 0x10, 0x81, 0x20, 0xc2, 0x31, 0x65, 0x08, 0x20,
  0x5a, 0xeb, 0x31, 0x85, 0x08, 0x41, 0x10, 0xa2, 0x92, 0x23, 0x71, 0x81, 0x10, 0xc1, 0x28, 0xc1, 0x28, 0xe1, 0x10, 0xc1, 0x10, 0x02, 0x79, 0xc2, 0x48, 0xe2, 0x30, 0x62, 0x30, 0xc2, 0x79, 0x62, 0x39, 0x41, 0x8a, 0x42, 0x79, 0xa2, 0x00, 0x02, 0x08, 0x02, 0x00, 0x02, 0x18, 0x63, 0x10, 0x44, 0x28, 0xc4, 0x28, 0xe5, 0x20, 0xa5, 0x39, 0x65, 0x7a, 0x45, 0xbb, 0x66, 0x00, 0x02, 0x10, 0x81, 0x20, 0xc2, 0x31, 0x85, 0x00, 0x20,
  0x5a, 0xeb, 0x39, 0xa6, 0x08, 0x41, 0x10, 0xa2, 0x8a, 0x23, 0x81, 0xe2, 0x39, 0x22, 0x59, 0x83, 0x51, 0x63, 0x49, 0x02, 0xeb, 0xc1, 0xf4, 0x01, 0xc2, 0xe1, 0xea, 0xc1, 0xeb, 0x61, 0xe3, 0x00, 0x99, 0xe1, 0x8a, 0x01, 0xca, 0xc1, 0xfb, 0x01, 0xeb, 0x82, 0xdb, 0xa2, 0xda, 0xe2, 0xfd, 0x63, 0xec, 0x64, 0xec, 0xa4, 0xfe, 0x65, 0xd4, 0x85, 0x7a, 0x86, 0xab, 0x87, 0x00, 0x02, 0x10, 0x61, 0x20, 0xe2, 0x31, 0x85, 0x08, 0x20,
  0x5a, 0xcb, 0x39, 0xa6, 0x08, 0x41, 0x10, 0x61, 0x92, 0x63, 0x89, 0xe2, 0x18, 0xc1, 0x49, 0x22, 0x31, 0x02, 0x50, 0xe2, 0xfc, 0x40, 0x00, 0x03, 0x30, 0xa3, 0x91, 0x41, 0x60, 0xe1, 0x59, 0x22, 0x91, 0x82, 0x91, 0x81, 0x81, 0x82, 0x7a, 0x22, 0xda, 0xe1, 0xf2, 0xe1, 0xaa, 0x62, 0xbb, 0xa3, 0xcb, 0xc3, 0xe4, 0x03, 0xfc, 0xe2, 0xfc, 0xc3, 0x92, 0xe6, 0x9b, 0x47, 0x00, 0x21, 0x10, 0x61, 0x20, 0xc2, 0x31, 0x85, 0x08, 0x20,
  0x5a, 0xcb, 0x39, 0xa6, 0x08, 0x41, 0x10, 0x82, 0x92, 0x63, 0xa2, 0x22, 0x10, 0xc1, 0x30, 0xe1, 0x18, 0xa2, 0x71, 0xe2, 0xfd, 0xa0, 0x40, 0x84, 0x40, 0xe2, 0x20, 0x81, 0x00, 0x81, 0x10, 0xc2, 0x40, 0xe2, 0x38, 0xa1, 0x00, 0x61, 0x00, 0x42, 0x08, 0x02, 0x40, 0xa2, 0x61, 0x44, 0x61, 0x65, 0x11, 0x25, 0x29, 0x45, 0x48, 0xa4, 0x9a, 0xe7, 0x7a, 0x65, 0xb3, 0x66, 0x00, 0x22, 0x10, 0x61, 0x20, 0xe2, 0x31, 0x85, 0x08, 0x20,
  0x52, 0xcb, 0x39, 0xa6, 0x08, 0x41, 0x10, 0x82, 0x92, 0x83, 0xa2, 0x42, 0x18, 0xc1, 0x30, 0xe1, 0x08, 0x42, 0xba, 0xa1, 0xfd, 0xc1, 0x10, 0x04, 0x30, 0xa1, 0x20, 0x81, 0x30, 0xe2, 0x30, 0xc1, 0x40, 0xe1, 0x48, 0xc0, 0x28, 0xa1, 0x20, 0x81, 0x20, 0xa1, 0x20, 0xa1, 0x30, 0xc2, 0x8a, 0x45, 0xa2, 0xc6, 0x49, 0xc5, 0x82, 0x86, 0x82, 0xa7, 0x7a, 0x44, 0xb3, 0x66, 0x00, 0x02, 0x10, 0x61, 0x20, 0xc2, 0x31, 0x65, 0x08, 0x20,
  0x52, 0xcb, 0x31, 0x85, 0x08, 0x41, 0x08, 0x62, 0x9a, 0xc3, 0xa2, 0x62, 0x10, 0xa1, 0x31, 0x02, 0x30, 0x83, 0xfd, 0x41, 0xe2, 0xa1, 0x08, 0x03, 0x20, 0x81, 0x30, 0xc2, 0x18, 0x60, 0x38, 0xe2, 0x38, 0xc1, 0x40, 0xe1, 0x30, 0xa1, 0x20, 0x81, 0x28, 0xa1, 0x20, 0xa1, 0x08, 0x61, 0x61, 0xc4, 0x93, 0x07, 0xab, 0x28, 0x7a, 0x86, 0x6a, 0x25, 0x82, 0x65, 0xbb, 0xe7, 0x00, 0x01, 0x10, 0x81, 0x18, 0x81, 0x29, 0x45, 0x08, 0x20,
  0x52, 0xcb, 0x31, 0x44, 0x08, 0x41, 0x10, 0x61, 0x92, 0x83, 0xaa, 0x62, 0x18, 0xc1, 0x29, 0x22, 0x61, 0x44, 0xfc, 0xc0, 0xaa, 0x42, 0x00, 0x42, 0x31, 0x03, 0x20, 0xa1, 0x28, 0xa1, 0x30, 0xc1, 0x38, 0xc1, 0x40, 0xe1, 0x28, 0xa1, 0x28, 0xa1, 0x20, 0x81, 0x20, 0xa1, 0x18, 0x81, 0x30, 0xe2, 0xa3, 0x07, 0x9b, 0x07, 0x8a, 0xc7, 0x62, 0x04, 0x82, 0x65, 0xbb, 0xa7, 0x00, 0x01, 0x10, 0x61, 0x18, 0x81, 0x29, 0x45, 0x08, 0x40,
  0x52, 0xab, 0x31, 0x65, 0x08, 0x41, 0x10, 0xa2, 0x8a, 0x22, 0xaa, 0x63, 0x18, 0xe1, 0x49, 0xa4, 0x79, 0x24, 0xfc, 0xc0, 0x28, 0x23, 0x20, 0xe3, 0x30, 0xe2, 0x20, 0x61, 0x31, 0x02, 0x28, 0x81, 0x38, 0xe1, 0x40, 0xe1, 0x30, 0xc1, 0x28, 0xa1, 0x20, 0xa1, 0x20, 0xa1, 0x10, 0x61, 0x51, 0xc4, 0x9a, 0xe7, 0x8a, 0xc7, 0xab, 0x68, 0x59, 0xc4, 0x92, 0x85, 0xb3, 0xa6, 0x00, 0x00, 0x10, 0x61, 0x18, 0x61, 0x29, 0x45, 0x08, 0x40,
  0x52, 0xab, 0x29, 0x45, 0x08, 0x40, 0x10, 0xa2, 0x8a, 0x22, 0x9a, 0x22, 0x29, 0x22, 0x31, 0x23, 0xb2, 0x62, 0xfe, 0xa0, 0x10, 0x03, 0x31, 0x03, 0x20, 0x61, 0x28, 0xc2, 0x30, 0xe2, 0x28, 0x80, 0x38, 0xe1, 0x40, 0xe1, 0x30, 0xc1, 0x28, 0x81, 0x20, 0xa1, 0x20, 0x81, 0x10, 0x81, 0x72, 0x25, 0x51, 0xc4, 0x8a, 0xc7, 0xa3, 0x48, 0x72, 0x46, 0x82, 0x65, 0xbb, 0xc7, 0x00, 0x01, 0x10, 0x81, 0x18, 0x81, 0x29, 0x45, 0x08, 0x20,
  0x52, 0xaa, 0x29, 0x45, 0x08, 0x60, 0x10, 0xa2, 0x7a, 0x02, 0x92, 0x02, 0x49, 0xa3, 0x10, 0x23, 0xfc, 0xc2, 0xfd, 0x60, 0x18, 0x64, 0x20, 0xa2, 0x20, 0x61, 0x30, 0xe2, 0x28, 0x81, 0x30, 0x80, 0x40, 0xe1, 0x41, 0x01, 0x30, 0xa1, 0x28, 0xa1, 0x20, 0x81, 0x20, 0xa1, 0x39, 0x43, 0x31, 0x02, 0x49, 0xa4, 0xab, 0x27, 0x72, 0x66, 0x7a, 0x86, 0x92, 0xa6, 0xbb, 0xc7, 0x00, 0x01, 0x18, 0x81, 0x18, 0x81, 0x29, 0x44, 0x08, 0x40,
  0x52, 0xaa, 0x29, 0x45, 0x08, 0x61, 0x18, 0xc2, 0x69, 0xa2, 0x81, 0xe2, 0x51, 0xa4, 0x10, 0x23, 0xfd, 0xa1, 0xfc, 0x61, 0x18, 0x43, 0x18, 0x81, 0x28, 0xc2, 0x30, 0xe2, 0x20, 0x60, 0x30, 0xa0, 0x40, 0xe1, 0x41, 0x01, 0x30, 0xc1, 0x28, 0xa1, 0x20, 0x81, 0x39, 0x23, 0x28, 0xc2, 0x39, 0x02, 0x51, 0xa4, 0xa3, 0x07, 0x82, 0x86, 0x6a, 0x45, 0xa3, 0x06, 0xbb, 0xe8, 0x00, 0x01, 0x10, 0x81, 0x18, 0x81, 0x29, 0x44, 0x10, 0x40,
  0x52, 0xaa, 0x29, 0x45, 0x08, 0x61, 0x10, 0xc1, 0x71, 0xc2, 0x8a, 0x03, 0x49, 0x83, 0x40, 0x43, 0xfe, 0x20, 0xc2, 0xe2, 0x08, 0x22, 0x18, 0x81, 0x30, 0xe2, 0x28, 0xa1, 0x28, 0x80, 0x30, 0xa1, 0x40, 0xe1, 0x41, 0x01, 0x30, 0xc1, 0x28, 0x80, 0x30, 0xe2, 0x30, 0xe2, 0x18, 0x61, 0x39, 0x02, 0x6a, 0x05, 0x9b, 0x28, 0x92, 0xc6, 0x5a, 0x04, 0xab, 0x27, 0xab, 0x46, 0x00, 0x00, 0x10, 0x61, 0x10, 0x81, 0x29, 0x44, 0x08, 0x40,
  0x52, 0xaa, 0x29, 0x45, 0x08, 0x40, 0x10, 0xa1, 0x79, 0xc2, 0x92, 0x03, 0x49, 0x84, 0x89, 0x63, 0xfc, 0xe0, 0x41, 0x23, 0x18, 0x82, 0x28, 0xc2, 0x30, 0xc2, 0x20, 0x61, 0x28, 0x81, 0x30, 0xa0, 0x40, 0xe1, 0x41, 0x01, 0x30, 0xa1, 0x30, 0xe1, 0x30, 0xe2, 0x20, 0x81, 0x20, 0xa1, 0x20, 0xa1, 0x7a, 0xa6, 0x9b, 0x07, 0x72, 0x45, 0x62, 0x25, 0xa3, 0x06, 0xab, 0x66, 0x00, 0x01, 0x10, 0x81, 0x18, 0x81, 0x29, 0x45, 0x08, 0x60,
  0x52, 0xaa, 0x29, 0x44, 0x08, 0x40, 0x10, 0xa1, 0x79, 0xa1, 0x92, 0x02, 0x31, 0x44, 0xba, 0xe3, 0xfc, 0xe1, 0x48, 0xc3, 0x10, 0x81, 0x39, 0x03, 0x28, 0xa1, 0x28, 0x81, 0x28, 0xa1, 0x30, 0xa1, 0x40, 0xe1, 0x41, 0x01, 0x38, 0xc1, 0x41, 0x23, 0x28, 0xa1, 0x20, 0x81, 0x20, 0x81, 0x28, 0xa1, 0x9b, 0x07, 0x92, 0xc6, 0x59, 0xc4, 0x62, 0x25, 0xa3, 0x27, 0xab, 0xa7, 0x00, 0x01, 0x10, 0x81, 0x18, 0x81, 0x29, 0x45, 0x08, 0x60,
  0x52, 0x8a, 0x29, 0x45, 0x08, 0x40, 0x08, 0x81, 0x79, 0xe2, 0x8a, 0x02, 0x29, 0x44, 0xe3, 0xa2, 0xfc, 0x01, 0x79, 0x63, 0x28, 0xe2, 0x30, 0xe3, 0x20, 0x81, 0x28, 0xa1, 0x28, 0xa1, 0x20, 0xa1, 0x49, 0x02, 0x49, 0x02, 0x41, 0x43, 0x30, 0xc1, 0x28, 0xa1, 0x28, 0xa1, 0x20, 0x81, 0x30, 0xc2, 0x9a, 0xe7, 0x59, 0xc4, 0x59, 0xc3, 0x72, 0x66, 0xa3, 0x06, 0xa3, 0x66, 0x00, 0x01, 0x10, 0x81, 0x18, 0xa1, 0x31, 0x65, 0x08, 0x60,
  0x52, 0x8a, 0x31, 0x65, 0x08, 0x40, 0x08, 0x81, 0x81, 0xe2, 0x81, 0xe2, 0x39, 0x44, 0xdb, 0xa2, 0xcb, 0x82, 0x18, 0x63, 0x51, 0x84, 0x08, 0xa2, 0x00, 0x02, 0x08, 0x03, 0x40, 0x83, 0x38, 0x82, 0x79, 0xa3, 0x8a, 0x04, 0x28, 0x64, 0x10, 0x02, 0x08, 0x62, 0x18, 0xa1, 0x18, 0x81, 0x51, 0xa4, 0x72, 0x25, 0x59, 0xc3, 0x49, 0x63, 0x8a, 0xc7, 0x9a, 0xe6, 0xab, 0x46, 0x00, 0x01, 0x10, 0x61, 0x20, 0xc2, 0x31, 0x65, 0x08, 0x60,
  0x52, 0x8a, 0x31, 0x65, 0x00, 0x40, 0x08, 0xa1, 0x71, 0xa2, 0x79, 0xc2, 0x28, 0xa4, 0xfc, 0x82, 0xb3, 0x02, 0x18, 0xe3, 0x30, 0x84, 0x40, 0x64, 0xd3, 0x21, 0xfc, 0xc1, 0xfc, 0x61, 0xeb, 0xa1, 0xeb, 0xe1, 0xf3, 0xe1, 0xfc, 0x41, 0xdb, 0xe2, 0x91, 0xe2, 0x30, 0x63, 0x18, 0xc4, 0x61, 0xc5, 0x51, 0x83, 0x59, 0xa3, 0x51, 0x83, 0x92, 0xc7, 0x92, 0x85, 0x92, 0xc4, 0x00, 0x01, 0x10, 0x81, 0x20, 0xc2, 0x31, 0x65, 0x10, 0x40,
  0x4a, 0x8a, 0x31, 0x65, 0x00, 0x40, 0x08, 0x81, 0x81, 0xe2, 0x81, 0xc2, 0x30, 0xa4, 0xfd, 0x21, 0x51, 0x63, 0x28, 0x24, 0xeb, 0x41, 0xf4, 0xa1, 0xe4, 0x61, 0xb2, 0x82, 0x68, 0xe3, 0x49, 0x03, 0xa1, 0x22, 0xa1, 0x42, 0x72, 0x23, 0xe3, 0x02, 0xe3, 0xa1, 0xfc, 0x22, 0xba, 0x84, 0x31, 0x25, 0x41, 0x64, 0x51, 0x83, 0x72, 0x05, 0x7a, 0x66, 0x71, 0xc2, 0x82, 0x23, 0x00, 0x01, 0x18, 0x81, 0x20, 0xc2, 0x31, 0x65, 0x10, 0x60,
  0x52, 0x8a, 0x29, 0x65, 0x08, 0x40, 0x08, 0x81, 0x81, 0xe2, 0x81, 0xc2, 0x61, 0xa4, 0xfe, 0xe0, 0x60, 0x03, 0xfd, 0xe1, 0xfd, 0xa1, 0x28, 0x03, 0x00, 0x03, 0x28, 0x83, 0x61, 0x64, 0x41, 0x23, 0x51, 0x23, 0x61, 0x22, 0x51, 0x24, 0x91, 0x84, 0x58, 0xc3, 0x9a, 0x22, 0xdb, 0xa2, 0xc3, 0x23, 0x41, 0x04, 0x59, 0xe5, 0x8a, 0x86, 0x62, 0x25, 0x59, 0x41, 0x71, 0x81, 0x00, 0x21, 0x18, 0x81, 0x20, 0xc2, 0x31, 0x65, 0x10, 0x60,
  0x4a, 0x8a, 0x29, 0x45, 0x00, 0x40, 0x08, 0x81, 0x79, 0xc2, 0x79, 0xa2, 0x82, 0x63, 0xfe, 0xc0, 0xff, 0x40, 0xbb, 0xc2, 0x00, 0x03, 0x31, 0x03, 0x38, 0xe2, 0x30, 0xc2, 0x28, 0xc1, 0x28, 0xa1, 0x40, 0xe1, 0x48, 0xe1, 0x28, 0xa1, 0x28, 0xc1, 0x28, 0xc2, 0x20, 0x83, 0x60, 0xe4, 0xfc, 0xc2, 0xfc, 0xe2, 0xa2, 0x27, 0x41, 0xa4, 0x59, 0xc4, 0x48, 0xe1, 0x79, 0x61, 0x00, 0x21, 0x18, 0x81, 0x20, 0xc2, 0x31, 0x65, 0x10, 0x60,
  0x52, 0x8a, 0x29, 0x45, 0x00, 0x40, 0x08, 0x81, 0x81, 0xe2, 0x81, 0xe3, 0x89, 0x83, 0xff, 0xe0, 0xaa, 0xa2, 0x70, 0xa3, 0x41, 0x43, 0x28, 0xa2, 0x28, 0xa1, 0x28, 0xa1, 0x28, 0x81, 0x30, 0xa1, 0x38, 0xe1, 0x38, 0xe1, 0x30, 0xc1, 0x28, 0x80, 0x28, 0xa1, 0x28, 0xc2, 0x69, 0x63, 0xa9, 0xa3, 0xfe, 0x01, 0xd4, 0x43, 0x30, 0xe5, 0x41, 0x43, 0x40, 0xe0, 0x79, 0x81, 0x00, 0x21, 0x18, 0x81, 0x20, 0xc2, 0x31, 0x65, 0x10, 0x60,
  0x52, 0x8a, 0x29, 0x44, 0x00, 0x20, 0x08, 0x81, 0x71, 0xa1, 0x8a, 0x02, 0x41, 0xa4, 0x50, 0x84, 0x59, 0x44, 0x89, 0xe3, 0x38, 0xe2, 0x20, 0xa2, 0x20, 0x81, 0x20, 0x81, 0x28, 0xa1, 0x28, 0x80, 0x38, 0xe1, 0x38, 0xe1, 0x38, 0xe1, 0x30, 0xc1, 0x40, 0xe2, 0x49, 0x22, 0x29, 0x02, 0x20, 0x63, 0xca, 0x42, 0xfc, 0xa1, 0xba, 0x44, 0x10, 0x83, 0x48, 0xe1, 0x81, 0x61, 0x00, 0x21, 0x18, 0x81, 0x20, 0xc2, 0x29, 0x45, 0x10, 0x60,
  0x4a, 0x8a, 0x29, 0x44, 0x00, 0x20, 0x08, 0x81, 0x79, 0xe2, 0x82, 0x23, 0x61, 0xe4, 0x61, 0xe4, 0x71, 0xc3, 0x31, 0x02, 0x28, 0xc2, 0x31, 0x03, 0x28, 0xc2, 0x28, 0xa1, 0x28, 0x81, 0x30, 0xa1, 0x38, 0xe2, 0x38, 0xe2, 0x38, 0xe1, 0x28, 0xa1, 0x20, 0x81, 0x31, 0x02, 0x39, 0x03, 0x41, 0x22, 0x10, 0x64, 0xdc, 0x03, 0xfd, 0x81, 0x08, 0x03, 0x48, 0xe1, 0x89, 0x81, 0x00, 0x21, 0x10, 0x61, 0x18, 0xa2, 0x29, 0x45, 0x08, 0x20,
  0x4a, 0x8a, 0x29, 0x44, 0x00, 0x20, 0x00, 0x61, 0x82, 0x02, 0x8a, 0x43, 0x5a, 0x04, 0x6a, 0x04, 0x41, 0x42, 0x41, 0x22, 0x28, 0xc2, 0x20, 0xa1, 0x28, 0xc2, 0x30, 0xe2, 0x30, 0xe2, 0x38, 0xe2, 0x30, 0xe2, 0x30, 0xc1, 0x38, 0xe1, 0x30, 0xe1, 0x30, 0xe2, 0x31, 0x02, 0x20, 0x81, 0x30, 0xe2, 0x41, 0x63, 0x28, 0xa4, 0xf5, 0x20, 0x61, 0x02, 0x38, 0xc1, 0x89, 0x61, 0x00, 0x21, 0x10, 0x61, 0x18, 0xa2, 0x29, 0x45, 0x00, 0x20,
  0x4a, 0x8a, 0x29, 0x24, 0x00, 0x20, 0x00, 0x41, 0x79, 0xe2, 0x8a, 0x64, 0x6a, 0x45, 0x49, 0x42, 0x41, 0x22, 0x49, 0x22, 0x20, 0xa1, 0x20, 0xa2, 0x28, 0xc2, 0x28, 0xc2, 0x28, 0xa1, 0x28, 0xa1, 0x30, 0xe2, 0x30, 0xc1, 0x30, 0xc1, 0x28, 0xa1, 0x30, 0xc2, 0x30, 0xe2, 0x18, 0x81, 0x28, 0xc1, 0x41, 0x43, 0x59, 0x63, 0xfa, 0x60, 0xaa, 0xa1, 0x30, 0x81, 0x81, 0x61, 0x00, 0x20, 0x10, 0x61, 0x18, 0xa2, 0x29, 0x44, 0x00, 0x20,
  0x4a, 0x69, 0x21, 0x24, 0x00, 0x20, 0x00, 0x41, 0x8a, 0x02, 0x82, 0x64, 0x62, 0x04, 0x51, 0xa3, 0x51, 0x83, 0x49, 0x42, 0x28, 0xe2, 0x28, 0xe3, 0x30, 0xe2, 0x28, 0xa1, 0x28, 0xa1, 0x28, 0xa1, 0x30, 0xe2, 0x30, 0xc1, 0x30, 0xe1, 0x28, 0xa1, 0x39, 0x02, 0x28, 0xc2, 0x20, 0xa1, 0x39, 0x02, 0x51, 0x83, 0x61, 0x84, 0x18, 0x41, 0xcb, 0x41, 0x40, 0x21, 0x71, 0x61, 0x00, 0x20, 0x10, 0x61, 0x18, 0xa2, 0x29, 0x24, 0x00, 0x20,
  0x4a, 0x69, 0x29, 0x24, 0x00, 0x20, 0x00, 0x41, 0x8a, 0x42, 0x82, 0x44, 0x49, 0xa3, 0x59, 0xa3, 0x51, 0x83, 0x49, 0x62, 0x39, 0x23, 0x28, 0xe2, 0x28, 0xc2, 0x28, 0xe2, 0x28, 0xc1, 0x30, 0xe2, 0x30, 0xe2, 0x30, 0xe2, 0x39, 0x02, 0x30, 0xc1, 0x39, 0x02, 0x28, 0xc2, 0x28, 0xc2, 0x49, 0x63, 0x72, 0x04, 0x59, 0xa4, 0x00, 0x01, 0xeb, 0xa0, 0x58, 0xc1, 0x69, 0x61, 0x00, 0x20, 0x10, 0x61, 0x18, 0xa2, 0x29, 0x24, 0x08, 0x40,
  0x4a, 0x69, 0x29, 0x24, 0x00, 0x20, 0x00, 0x41, 0x8a, 0x42, 0x8a, 0x44, 0x49, 0x83, 0x49, 0x42, 0x41, 0x22, 0x51, 0x62, 0x28, 0xe2, 0x20, 0xa1, 0x20, 0xa1, 0x20, 0xa1, 0x28, 0xa1, 0x28, 0xa1, 0x30, 0xe2, 0x30, 0xc1, 0x30, 0xc1, 0x30, 0xc1, 0x28, 0xc1, 0x20, 0x81, 0x20, 0xa1, 0x10, 0x81, 0x61, 0xa4, 0x30, 0xe2, 0x40, 0x01, 0xdb, 0x60, 0x48, 0xe1, 0x69, 0x41, 0x00, 0x20, 0x10, 0x61, 0x18, 0xa1, 0x29, 0x24, 0x08, 0x40,
  0x4a, 0x69, 0x21, 0x24, 0x00, 0x20, 0x00, 0x41, 0x8a, 0x42, 0x82, 0x44, 0x39, 0x42, 0x51, 0x83, 0x49, 0x62, 0x61, 0xa3, 0x20, 0xa1, 0x20, 0xa2, 0x20, 0xa1, 0x28, 0xa1, 0x28, 0xa1, 0x30, 0xc1, 0x30, 0xe2, 0x30, 0xe1, 0x38, 0xe1, 0x39, 0x02, 0x28, 0xc2, 0x20, 0xa1, 0x20, 0x81, 0x30, 0xe2, 0x61, 0xc4, 0x18, 0x61, 0x80, 0xa1, 0xd3, 0x60, 0x50, 0xc1, 0x61, 0x21, 0x00, 0x20, 0x10, 0x61, 0x18, 0x81, 0x29, 0x24, 0x00, 0x20,
  0x4a, 0x69, 0x21, 0x24, 0x00, 0x20, 0x00, 0x41, 0x8a, 0x22, 0x8a, 0x43, 0x31, 0x42, 0x59, 0xa3, 0x61, 0xc3, 0x49, 0x42, 0x20, 0xa1, 0x20, 0xa1, 0x20, 0xa1, 0x28, 0xa1, 0x28, 0xa1, 0x30, 0xc1, 0x30, 0xe2, 0x30, 0xc1, 0x38, 0xe1, 0x39, 0x02, 0x28, 0xa1, 0x20, 0xa1, 0x18, 0x81, 0x49, 0x43, 0x49, 0x63, 0x10, 0x81, 0x78, 0xe1, 0xdb, 0x60, 0x50, 0xa1, 0x61, 0x41, 0x00, 0x20, 0x10, 0x61, 0x10, 0x81, 0x21, 0x24, 0x00, 0x20,
  0x4a, 0x69, 0x21, 0x24, 0x00, 0x20, 0x00, 0x41, 0x8a, 0x02, 0x82, 0x03, 0x31, 0x42, 0x51, 0x83, 0x69, 0xc3, 0x39, 0x22, 0x20, 0xa1, 0x20, 0xa2, 0x20, 0xa1, 0x20, 0xa1, 0x28, 0xc1, 0x30, 0xa1, 0x30, 0xe2, 0x30, 0xc1, 0x38, 0xc1, 0x30, 0xe2, 0x20, 0x81, 0x20, 0x81, 0x28, 0xa2, 0x49, 0x43, 0x28, 0xe2, 0x38, 0xc1, 0x89, 0x01, 0xca, 0xc1, 0x38, 0x81, 0x69, 0x41, 0x00, 0x20, 0x10, 0x41, 0x10, 0x61, 0x21, 0x04, 0x00, 0x20,
  0x4a, 0x69, 0x21, 0x04, 0x00, 0x20, 0x00, 0x41, 0x82, 0x02, 0xaa, 0x22, 0x61, 0x22, 0x61, 0xa3, 0x59, 0x82, 0x39, 0x02, 0x28, 0xc1, 0x20, 0xa1, 0x20, 0xa1, 0x28, 0xa1, 0x28, 0xa1, 0x30, 0xc1, 0x30, 0xe2, 0x38, 0xe1, 0x39, 0x02, 0x30, 0xc1, 0x28, 0xa1, 0x20, 0x81, 0x39, 0x03, 0x38, 0xe2, 0x28, 0xc1, 0x48, 0x61, 0xba, 0xa0, 0x92, 0x41, 0x30, 0xa1, 0x71, 0x41, 0x00, 0x00, 0x08, 0x40, 0x10, 0x61, 0x21, 0x04, 0x00, 0x40,
  0x4a, 0x69, 0x21, 0x24, 0x00, 0x20, 0x00, 0x61, 0x61, 0x22, 0xfd, 0x21, 0xfd, 0x22, 0x38, 0x63, 0x61, 0x83, 0x51, 0x42, 0x18, 0xa1, 0x20, 0xa2, 0x20, 0xa1, 0x28, 0xa1, 0x28, 0xa1, 0x30, 0xc1, 0x30, 0xe1, 0x38, 0xe1, 0x39, 0x22, 0x28, 0xa1, 0x20, 0x81, 0x30, 0xc2, 0x30, 0xe2, 0x20, 0xa1, 0x48, 0xe1, 0x48, 0x41, 0xeb, 0x40, 0x18, 0x01, 0x30, 0xc1, 0x71, 0x41, 0x00, 0x20, 0x08, 0x41, 0x10, 0x81, 0x21, 0x04, 0x08, 0x40,
  0x4a, 0x69, 0x21, 0x04, 0x00, 0x20, 0x00, 0x61, 0x71, 0xc2, 0x91, 0xe2, 0xf4, 0x80, 0x59, 0x23, 0x31, 0x23, 0x69, 0x63, 0x10, 0x81, 0x20, 0xa2, 0x20, 0xa1, 0x20, 0xa1, 0x28, 0xa1, 0x30, 0xa1, 0x30, 0xe1, 0x38, 0xe1, 0x38, 0xe2, 0x28, 0xa1, 0x28, 0xa1, 0x39, 0x02, 0x28, 0xa2, 0x18, 0xc1, 0x50, 0x61, 0xaa, 0xa0, 0xb2, 0xc1, 0x00, 0x01, 0x40, 0xc0, 0x71, 0x21, 0x00, 0x20, 0x08, 0x41, 0x10, 0x61, 0x21, 0x03, 0x08, 0x40,
  0x4a, 0x49, 0x21, 0x04, 0x00, 0x20, 0x00, 0x41, 0x8a, 0x02, 0x40, 0x62, 0xf4, 0x21, 0xfc, 0xe1, 0x20, 0x83, 0x41, 0x23, 0x40, 0xe2, 0x18, 0x81, 0x28, 0xa2, 0x28, 0xc1, 0x20, 0xa1, 0x30, 0xc1, 0x30, 0xc1, 0x38, 0xe1, 0x38, 0xe2, 0x28, 0x81, 0x38, 0xe2, 0x30, 0xc1, 0x00, 0x81, 0x50, 0xe2, 0x91, 0xc1, 0xf3, 0x80, 0x20, 0x01, 0x00, 0x40, 0x40, 0xc0, 0x61, 0x21, 0x00, 0x00, 0x08, 0x40, 0x10, 0x61, 0x20, 0xe3, 0x00, 0x20,
  0x4a, 0x49, 0x21, 0x04, 0x00, 0x20, 0x00, 0x41, 0x81, 0xc2, 0x69, 0x82, 0x28, 0x03, 0xfd, 0x41, 0xf4, 0x01, 0x30, 0xa3, 0x38, 0xa2, 0x20, 0xa2, 0x20, 0xa1, 0x20, 0xa1, 0x20, 0xa1, 0x28, 0xa1, 0x30, 0xa1, 0x38, 0xe1, 0x30, 0xa1, 0x38, 0xc1, 0x30, 0xc1, 0x00, 0x81, 0x28, 0x42, 0xba, 0x00, 0xd2, 0x80, 0x40, 0x61, 0x00, 0x21, 0x08, 0x40, 0x38, 0xa0, 0x61, 0x21, 0x00, 0x00, 0x08, 0x20, 0x10, 0x61, 0x18, 0xe3, 0x00, 0x20,
  0x42, 0x28, 0x21, 0x04, 0x00, 0x20, 0x00, 0x41, 0x79, 0xc2, 0x79, 0xa2, 0x31, 0x43, 0x10, 0x03, 0xfc, 0x01, 0xfb, 0xe1, 0x30, 0x62, 0x48, 0xa3, 0x08, 0x82, 0x08, 0x81, 0x20, 0xa1, 0x28, 0x81, 0x30, 0xa1, 0x30, 0xc1, 0x38, 0xc1, 0x38, 0xc2, 0x00, 0x21, 0x28, 0x21, 0xe2, 0x80, 0xd3, 0x40, 0x50, 0xa1, 0x00, 0x61, 0x08, 0x40, 0x08, 0x40, 0x38, 0xa0, 0x58, 0xe0, 0x00, 0x00, 0x08, 0x20, 0x10, 0x61, 0x18, 0xc3, 0x00, 0x20,
  0x42, 0x29, 0x19, 0x03, 0x00, 0x20, 0x00, 0x41, 0x71, 0xc2, 0x71, 0xa2, 0x31, 0x02, 0x28, 0xe2, 0x10, 0x23, 0xa2, 0x81, 0xc3, 0x40, 0x9a, 0x41, 0x91, 0x21, 0x40, 0x82, 0x00, 0x01, 0x00, 0x62, 0x28, 0x81, 0x38, 0x61, 0x60, 0xc2, 0x10, 0x21, 0x8a, 0x41, 0xb2, 0xc0, 0xa2, 0xa1, 0x10, 0x01, 0x00, 0x21, 0x10, 0x60, 0x10, 0x40, 0x00, 0x20, 0x30, 0xa0, 0x50, 0xe0, 0x00, 0x00, 0x08, 0x20, 0x08, 0x61, 0x18, 0xc2, 0x08, 0x20,
  0x42, 0x28, 0x18, 0xe3, 0x00, 0x20, 0x00, 0x21, 0x69, 0xa1, 0x69, 0x81, 0x41, 0x22, 0x39, 0x01, 0x49, 0x02, 0x28, 0x82, 0x58, 0x81, 0xea, 0xc0, 0xea, 0xe0, 0xb2, 0x20, 0xca, 0xa1, 0x92, 0x01, 0x50, 0xe1, 0xc2, 0xe0, 0xb2, 0x80, 0xaa, 0x40, 0xba, 0x80, 0x71, 0x41, 0x20, 0x42, 0x10, 0x81, 0x20, 0x81, 0x20, 0x81, 0x18, 0x60, 0x18, 0x61, 0x30, 0xa0, 0x48, 0xe0, 0x00, 0x00, 0x00, 0x20, 0x08, 0x41, 0x18, 0xa2, 0x08, 0x20,
  0x42, 0x28, 0x18, 0xe3, 0x00, 0x00, 0x00, 0x41, 0x69, 0x81, 0x59, 0x41, 0x28, 0xe1, 0x28, 0xc1, 0x38, 0xe1, 0x38, 0xc1, 0x00, 0x20, 0x10, 0x21, 0x10, 0x01, 0x40, 0x81, 0x71, 0xc1, 0x99, 0xc0, 0xb2, 0xc1, 0xbb, 0x21, 0x79, 0xc1, 0x20, 0x21, 0x00, 0x01, 0x00, 0x21, 0x20, 0x81, 0x10, 0x40, 0x10, 0x60, 0x10, 0x61, 0x08, 0x20, 0x08, 0x40, 0x28, 0x80, 0x40, 0xe0, 0x00, 0x00, 0x00, 0x20, 0x08, 0x40, 0x10, 0xa2, 0x00, 0x20,
  0x42, 0x08, 0x18, 0xe3, 0x00, 0x00, 0x00, 0x20, 0x79, 0xe2, 0x59, 0x61, 0x20, 0xa1, 0x30, 0xe1, 0x28, 0xc1, 0x18, 0x81, 0x10, 0x61, 0x10, 0x61, 0x10, 0x61, 0x08, 0x61, 0x00, 0x01, 0x82, 0x62, 0x59, 0xa1, 0x00, 0x60, 0x92, 0x82, 0x00, 0x00, 0x10, 0x61, 0x18, 0x81, 0x08, 0x41, 0x18, 0x81, 0x08, 0x41, 0x08, 0x40, 0x10, 0x60, 0x00, 0x20, 0x28, 0x80, 0x40, 0xe1, 0x00, 0x00, 0x00, 0x00, 0x08, 0x20, 0x10, 0x82, 0x00, 0x20,
  0x39, 0xe7, 0x18, 0xc3, 0x00, 0x00, 0x00, 0x20, 0x20, 0xe2, 0x49, 0x84, 0x49, 0xc5, 0x51, 0xc5, 0x59, 0xe5, 0x59, 0xe5, 0x31, 0x44, 0x39, 0x84, 0x31, 0x44, 0x31, 0x23, 0x20, 0xe3, 0x61, 0xe2, 0x61, 0xa2, 0x39, 0x01, 0x59, 0xc3, 0x31, 0x03, 0x39, 0x43, 0x39, 0x43, 0x39, 0x64, 0x31, 0x44, 0x29, 0x23, 0x29, 0x03, 0x28, 0xe2, 0x20, 0xc2, 0x20, 0xc2, 0x18, 0xa1, 0x00, 0x00, 0x00, 0x00, 0x08, 0x20, 0x10, 0x61, 0x00, 0x20,
  0x39, 0xe7, 0x21, 0x03, 0x08, 0x40, 0x20, 0x80, 0x20, 0xc2, 0x49, 0xc5, 0x59, 0xc5, 0x62, 0x05, 0x6a, 0x25, 0x59, 0xe5, 0x41, 0x64, 0x39, 0x64, 0x41, 0x84, 0x41, 0x43, 0x39, 0x02, 0x20, 0xc2, 0x41, 0x21, 0x51, 0x61, 0x28, 0xe2, 0x41, 0x42, 0x41, 0x63, 0x41, 0x63, 0x49, 0x84, 0x41, 0x64, 0x41, 0x63, 0x39, 0x43, 0x30, 0xe2, 0x31, 0x02, 0x31, 0x02, 0x20, 0xc2, 0x08, 0x20, 0x10, 0x40, 0x10, 0x60, 0x10, 0x61, 0x00, 0x00,
  0x39, 0xc7, 0x18, 0xe3, 0x08, 0x20, 0x10, 0x40, 0x61, 0xc2, 0xfe, 0x07, 0xf6, 0x4a, 0x30, 0xa0, 0x08, 0x00, 0x18, 0x60, 0x00, 0x20, 0x00, 0x40, 0x20, 0xc1, 0x10, 0x60, 0x00, 0x00, 0x00, 0x20, 0x00, 0x00, 0x00, 0x00, 0x00, 0x00, 0x00, 0x00, 0x00, 0x20, 0x00, 0x00, 0x00, 0x20, 0x00, 0x20, 0x10, 0x20, 0x18, 0x60, 0x08, 0x20, 0x08, 0x40, 0x69, 0xc3, 0x59, 0x62, 0x08, 0x40, 0x10, 0x40, 0x08, 0x40, 0x08, 0x41, 0x00, 0x00,
  0x39, 0xc7, 0x10, 0xc3, 0x00, 0x00, 0x00, 0x00, 0x82, 0xe4, 0xfd, 0xe8, 0x7a, 0xe6, 0x00, 0x00, 0x10, 0x40, 0x10, 0x40, 0x00, 0x00, 0x00, 0x20, 0x00, 0x00, 0x00, 0x00, 0x00, 0x00, 0x00, 0x00, 0x00, 0x00, 0x00, 0x00, 0x00, 0x00, 0x00, 0x00, 0x00, 0x00, 0x00, 0x00, 0x00, 0x20, 0x00, 0x00, 0x08, 0x00, 0x08, 0x20, 0x08, 0x20, 0x00, 0x00, 0x20, 0x80, 0x49, 0x21, 0x00, 0x00, 0x00, 0x20, 0x00, 0x20, 0x08, 0x41, 0x00, 0x00,
  0x31, 0xa6, 0x10, 0xc2, 0x00, 0x00, 0x10, 0x40, 0x18, 0x81, 0x39, 0x42, 0x00, 0x00, 0x18, 0x60, 0x18, 0x60, 0x10, 0x40, 0x00, 0x00, 0x00, 0x20, 0x00, 0x20, 0x00, 0x00, 0x00, 0x00, 0x00, 0x00, 0x00, 0x00, 0x00, 0x00, 0x00, 0x00, 0x00, 0x00, 0x00, 0x00, 0x00, 0x00, 0x00, 0x20, 0x00, 0x00, 0x08, 0x20, 0x08, 0x20, 0x00, 0x00, 0x00, 0x00, 0x00, 0x00, 0x00, 0x00, 0x00, 0x00, 0x00, 0x20, 0x00, 0x20, 0x08, 0x40, 0x00, 0x00,
  0x31, 0xa6, 0x10, 0xa2, 0x00, 0x00, 0x10, 0x60, 0x10, 0x40, 0x08, 0x20, 0x18, 0x60, 0x18, 0x60, 0x18, 0x60, 0x10, 0x40, 0x00, 0x00, 0x00, 0x00, 0x00, 0x00, 0x00, 0x00, 0x00, 0x00, 0x00, 0x00, 0x00, 0x00, 0x00, 0x00, 0x00, 0x00, 0x00, 0x00, 0x00, 0x00, 0x00, 0x00, 0x00, 0x20, 0x00, 0x00, 0x08, 0x20, 0x08, 0x00, 0x08, 0x00, 0x08, 0x00, 0x00, 0x00, 0x00, 0x00, 0x00, 0x00, 0x00, 0x00, 0x00, 0x20, 0x00, 0x20, 0x00, 0x00,
  0x31, 0x86, 0x10, 0xa2, 0x00, 0x00, 0x10, 0x60, 0x10, 0x60, 0x10, 0x60, 0x18, 0x60, 0x10, 0x60, 0x10, 0x60, 0x10, 0x40, 0x00, 0x00, 0x00, 0x00, 0x00, 0x00, 0x00, 0x00, 0x00, 0x00, 0x00, 0x00, 0x00, 0x00, 0x00, 0x00, 0x00, 0x00, 0x00, 0x00, 0x00, 0x00, 0x00, 0x00, 0x00, 0x00, 0x00, 0x00, 0x00, 0x00, 0x08, 0x00, 0x08, 0x20, 0x00, 0x00, 0x00, 0x00, 0x00, 0x00, 0x00, 0x00, 0x00, 0x00, 0x00, 0x00, 0x00, 0x20, 0x00, 0x00,
  0x29, 0x65, 0x10, 0xa2, 0x00, 0x00, 0x10, 0x60, 0x10, 0x60, 0x10, 0x40, 0x18, 0x60, 0x10, 0x60, 0x10, 0x60, 0x08, 0x40, 0x00, 0x00, 0x00, 0x20, 0x00, 0x00, 0x00, 0x00, 0x00, 0x00, 0x00, 0x00, 0x00, 0x00, 0x00, 0x00, 0x00, 0x00, 0x00, 0x00, 0x00, 0x00, 0x00, 0x00, 0x00, 0x00, 0x00, 0x00, 0x00, 0x00, 0x08, 0x20, 0x08, 0x20, 0x00, 0x00, 0x00, 0x00, 0x00, 0x00, 0x00, 0x00, 0x00, 0x00, 0x00, 0x00, 0x00, 0x00, 0x00, 0x00,
  0x29, 0x65, 0x10, 0xa2, 0x00, 0x00, 0x10, 0x60, 0x10, 0x60, 0x10, 0x40, 0x18, 0x60, 0x10, 0x60, 0x10, 0x40, 0x08, 0x20, 0x00, 0x00, 0x00, 0x00, 0x00, 0x00, 0x00, 0x00, 0x00, 0x00, 0x00, 0x00, 0x00, 0x00, 0x00, 0x00, 0x00, 0x00, 0x00, 0x00, 0x00, 0x00, 0x00, 0x00, 0x00, 0x00, 0x00, 0x00, 0x00, 0x00, 0x00, 0x00, 0x00, 0x00, 0x00, 0x00, 0x00, 0x00, 0x00, 0x00, 0x00, 0x00, 0x00, 0x00, 0x00, 0x00, 0x00, 0x00, 0x00, 0x00,
  0x21, 0x24, 0x08, 0x81, 0x00, 0x00, 0x08, 0x20, 0x08, 0x20, 0x08, 0x20, 0x18, 0x60, 0x10, 0x40, 0x10, 0x40, 0x08, 0x20, 0x00, 0x00, 0x00, 0x00, 0x00, 0x00, 0x00, 0x00, 0x00, 0x00, 0x00, 0x00, 0x00, 0x00, 0x00, 0x00, 0x00, 0x00, 0x00, 0x00, 0x00, 0x00, 0x00, 0x00, 0x00, 0x00, 0x00, 0x00, 0x00, 0x00, 0x00, 0x00, 0x00, 0x00, 0x00, 0x00, 0x00, 0x00, 0x00, 0x00, 0x00, 0x00, 0x00, 0x00, 0x00, 0x00, 0x00, 0x00, 0x00, 0x00
};

static const uint8_t vfd_35x67_6[4690] = {
  0x00, 0x00, 0x00, 0x00, 0x00, 0x00, 0x00, 0x00, 0x00, 0x00, 0x00, 0x00, 0x00, 0x00, 0x00, 0x00, 0x00, 0x00, 0x00, 0x00, 0x00, 0x00, 0x00, 0x00, 0x00, 0x00, 0x00, 0x00, 0x00, 0x00, 0x00, 0x00, 0x18, 0xa2, 0x5a, 0x06, 0x00, 0x21, 0x00, 0x00, 0x00, 0x00, 0x00, 0x00, 0x00, 0x00, 0x00, 0x00, 0x00, 0x00, 0x00, 0x00, 0x00, 0x00, 0x00, 0x00, 0x00, 0x00, 0x00, 0x00, 0x00, 0x00, 0x00, 0x00, 0x00, 0x00, 0x00, 0x00, 0x00, 0x00,
  0x00, 0x00, 0x00, 0x00, 0x00, 0x00, 0x00, 0x00, 0x00, 0x00, 0x00, 0x00, 0x00, 0x00, 0x00, 0x00, 0x00, 0x00, 0x00, 0x00, 0x00, 0x00, 0x00, 0x00, 0x00, 0x00, 0x00, 0x00, 0x00, 0x00, 0x00, 0x00, 0x29, 0x23, 0x49, 0xc6, 0x10, 0xa3, 0x00, 0x00, 0x00, 0x00, 0x00, 0x00, 0x00, 0x00, 0x00, 0x00, 0x00, 0x00, 0x00, 0x00, 0x00, 0x00, 0x00, 0x00, 0x00, 0x00, 0x00, 0x00, 0x00, 0x00, 0x00, 0x00, 0x00, 0x00, 0x00, 0x00, 0x00, 0x00,
  0x00, 0x00, 0x00, 0x00, 0x00, 0x00, 0x00, 0x00, 0x00, 0x00, 0x00, 0x00, 0x00, 0x00, 0x00, 0x00, 0x00, 0x00, 0x00, 0x00, 0x00, 0x00, 0x00, 0x00, 0x00, 0x00, 0x00, 0x00, 0x00, 0x00, 0x00, 0x00, 0x20, 0xc3, 0x51, 0xe6, 0x10, 0xc3, 0x00, 0x00, 0x00, 0x00, 0x00, 0x00, 0x00, 0x00, 0x00, 0x00, 0x00, 0x00, 0x00, 0x00, 0x00, 0x00, 0x00, 0x00, 0x00, 0x00, 0x00, 0x00, 0x00, 0x00, 0x00, 0x00, 0x00, 0x00, 0x00, 0x00, 0x00, 0x00,
  0x00, 0x00, 0x00, 0x00, 0x00, 0x00, 0x00, 0x00, 0x00, 0x00, 0x00, 0x00, 0x00, 0x00, 0x00, 0x00, 0x00, 0x00, 0x00, 0x00, 0x00, 0x00, 0x00, 0x00, 0x00, 0x00, 0x00, 0x00, 0x00, 0x00, 0x00, 0x00, 0x41, 0x42, 0x6a, 0x04, 0x20, 0xc2, 0x00, 0x00, 0x00, 0x00, 0x00, 0x00, 0x00, 0x00, 0x00, 0x00, 0x00, 0x00, 0x00, 0x00, 0x00, 0x00, 0x00, 0x00, 0x00, 0x00, 0x00, 0x00, 0x00, 0x00, 0x00, 0x00, 0x00, 0x00, 0x00, 0x00, 0x00, 0x00,
  0x00, 0x00, 0x00, 0x00, 0x00, 0x00, 0x00, 0x00, 0x00, 0x00, 0x00, 0x00, 0x00, 0x00, 0x00, 0x00, 0x00, 0x00, 0x00, 0x00, 0x00, 0x00, 0x00, 0x00, 0x00, 0x00, 0x00, 0x00, 0x00, 0x00, 0x62, 0xea, 0xd4, 0xab, 0x72, 0x65, 0xb4, 0x2a, 0x49, 0xe5, 0x00, 0x00, 0x00, 0x00, 0x00, 0x00, 0x00, 0x00, 0x00, 0x00, 0x00, 0x00, 0x00, 0x00, 0x00, 0x00, 0x00, 0x00, 0x00, 0x00, 0x00, 0x00, 0x00, 0x00, 0x00, 0x00, 0x00, 0x00, 0x00, 0x00,
  0x00, 0x00, 0x00, 0x00, 0x00, 0x00, 0x00, 0x00, 0x00, 0x00, 0x00, 0x00, 0x00, 0x00, 0x00, 0x00, 0x00, 0x00, 0x00, 0x00, 0x00, 0x00, 0x00, 0x00, 0x00, 0x00, 0x00, 0x00, 0x39, 0x86, 0x6a, 0x67, 0x62, 0x24, 0x9b, 0x89, 0x6a, 0x25, 0x39, 0x43, 0x10, 0x81, 0x00, 0x00, 0x00, 0x00, 0x00, 0x00, 0x00, 0x00, 0x00, 0x00, 0x00, 0x00, 0x00, 0x00, 0x00, 0x00, 0x00, 0x00, 0x00, 0x00, 0x00, 0x00, 0x00, 0x00, 0x00, 0x00, 0x00, 0x00,
  0x00, 0x00, 0x00, 0x00, 0x00, 0x00, 0x00, 0x00, 0x00, 0x00, 0x00, 0x00, 0x00, 0x00, 0x00, 0x00, 0x00, 0x00, 0x00, 0x00, 0x00, 0x00, 0x00, 0x00, 0x08, 0x00, 0x08, 0x20, 0x10, 0x61, 0x00, 0x00, 0x28, 0xa1, 0x51, 0xa4, 0x18, 0x81, 0x08, 0x20, 0x08, 0x20, 0x10, 0x40, 0x10, 0x61, 0x00, 0x00, 0x00, 0x00, 0x00, 0x00, 0x00, 0x00, 0x00, 0x00, 0x00, 0x00, 0x00, 0x00, 0x00, 0x00, 0x00, 0x00, 0x00, 0x00, 0x00, 0x00, 0x00, 0x00,
  0x00, 0x00, 0x00, 0x00, 0x00, 0x00, 0x00, 0x00, 0x00, 0x00, 0x00, 0x00, 0x00, 0x00, 0x00, 0x00, 0x00, 0x00, 0x08, 0x20, 0x18, 0x60, 0x18, 0x60, 0x08, 0x20, 0x08, 0x20, 0x08, 0x20, 0x00, 0x00, 0x28, 0xe2, 0x6a, 0x87, 0x18, 0xa2, 0x00, 0x00, 0x08, 0x20, 0x08, 0x20, 0x08, 0x20, 0x08, 0x20, 0x08, 0x20, 0x08, 0x20, 0x08, 0x20, 0x00, 0x00, 0x00, 0x00, 0x00, 0x00, 0x00, 0x00, 0x00, 0x00, 0x00, 0x00, 0x00, 0x00, 0x00, 0x00,
  0x00, 0x00, 0x00, 0x00, 0x00, 0x00, 0x00, 0x00, 0x00, 0x00, 0x00, 0x00, 0x00, 0x00, 0x00, 0x00, 0x08, 0x20, 0x10, 0x40, 0x08, 0x41, 0x10, 0x61, 0x18, 0x81, 0x28, 0xe2, 0x31, 0x22, 0x18, 0xa1, 0x28, 0xe2, 0x62, 0x26, 0x20, 0xa2, 0x10, 0x40, 0x10, 0x60, 0x10, 0x40, 0x08, 0x00, 0x08, 0x40, 0x10, 0x40, 0x10, 0x60, 0x08, 0x40, 0x08, 0x20, 0x00, 0x20, 0x00, 0x00, 0x00, 0x00, 0x00, 0x00, 0x00, 0x00, 0x00, 0x00, 0x00, 0x00,
  0x00, 0x00, 0x00, 0x00, 0x00, 0x00, 0x21, 0x03, 0x00, 0x20, 0x21, 0x24, 0x4a, 0xab, 0x7b, 0xad, 0x8b, 0xab, 0x9b, 0xa9, 0xa3, 0x68, 0x9b, 0x47, 0xa3, 0x67, 0x8a, 0xc6, 0x7a, 0x65, 0x82, 0xa6, 0xa3, 0x27, 0x7a, 0x86, 0x72, 0x65, 0x7a, 0xc7, 0x72, 0x66, 0x6a, 0x86, 0x72, 0x86, 0x49, 0x84, 0x29, 0x02, 0x20, 0xc2, 0x18, 0x82, 0x20, 0xc2, 0x20, 0xc2, 0x10, 0x61, 0x00, 0x00, 0x62, 0xeb, 0x31, 0xa6, 0x00, 0x00, 0x00, 0x00,
  0x00, 0x00, 0x00, 0x00, 0x20, 0xe2, 0x6b, 0x6d, 0x93, 0xee, 0x7a, 0xea, 0x93, 0x0a, 0x8a, 0xe7, 0x82, 0x85, 0x92, 0xe6, 0xa3, 0x67, 0xab, 0x66, 0x92, 0xc5, 0x82, 0x85, 0x6a, 0x04, 0x82, 0x65, 0xc3, 0xa8, 0x6a, 0x45, 0x82, 0xa6, 0x9b, 0x07, 0xa3, 0x48, 0xab, 0x68, 0xab, 0x68, 0xb3, 0x88, 0x93, 0x47, 0xa3, 0x47, 0xb3, 0xc8, 0x59, 0xe5, 0x31, 0x23, 0x49, 0x84, 0x41, 0x85, 0x39, 0xc6, 0x4a, 0x07, 0x21, 0x03, 0x00, 0x00,
  0x00, 0x00, 0x18, 0xc2, 0x8c, 0x51, 0x7b, 0xf0, 0x28, 0xa1, 0x41, 0x21, 0x82, 0x43, 0x7a, 0x43, 0x8a, 0xa4, 0xa2, 0xe5, 0x72, 0x23, 0x51, 0xa3, 0x61, 0xe3, 0x7a, 0x44, 0x59, 0xc3, 0x18, 0xa1, 0x18, 0x81, 0x29, 0x02, 0x62, 0x04, 0x8a, 0xc6, 0x9b, 0x07, 0x92, 0xe7, 0x9b, 0x07, 0x9b, 0x07, 0x9b, 0x27, 0xab, 0x67, 0xbb, 0xc8, 0xc3, 0xa8, 0x62, 0x05, 0x29, 0x02, 0x39, 0x23, 0x39, 0x64, 0x31, 0x64, 0x18, 0xc2, 0x00, 0x20,
  0x00, 0x00, 0x7c, 0x51, 0x7b, 0xd0, 0x18, 0x40, 0x20, 0xa2, 0x30, 0x80, 0x30, 0x80, 0x8b, 0xa7, 0x8a, 0xe5, 0x59, 0xc2, 0x52, 0x03, 0x6a, 0x64, 0x61, 0xc3, 0x20, 0xc1, 0x18, 0x81, 0x20, 0xa1, 0x20, 0xa1, 0x20, 0xa1, 0x28, 0xc2, 0x29, 0x02, 0x6a, 0x25, 0x8a, 0xc6, 0x82, 0xe6, 0x82, 0xe6, 0x82, 0xc6, 0x7a, 0xc7, 0x7a, 0xe7, 0x62, 0x66, 0x6a, 0x67, 0x31, 0x03, 0x31, 0x22, 0x49, 0x84, 0x49, 0xe6, 0x29, 0x44, 0x18, 0x81,
  0x08, 0x81, 0x9c, 0x50, 0x61, 0xc4, 0x29, 0x02, 0x93, 0x88, 0xff, 0x10, 0xff, 0xf9, 0xe4, 0x69, 0xb3, 0x67, 0xbb, 0x87, 0xcb, 0xc8, 0xd4, 0x08, 0x7a, 0x45, 0x82, 0x45, 0x62, 0x05, 0x59, 0xe4, 0x41, 0x04, 0x51, 0xa5, 0x49, 0x85, 0x6a, 0x25, 0x62, 0x05, 0x8a, 0xa6, 0xdc, 0x2a, 0xd4, 0x2a, 0xd4, 0x4a, 0xdc, 0xab, 0xf5, 0x2b, 0xbb, 0x47, 0xfe, 0xf0, 0xff, 0x10, 0x93, 0x49, 0x61, 0xe4, 0x59, 0xe5, 0x41, 0xe6, 0x18, 0x80,
  0x39, 0xe7, 0x73, 0x8e, 0x00, 0x00, 0x00, 0x00, 0x72, 0x66, 0xff, 0xfc, 0xfe, 0xce, 0x81, 0x40, 0xc4, 0x2a, 0xbb, 0xe9, 0xa3, 0x08, 0x61, 0xe6, 0x5a, 0x06, 0x6a, 0x46, 0x72, 0x46, 0x49, 0xa6, 0xf6, 0x08, 0xf5, 0xa9, 0xa4, 0x48, 0x59, 0xe6, 0x82, 0xa7, 0x59, 0xe6, 0x9b, 0x69, 0xdc, 0xcc, 0xe5, 0x2d, 0xfd, 0xaf, 0xfe, 0x71, 0xf4, 0x8a, 0xfc, 0x06, 0xff, 0xf3, 0x5a, 0x27, 0x00, 0x00, 0x10, 0x61, 0x41, 0xa6, 0x10, 0x81,
  0x4a, 0x49, 0x6b, 0x4d, 0x00, 0x00, 0x00, 0x61, 0x69, 0xe3, 0xd2, 0xc2, 0x00, 0x00, 0x28, 0xc1, 0x39, 0x02, 0x10, 0x20, 0x30, 0xc1, 0x00, 0x00, 0x00, 0x20, 0x20, 0x81, 0x00, 0x00, 0x61, 0xe2, 0xd4, 0x23, 0x00, 0x00, 0xfe, 0x05, 0x00, 0x00, 0x00, 0x20, 0x28, 0xc1, 0x00, 0x00, 0x41, 0x43, 0x31, 0x01, 0x18, 0x40, 0x51, 0xa4, 0x20, 0xe2, 0x18, 0x20, 0xd4, 0x08, 0x29, 0x03, 0x10, 0x61, 0x18, 0xa1, 0x39, 0x85, 0x10, 0xa2,
  0x4a, 0x69, 0x63, 0x0c, 0x00, 0x00, 0x08, 0x61, 0x7a, 0x63, 0xa2, 0x62, 0x10, 0x81, 0x30, 0xc1, 0x30, 0xc1, 0x30, 0xc1, 0x18, 0x81, 0x08, 0x61, 0x10, 0x61, 0x10, 0x40, 0x08, 0x61, 0x18, 0xc1, 0x69, 0x81, 0x41, 0x22, 0xcb, 0x23, 0x00, 0x01, 0x18, 0x81, 0x10, 0x81, 0x18, 0x81, 0x31, 0x22, 0x39, 0x22, 0x41, 0x63, 0x39, 0x63, 0x59, 0xe4, 0x51, 0xe5, 0xd3, 0xe8, 0x21, 0x04, 0x10, 0x61, 0x18, 0xa1, 0x39, 0xa6, 0x10, 0xa2,
  0x4a, 0x6a, 0x6b, 0x4c, 0x00, 0x00, 0x00, 0x61, 0x72, 0x23, 0xb2, 0x83, 0x29, 0x02, 0x51, 0x83, 0x51, 0x83, 0x49, 0x63, 0x51, 0x63, 0x39, 0x23, 0x39, 0x23, 0x41, 0x23, 0x41, 0x23, 0x28, 0x43, 0xc1, 0x21, 0xfe, 0xe0, 0xa1, 0x21, 0x29, 0x23, 0x41, 0x43, 0x39, 0x23, 0x41, 0x23, 0x72, 0x25, 0x92, 0x86, 0x9b, 0x07, 0xc3, 0xa9, 0xbb, 0xa9, 0x8b, 0x07, 0xcc, 0x08, 0x21, 0x24, 0x10, 0x61, 0x18, 0xa1, 0x39, 0xa6, 0x10, 0xa2,
  0x4a, 0x69, 0x6b, 0x2c, 0x00, 0x00, 0x00, 0x41, 0x7a, 0x64, 0xc2, 0xe3, 0x08, 0x61, 0x41, 0x02, 0x41, 0x22, 0x30, 0xc1, 0x49, 0x43, 0x18, 0xa1, 0x28, 0xa1, 0x41, 0x02, 0x40, 0x01, 0xc0, 0x61, 0xfe, 0xe0, 0xfc, 0xc1, 0x18, 0x02, 0x28, 0xc2, 0x39, 0x22, 0x41, 0x23, 0x28, 0xe2, 0x31, 0x02, 0x51, 0xa3, 0x41, 0x83, 0x72, 0x25, 0x72, 0x45, 0xa3, 0x68, 0xcc, 0x28, 0x19, 0x04, 0x10, 0x61, 0x18, 0xa1, 0x39, 0xa6, 0x10, 0xa2,
  0x4a, 0x69, 0x6b, 0x2b, 0x00, 0x00, 0x00, 0x41, 0x72, 0x63, 0xcb, 0x03, 0x18, 0x81, 0x28, 0xc1, 0x30, 0xc1, 0x28, 0xc1, 0x41, 0x43, 0x30, 0xe3, 0x38, 0xe2, 0x18, 0x01, 0x68, 0x22, 0xff, 0x60, 0xfc, 0x40, 0x40, 0x02, 0x10, 0xa2, 0x28, 0xa1, 0x28, 0xa1, 0x30, 0xe2, 0x41, 0x43, 0x61, 0xe4, 0x41, 0x83, 0x59, 0xc4, 0x41, 0x83, 0xa3, 0x47, 0x8a, 0xe7, 0xcb, 0xc8, 0x21, 0x24, 0x10, 0x61, 0x18, 0xa1, 0x39, 0xa6, 0x10, 0xa2,
  0x4a, 0x69, 0x6b, 0x0b, 0x00, 0x20, 0x00, 0x41, 0x72, 0x63, 0xdb, 0x23, 0x18, 0x81, 0x30, 0xc1, 0x30, 0xc1, 0x30, 0xe1, 0x51, 0x83, 0x28, 0xc2, 0x28, 0xa2, 0x28, 0x02, 0xff, 0x60, 0xdb, 0x21, 0x68, 0x61, 0x79, 0x21, 0x28, 0xc1, 0x28, 0xa1, 0x28, 0xa1, 0x20, 0xa1, 0x18, 0xa2, 0x51, 0xa4, 0xc3, 0x67, 0x49, 0xc4, 0x82, 0x86, 0x9b, 0x27, 0x72, 0x65, 0xdb, 0xe8, 0x19, 0x04, 0x10, 0x61, 0x18, 0x81, 0x39, 0x85, 0x18, 0xa2,
  0x4a, 0x69, 0x62, 0xeb, 0x00, 0x00, 0x00, 0x41, 0x72, 0x84, 0xe3, 0xa4, 0x10, 0x41, 0x30, 0xe1, 0x30, 0xe1, 0x61, 0xc3, 0x49, 0x42, 0x20, 0xa2, 0x00, 0x03, 0xfd, 0xe0, 0xeb, 0xa1, 0x30, 0x03, 0x59, 0x42, 0x69, 0x42, 0x28, 0xe1, 0x28, 0xa1, 0x28, 0xa1, 0x28, 0xc2, 0x18, 0x81, 0x31, 0x03, 0x8a, 0xe6, 0xbb, 0x68, 0x92, 0xe7, 0x8a, 0xa6, 0x51, 0xc4, 0xf4, 0x29, 0x18, 0xe4, 0x10, 0x61, 0x18, 0x61, 0x31, 0x44, 0x18, 0xc2,
  0x4a, 0x69, 0x5a, 0xcb, 0x00, 0x00, 0x08, 0x61, 0x6a, 0x23, 0xdb, 0x63, 0x20, 0xa1, 0x30, 0xe1, 0x59, 0x83, 0x59, 0xa3, 0x51, 0x22, 0x00, 0x03, 0xfc, 0x81, 0xfe, 0xc0, 0x00, 0x03, 0x71, 0x63, 0x30, 0xc1, 0x59, 0x42, 0x28, 0xc1, 0x28, 0xa1, 0x28, 0xa1, 0x20, 0xa1, 0x20, 0xa1, 0x18, 0x82, 0x7a, 0x45, 0xb3, 0x68, 0x9a, 0xe7, 0x7a, 0x85, 0x51, 0xc4, 0xeb, 0xe8, 0x19, 0x04, 0x10, 0x61, 0x18, 0x81, 0x31, 0x44, 0x18, 0xc2,
  0x4a, 0x49, 0x5a, 0xeb, 0x00, 0x00, 0x08, 0x61, 0x61, 0xe3, 0xd3, 0x23, 0x18, 0x81, 0x49, 0x42, 0x51, 0x62, 0x51, 0x63, 0x00, 0x43, 0x99, 0xc2, 0xfd, 0xa0, 0x08, 0x02, 0x51, 0x43, 0x40, 0xe2, 0x38, 0xc1, 0x51, 0x42, 0x30, 0xe1, 0x28, 0xa1, 0x28, 0xa1, 0x20, 0xa1, 0x18, 0x81, 0x30, 0xe2, 0xa3, 0x27, 0x7a, 0x86, 0xb3, 0x88, 0x72, 0x45, 0x51, 0xc4, 0xf4, 0x08, 0x08, 0x61, 0x08, 0x61, 0x10, 0x61, 0x29, 0x44, 0x18, 0xc2,
  0x4a, 0x49, 0x5a, 0xca, 0x00, 0x00, 0x00, 0x61, 0x62, 0x03, 0xc2, 0xc3, 0x20, 0xc1, 0x51, 0x62, 0x49, 0x42, 0x59, 0xa3, 0x28, 0x03, 0xfd, 0xc0, 0xb2, 0x22, 0x00, 0x03, 0x61, 0x43, 0x20, 0x81, 0x38, 0xe1, 0x49, 0x42, 0x30, 0xe1, 0x28, 0xa1, 0x28, 0xa1, 0x20, 0xa1, 0x10, 0x61, 0x59, 0xc4, 0x61, 0xe4, 0x6a, 0x05, 0xab, 0x68, 0x92, 0xe6, 0x51, 0xa4, 0xf4, 0x29, 0x18, 0xe3, 0x10, 0x61, 0x10, 0x81, 0x29, 0x44, 0x18, 0xc2,
  0x4a, 0x49, 0x5a, 0xca, 0x00, 0x00, 0x08, 0x61, 0x59, 0xe2, 0xaa, 0x82, 0x49, 0x82, 0x49, 0x22, 0x51, 0x63, 0x38, 0x84, 0xfd, 0x40, 0xfd, 0x61, 0x00, 0x03, 0x49, 0x03, 0x38, 0xe2, 0x28, 0x81, 0x38, 0xe1, 0x49, 0x42, 0x30, 0xc1, 0x30, 0xc1, 0x28, 0xa1, 0x20, 0x81, 0x39, 0x23, 0x31, 0x02, 0x41, 0x63, 0x82, 0xa6, 0x8a, 0xc7, 0x7a, 0x45, 0x82, 0x86, 0xec, 0x28, 0x19, 0x04, 0x10, 0x61, 0x18, 0x81, 0x29, 0x44, 0x18, 0xc2,
  0x4a, 0x49, 0x5a, 0xaa, 0x00, 0x00, 0x08, 0x81, 0x59, 0xa2, 0x9a, 0x42, 0x59, 0xa3, 0x41, 0x22, 0x41, 0x63, 0x89, 0x03, 0xfe, 0x00, 0x40, 0x03, 0x00, 0xa2, 0x51, 0x43, 0x18, 0x81, 0x28, 0xa1, 0x38, 0xe1, 0x49, 0x42, 0x30, 0xe1, 0x30, 0xc1, 0x20, 0xa1, 0x39, 0x03, 0x31, 0x03, 0x20, 0xc2, 0x51, 0x83, 0x82, 0x66, 0xa3, 0x27, 0x6a, 0x04, 0x9a, 0xe6, 0xec, 0x88, 0x18, 0xe4, 0x10, 0x61, 0x18, 0x81, 0x29, 0x44, 0x18, 0xc2,
  0x42, 0x49, 0x5a, 0xaa, 0x00, 0x00, 0x00, 0x81, 0x59, 0xa2, 0x9a, 0x22, 0x51, 0x83, 0x41, 0x22, 0x68, 0xe4, 0xfe, 0x20, 0xfc, 0x41, 0x00, 0x03, 0x38, 0xe2, 0x38, 0xe2, 0x20, 0x81, 0x30, 0xa1, 0x38, 0xe1, 0x49, 0x42, 0x38, 0xe1, 0x28, 0xa1, 0x28, 0xc1, 0x39, 0x43, 0x18, 0x61, 0x28, 0xe2, 0x49, 0x63, 0x9b, 0x07, 0xab, 0x47, 0x61, 0xe4, 0x8a, 0xa6, 0xec, 0x68, 0x00, 0x41, 0x10, 0x61, 0x10, 0x61, 0x29, 0x44, 0x18, 0xc2,
  0x42, 0x29, 0x52, 0xaa, 0x00, 0x00, 0x00, 0x61, 0x61, 0xa2, 0xa2, 0x22, 0x49, 0xa3, 0x30, 0xe2, 0x89, 0xa2, 0xfe, 0x80, 0x38, 0x03, 0x08, 0xa2, 0x41, 0x23, 0x20, 0x81, 0x28, 0x81, 0x28, 0xa1, 0x38, 0xe1, 0x49, 0x42, 0x30, 0xc1, 0x30, 0xc1, 0x39, 0x23, 0x20, 0xa1, 0x20, 0x81, 0x18, 0xa1, 0x59, 0xc4, 0xa3, 0x28, 0x72, 0x25, 0x72, 0x24, 0x82, 0x86, 0xf4, 0x48, 0x08, 0xa3, 0x10, 0x61, 0x10, 0x61, 0x31, 0x44, 0x18, 0xc2,
  0x42, 0x28, 0x52, 0xaa, 0x00, 0x00, 0x00, 0x61, 0x59, 0x82, 0xa2, 0x21, 0x41, 0x82, 0x38, 0x23, 0xfd, 0x80, 0xfe, 0x01, 0x00, 0x02, 0x39, 0x03, 0x41, 0x02, 0x20, 0x81, 0x28, 0x81, 0x30, 0xa1, 0x38, 0xe1, 0x49, 0x22, 0x30, 0xc1, 0x41, 0x43, 0x30, 0xe2, 0x20, 0x81, 0x20, 0x81, 0x18, 0x81, 0x72, 0x24, 0x9b, 0x07, 0x51, 0x83, 0x61, 0xc4, 0x8a, 0xa6, 0xec, 0x68, 0x08, 0xc4, 0x10, 0x61, 0x18, 0x61, 0x31, 0x65, 0x18, 0xc2,
  0x42, 0x28, 0x5a, 0xaa, 0x00, 0x00, 0x00, 0x61, 0x61, 0xa2, 0xa2, 0x22, 0x41, 0x63, 0x89, 0x42, 0xfd, 0x20, 0xca, 0x02, 0x28, 0xc2, 0x49, 0x23, 0x20, 0x81, 0x28, 0xa1, 0x28, 0xa1, 0x30, 0xc1, 0x38, 0xe2, 0x51, 0x43, 0x41, 0x23, 0x39, 0x02, 0x28, 0xa1, 0x28, 0xa1, 0x20, 0x81, 0x10, 0x61, 0x92, 0x85, 0x6a, 0x04, 0x51, 0x83, 0x72, 0x25, 0x92, 0xa6, 0xe4, 0x47, 0x08, 0x83, 0x10, 0x61, 0x18, 0x61, 0x31, 0x65, 0x18, 0xa2,
  0x42, 0x28, 0x5a, 0xaa, 0x00, 0x00, 0x00, 0x41, 0x61, 0xa2, 0xa2, 0x42, 0x20, 0x83, 0xfc, 0x81, 0xfe, 0x61, 0x08, 0x03, 0x71, 0x83, 0x39, 0x03, 0x08, 0x81, 0x00, 0x02, 0x10, 0x02, 0x08, 0x02, 0x30, 0x03, 0x69, 0x44, 0x28, 0x24, 0x00, 0x02, 0x08, 0x22, 0x08, 0x81, 0x20, 0xa1, 0x31, 0x03, 0x7a, 0x45, 0x51, 0x63, 0x49, 0x63, 0x7a, 0x25, 0x9a, 0xe6, 0xdc, 0x06, 0x00, 0x63, 0x10, 0x61, 0x18, 0x81, 0x31, 0x85, 0x18, 0xa2,
  0x42, 0x28, 0x5a, 0xca, 0x00, 0x00, 0x00, 0x61, 0x59, 0x82, 0x9a, 0x22, 0x18, 0x02, 0xfe, 0x80, 0xbb, 0x02, 0x08, 0x22, 0x69, 0x63, 0x20, 0x03, 0x30, 0x02, 0xb2, 0x81, 0xeb, 0xe1, 0xfe, 0x20, 0xfe, 0x40, 0xfd, 0xe0, 0xfe, 0xc0, 0xfd, 0x01, 0xb2, 0x41, 0x50, 0xc2, 0x00, 0x04, 0x61, 0xe6, 0x59, 0xa4, 0x51, 0x63, 0x39, 0x43, 0xa2, 0xa5, 0x92, 0x86, 0xc3, 0x65, 0x00, 0x01, 0x10, 0x61, 0x18, 0x81, 0x31, 0x85, 0x18, 0xa2,
  0x42, 0x08, 0x52, 0xaa, 0x00, 0x00, 0x00, 0x41, 0x61, 0xc2, 0xa2, 0x02, 0x79, 0xa1, 0xfd, 0xa0, 0x59, 0x02, 0x20, 0xc2, 0x48, 0x03, 0xcb, 0x81, 0xfd, 0x80, 0xfd, 0x20, 0xfc, 0x40, 0xa2, 0x81, 0xaa, 0x81, 0xe2, 0x81, 0x8a, 0x81, 0xfc, 0x20, 0xfd, 0xa0, 0xfd, 0x40, 0xfd, 0x81, 0x70, 0xc5, 0x18, 0x84, 0x41, 0x63, 0x59, 0xa3, 0x8a, 0x65, 0x59, 0xa3, 0xb2, 0xa3, 0x00, 0x01, 0x10, 0x61, 0x18, 0x81, 0x31, 0x85, 0x18, 0xa2,
  0x42, 0x08, 0x52, 0x8a, 0x00, 0x00, 0x00, 0x41, 0x61, 0xa2, 0x91, 0x62, 0xd3, 0xa1, 0xfe, 0xc0, 0x18, 0x03, 0x78, 0xe2, 0xfe, 0xc0, 0xfd, 0xa0, 0x71, 0x22, 0x08, 0x02, 0x89, 0x02, 0x80, 0xe2, 0x60, 0xe2, 0x70, 0xe2, 0x70, 0xe3, 0xc1, 0xa2, 0x78, 0xc2, 0x50, 0x62, 0xfd, 0x40, 0xfe, 0xe0, 0xb2, 0x43, 0x10, 0x65, 0xb2, 0x86, 0x8a, 0x45, 0x51, 0x42, 0x99, 0xc1, 0x00, 0x41, 0x10, 0x61, 0x18, 0x81, 0x31, 0x85, 0x18, 0xa2,
  0x42, 0x08, 0x52, 0x89, 0x00, 0x00, 0x00, 0x41, 0x61, 0x82, 0x88, 0xc2, 0xfd, 0xe0, 0xbb, 0x21, 0x71, 0x01, 0xfd, 0xc0, 0xc2, 0x61, 0x28, 0x03, 0x50, 0xe3, 0x30, 0xc2, 0x30, 0xc2, 0x18, 0xa1, 0x30, 0xe1, 0x59, 0x22, 0x20, 0xc1, 0x20, 0xc1, 0x40, 0xe2, 0x28, 0x82, 0x78, 0xa3, 0xe3, 0x01, 0xfd, 0xe0, 0xfb, 0xc4, 0x38, 0xe5, 0x92, 0x45, 0x41, 0x02, 0x99, 0xa1, 0x00, 0x41, 0x10, 0x61, 0x18, 0x81, 0x31, 0x85, 0x18, 0xa2,
  0x42, 0x08, 0x52, 0x69, 0x00, 0x00, 0x00, 0x41, 0x51, 0x62, 0xa9, 0xa1, 0xfd, 0xc0, 0xa9, 0x60, 0xfd, 0x00, 0xfb, 0xa0, 0x48, 0x02, 0x38, 0xe2, 0x20, 0xa2, 0x28, 0xa1, 0x20, 0x81, 0x28, 0xa1, 0x38, 0xe1, 0x40, 0xe2, 0x30, 0xc1, 0x28, 0xa1, 0x28, 0xa1, 0x20, 0xa1, 0x51, 0x84, 0x91, 0x22, 0xf2, 0xc1, 0xfe, 0x80, 0x89, 0x63, 0x59, 0x64, 0x30, 0xc1, 0x99, 0xe2, 0x00, 0x41, 0x10, 0x61, 0x18, 0x81, 0x31, 0x85, 0x18, 0xa2,
  0x3a, 0x08, 0x52, 0x69, 0x00, 0x00, 0x00, 0x61, 0x49, 0x21, 0xb9, 0xc1, 0xfc, 0xa0, 0xfd, 0x00, 0xfc, 0xa0, 0x68, 0x42, 0x59, 0x42, 0x18, 0xc2, 0x28, 0xa1, 0x20, 0x81, 0x28, 0xa1, 0x28, 0x81, 0x30, 0xc1, 0x39, 0x02, 0x38, 0xe1, 0x38, 0xe2, 0x39, 0x02, 0x41, 0x02, 0x41, 0x43, 0x18, 0xc2, 0x71, 0x43, 0xfc, 0x20, 0xff, 0xe0, 0x68, 0x63, 0x28, 0xa1, 0x99, 0xc1, 0x00, 0x41, 0x10, 0x61, 0x18, 0x81, 0x31, 0x85, 0x18, 0xa2,
  0x39, 0xe8, 0x4a, 0x49, 0x00, 0x00, 0x00, 0x61, 0x40, 0xe1, 0xea, 0x20, 0xff, 0xe0, 0xfd, 0x00, 0x98, 0xe2, 0x39, 0x42, 0x20, 0xe1, 0x39, 0x03, 0x39, 0x02, 0x28, 0xa1, 0x20, 0x81, 0x30, 0xa1, 0x38, 0xe2, 0x38, 0xe2, 0x38, 0xe1, 0x30, 0xa1, 0x20, 0x81, 0x30, 0xe2, 0x41, 0x43, 0x49, 0x23, 0x29, 0x03, 0x59, 0x04, 0xfe, 0x40, 0xe3, 0x41, 0x00, 0x21, 0xb1, 0xe1, 0x00, 0x41, 0x10, 0x61, 0x18, 0x81, 0x31, 0x65, 0x10, 0xa2,
  0x39, 0xe7, 0x4a, 0x69, 0x00, 0x00, 0x00, 0x61, 0x38, 0xa1, 0xfb, 0x00, 0xff, 0x40, 0xf3, 0x00, 0x48, 0xa2, 0x31, 0x02, 0x39, 0x02, 0x20, 0xa2, 0x28, 0xc2, 0x38, 0xe2, 0x30, 0xe2, 0x39, 0x02, 0x38, 0xe2, 0x30, 0xc1, 0x38, 0xe1, 0x38, 0xe2, 0x30, 0xe2, 0x39, 0x23, 0x20, 0xa1, 0x28, 0xc2, 0x51, 0x63, 0x18, 0xe4, 0xc2, 0x02, 0xfe, 0x20, 0x40, 0x01, 0xa1, 0xe1, 0x00, 0x41, 0x10, 0x61, 0x18, 0x81, 0x31, 0x65, 0x10, 0xa2,
  0x39, 0xe7, 0x42, 0x28, 0x00, 0x00, 0x00, 0x61, 0x40, 0x21, 0xfc, 0xe0, 0xff, 0xc0, 0x60, 0x61, 0x21, 0x02, 0x49, 0x42, 0x30, 0xc1, 0x20, 0xa1, 0x28, 0xc2, 0x30, 0xc2, 0x28, 0xa1, 0x28, 0xa1, 0x30, 0xc1, 0x30, 0xe1, 0x38, 0xe1, 0x30, 0xc1, 0x30, 0xc1, 0x39, 0x23, 0x20, 0x81, 0x28, 0xc2, 0x41, 0x42, 0x69, 0xc4, 0x60, 0x82, 0xfc, 0x20, 0xba, 0x41, 0x81, 0x81, 0x00, 0x61, 0x08, 0x61, 0x18, 0x81, 0x31, 0x64, 0x10, 0xa2,
  0x39, 0xe7, 0x42, 0x28, 0x00, 0x00, 0x00, 0x41, 0x40, 0x41, 0xfd, 0x60, 0xfd, 0xa0, 0x68, 0x61, 0x61, 0x82, 0x51, 0x62, 0x41, 0x22, 0x28, 0xe2, 0x39, 0x03, 0x30, 0xc2, 0x28, 0xa1, 0x30, 0xa1, 0x30, 0xe2, 0x30, 0xe1, 0x38, 0xe1, 0x30, 0xc1, 0x39, 0x02, 0x39, 0x02, 0x20, 0xa1, 0x30, 0xe2, 0x51, 0x83, 0x7a, 0x04, 0x00, 0x22, 0xdc, 0x20, 0xfc, 0x60, 0x70, 0xc1, 0x00, 0x60, 0x08, 0x61, 0x18, 0x81, 0x31, 0x44, 0x10, 0xa2,
  0x39, 0xc7, 0x42, 0x28, 0x00, 0x00, 0x00, 0x41, 0x48, 0x61, 0xfd, 0x40, 0xe3, 0x20, 0x70, 0xe1, 0x69, 0x82, 0x51, 0x62, 0x49, 0x43, 0x30, 0xe3, 0x28, 0xc2, 0x30, 0xe2, 0x28, 0xa1, 0x30, 0xc2, 0x38, 0xe2, 0x30, 0xe2, 0x39, 0x02, 0x38, 0xe2, 0x39, 0x22, 0x30, 0xe2, 0x28, 0xc2, 0x41, 0x43, 0x82, 0x04, 0xb2, 0xa5, 0x00, 0x41, 0xb2, 0x00, 0xfc, 0x60, 0x70, 0xe1, 0x00, 0x61, 0x10, 0x61, 0x18, 0x81, 0x31, 0x65, 0x10, 0xa2,
  0x39, 0xc7, 0x42, 0x08, 0x00, 0x00, 0x00, 0x40, 0x48, 0x81, 0xfd, 0x40, 0x9a, 0xa1, 0x28, 0xa2, 0x39, 0x02, 0x49, 0x42, 0x41, 0x22, 0x20, 0x81, 0x20, 0xa1, 0x20, 0x81, 0x28, 0xa1, 0x30, 0xa1, 0x30, 0xc1, 0x30, 0xe1, 0x38, 0xc1, 0x38, 0xc1, 0x38, 0xe2, 0x20, 0x81, 0x20, 0xa1, 0x18, 0x81, 0x61, 0xa3, 0x59, 0xc4, 0x00, 0x40, 0xca, 0x00, 0xfc, 0x40, 0x78, 0xa1, 0x00, 0x61, 0x10, 0x61, 0x18, 0x81, 0x31, 0x64, 0x10, 0xc2,
  0x31, 0xc7, 0x42, 0x08, 0x00, 0x00, 0x00, 0x20, 0x48, 0x61, 0xfd, 0x40, 0x72, 0x61, 0x59, 0x02, 0x49, 0x22, 0x59, 0x82, 0x30, 0xe2, 0x18, 0x81, 0x20, 0xa1, 0x28, 0xa1, 0x28, 0xa1, 0x30, 0xc1, 0x38, 0xe1, 0x30, 0xe1, 0x40, 0xe1, 0x41, 0x02, 0x39, 0x02, 0x28, 0xa1, 0x20, 0xa1, 0x20, 0xa2, 0x72, 0x04, 0x20, 0xa2, 0x40, 0x61, 0x99, 0xe1, 0xfd, 0x20, 0x68, 0x61, 0x00, 0x60, 0x10, 0x61, 0x18, 0x81, 0x31, 0x44, 0x10, 0xa2,
  0x31, 0xa6, 0x39, 0xe7, 0x00, 0x00, 0x00, 0x20, 0x40, 0x41, 0xfd, 0x40, 0x8a, 0xa1, 0x38, 0xc2, 0x61, 0x82, 0x59, 0x62, 0x28, 0xc1, 0x20, 0x81, 0x20, 0xa1, 0x28, 0xa1, 0x28, 0xa1, 0x30, 0xc1, 0x38, 0xe1, 0x30, 0xc1, 0x38, 0xe1, 0x41, 0x22, 0x30, 0xc2, 0x28, 0xa1, 0x20, 0x81, 0x39, 0x22, 0x69, 0xe4, 0x20, 0x60, 0x68, 0x81, 0xbb, 0x81, 0xfe, 0x20, 0x68, 0x61, 0x00, 0x60, 0x08, 0x61, 0x10, 0x81, 0x31, 0x44, 0x10, 0xa2,
  0x31, 0xa6, 0x39, 0xe7, 0x00, 0x00, 0x00, 0x20, 0x38, 0x61, 0xfc, 0x40, 0xd4, 0x00, 0x08, 0x02, 0x71, 0xa3, 0x39, 0x01, 0x28, 0xa1, 0x20, 0x81, 0x28, 0xa1, 0x28, 0x81, 0x30, 0xc1, 0x30, 0xa1, 0x38, 0xe1, 0x38, 0xe1, 0x38, 0xe1, 0x39, 0x02, 0x28, 0xa1, 0x20, 0x81, 0x20, 0xa1, 0x51, 0x63, 0x41, 0x22, 0x40, 0xc1, 0x30, 0x01, 0xdc, 0x20, 0xe3, 0xc0, 0x70, 0xe1, 0x00, 0x60, 0x08, 0x61, 0x10, 0x61, 0x31, 0x44, 0x10, 0xa3,
  0x31, 0x86, 0x39, 0xc7, 0x00, 0x00, 0x00, 0x20, 0x40, 0xc1, 0xaa, 0x00, 0xfc, 0xc0, 0x60, 0x62, 0x69, 0x62, 0x31, 0x01, 0x30, 0xc1, 0x20, 0x81, 0x20, 0xa1, 0x28, 0xa1, 0x28, 0xa1, 0x38, 0xc1, 0x38, 0xe1, 0x38, 0xe1, 0x41, 0x01, 0x38, 0xe2, 0x30, 0xa1, 0x28, 0xa1, 0x38, 0xe2, 0x49, 0x43, 0x30, 0xe2, 0x69, 0x01, 0x18, 0x02, 0xfc, 0xa0, 0x91, 0x01, 0x89, 0xc1, 0x00, 0x40, 0x08, 0x61, 0x10, 0x81, 0x31, 0x44, 0x10, 0xc2,
  0x29, 0x86, 0x39, 0xa7, 0x00, 0x00, 0x00, 0x20, 0x51, 0x41, 0x60, 0x81, 0xf5, 0x40, 0xaa, 0x61, 0x20, 0x82, 0x69, 0x62, 0x20, 0xa1, 0x20, 0x81, 0x20, 0xa1, 0x28, 0xa1, 0x28, 0xa1, 0x30, 0xc1, 0x38, 0xe1, 0x38, 0xc1, 0x41, 0x22, 0x38, 0xe2, 0x28, 0xa1, 0x30, 0xc1, 0x41, 0x23, 0x30, 0xc2, 0x49, 0x01, 0x40, 0x61, 0x8a, 0x21, 0xfc, 0xc0, 0x00, 0x01, 0xb9, 0xe1, 0x00, 0x40, 0x08, 0x61, 0x18, 0x81, 0x31, 0x45, 0x18, 0xc2,
  0x29, 0x65, 0x31, 0x86, 0x00, 0x00, 0x00, 0x20, 0x59, 0x41, 0x61, 0x01, 0x8a, 0x41, 0xf4, 0xa0, 0x20, 0x02, 0x71, 0x62, 0x20, 0xa1, 0x20, 0x81, 0x28, 0xa1, 0x28, 0x81, 0x30, 0xa1, 0x30, 0xc1, 0x38, 0xc1, 0x38, 0xe1, 0x41, 0x22, 0x38, 0xc1, 0x28, 0xa1, 0x41, 0x02, 0x38, 0xe2, 0x20, 0xc2, 0x61, 0x21, 0x10, 0x01, 0xfc, 0x80, 0x81, 0x01, 0x08, 0x81, 0xa1, 0xe1, 0x00, 0x40, 0x08, 0x61, 0x18, 0x81, 0x31, 0x44, 0x18, 0xc3,
  0x29, 0x65, 0x31, 0x86, 0x00, 0x00, 0x00, 0x00, 0x51, 0x41, 0x69, 0x81, 0x18, 0x01, 0xfd, 0x20, 0xd3, 0xe1, 0x08, 0x02, 0x69, 0x21, 0x10, 0x81, 0x28, 0x81, 0x28, 0xa1, 0x28, 0x81, 0x30, 0xc1, 0x38, 0xc1, 0x38, 0xc1, 0x41, 0x02, 0x30, 0xa1, 0x38, 0xe2, 0x41, 0x02, 0x18, 0x81, 0x59, 0x62, 0x30, 0x02, 0xf3, 0xc0, 0xfb, 0x40, 0x00, 0x01, 0x18, 0x81, 0x99, 0xe1, 0x00, 0x20, 0x08, 0x61, 0x10, 0x81, 0x31, 0x44, 0x18, 0xc2,
  0x29, 0x45, 0x29, 0x65, 0x00, 0x00, 0x00, 0x00, 0x49, 0x21, 0x69, 0x61, 0x30, 0xc2, 0x38, 0x41, 0xfd, 0xa0, 0xdc, 0x81, 0x28, 0x02, 0x20, 0xa2, 0x18, 0x81, 0x28, 0x81, 0x28, 0x81, 0x30, 0xa1, 0x38, 0xa1, 0x38, 0xc1, 0x38, 0xc1, 0x38, 0xc1, 0x49, 0x02, 0x20, 0xa1, 0x18, 0xc2, 0x58, 0x22, 0xcb, 0x40, 0xfd, 0x80, 0x08, 0x02, 0x00, 0x61, 0x20, 0x60, 0x99, 0xc1, 0x00, 0x20, 0x08, 0x41, 0x18, 0x61, 0x29, 0x24, 0x10, 0xc2,
  0x21, 0x24, 0x29, 0x45, 0x00, 0x00, 0x00, 0x00, 0x41, 0x01, 0x61, 0x61, 0x41, 0x01, 0x08, 0x41, 0x28, 0x02, 0xfd, 0x60, 0xe4, 0x20, 0x50, 0x02, 0x20, 0x22, 0x00, 0x61, 0x20, 0x81, 0x28, 0x81, 0x30, 0xa0, 0x38, 0xc1, 0x38, 0xa1, 0x51, 0x01, 0x10, 0xa2, 0x00, 0x02, 0x80, 0xa1, 0xf4, 0xa0, 0xfd, 0xe0, 0x18, 0x02, 0x00, 0x41, 0x18, 0x61, 0x28, 0x81, 0x91, 0xa1, 0x00, 0x20, 0x08, 0x41, 0x10, 0x81, 0x29, 0x24, 0x10, 0xc2,
  0x21, 0x24, 0x29, 0x45, 0x00, 0x00, 0x00, 0x00, 0x38, 0xe1, 0x61, 0x61, 0x30, 0xc1, 0x28, 0xa1, 0x18, 0x81, 0x08, 0x02, 0xc3, 0x60, 0xcb, 0x80, 0xd2, 0xa0, 0x68, 0xa1, 0x00, 0x01, 0x00, 0x02, 0x20, 0x01, 0x30, 0x01, 0x68, 0x61, 0x00, 0x02, 0x38, 0x61, 0xfb, 0xe0, 0xec, 0x60, 0xab, 0x01, 0x00, 0x02, 0x00, 0x41, 0x20, 0x81, 0x10, 0x40, 0x18, 0x60, 0x89, 0xa1, 0x00, 0x20, 0x08, 0x41, 0x10, 0x81, 0x29, 0x44, 0x10, 0xc2,
  0x21, 0x04, 0x21, 0x24, 0x00, 0x00, 0x00, 0x00, 0x30, 0xe1, 0x59, 0x41, 0x38, 0xe1, 0x38, 0xc1, 0x40, 0xc1, 0x48, 0xe1, 0x08, 0x01, 0x68, 0x81, 0xdb, 0x80, 0xeb, 0xc0, 0xe3, 0xc0, 0xcb, 0x60, 0x9a, 0xa0, 0xfc, 0x40, 0xc3, 0x80, 0xe4, 0x40, 0xf4, 0x20, 0xfc, 0x20, 0x58, 0x22, 0x20, 0x43, 0x38, 0xc1, 0x40, 0xe2, 0x30, 0xa1, 0x30, 0xa1, 0x28, 0xa1, 0x81, 0x81, 0x00, 0x40, 0x08, 0x41, 0x10, 0x61, 0x29, 0x24, 0x10, 0xa2,
  0x18, 0xe3, 0x21, 0x04, 0x00, 0x00, 0x00, 0x00, 0x28, 0xc0, 0x51, 0x20, 0x20, 0x80, 0x20, 0x80, 0x28, 0x80, 0x38, 0xa0, 0x10, 0x40, 0x00, 0x21, 0x00, 0x01, 0x00, 0x01, 0x69, 0xa1, 0x92, 0x40, 0xeb, 0xc0, 0xcb, 0xa0, 0xd3, 0xc1, 0x58, 0xe1, 0x20, 0x01, 0x00, 0x01, 0x28, 0xc1, 0x20, 0xa1, 0x18, 0x60, 0x28, 0xa1, 0x10, 0x40, 0x18, 0x61, 0x18, 0x60, 0x81, 0x81, 0x00, 0x20, 0x08, 0x41, 0x10, 0x61, 0x29, 0x24, 0x10, 0xa2,
  0x18, 0xe3, 0x18, 0xe3, 0x00, 0x00, 0x00, 0x00, 0x30, 0xe1, 0x51, 0x41, 0x18, 0x60, 0x20, 0x81, 0x28, 0xa1, 0x18, 0x60, 0x18, 0x61, 0x08, 0x40, 0x10, 0x61, 0x10, 0x81, 0x00, 0x01, 0x18, 0xa1, 0x9a, 0xc1, 0x00, 0x00, 0xb3, 0x03, 0x00, 0x42, 0x10, 0x41, 0x28, 0xc1, 0x10, 0x41, 0x20, 0xa1, 0x18, 0x81, 0x08, 0x40, 0x20, 0xa1, 0x08, 0x40, 0x08, 0x40, 0x89, 0xc2, 0x00, 0x20, 0x08, 0x40, 0x10, 0x61, 0x29, 0x24, 0x10, 0xa2,
  0x18, 0xc3, 0x18, 0xc3, 0x00, 0x00, 0x00, 0x00, 0x08, 0x40, 0x30, 0xe2, 0x39, 0x43, 0x41, 0x43, 0x49, 0x63, 0x49, 0x84, 0x31, 0x23, 0x31, 0x24, 0x39, 0x24, 0x31, 0x23, 0x28, 0xe3, 0x31, 0x42, 0x72, 0x42, 0x39, 0x01, 0x6a, 0x63, 0x41, 0x83, 0x49, 0xa4, 0x51, 0xe5, 0x5a, 0x06, 0x5a, 0x27, 0x51, 0xe5, 0x51, 0xe5, 0x49, 0xa5, 0x49, 0xa4, 0x41, 0x84, 0x39, 0xa5, 0x00, 0x00, 0x00, 0x20, 0x10, 0x41, 0x21, 0x03, 0x10, 0xa2,
  0x10, 0xa2, 0x18, 0xc3, 0x00, 0x00, 0x08, 0x20, 0x10, 0x40, 0x28, 0xe2, 0x41, 0x63, 0x49, 0x83, 0x49, 0x83, 0x51, 0x83, 0x39, 0x23, 0x39, 0x23, 0x41, 0x43, 0x41, 0x43, 0x31, 0x02, 0x28, 0xe2, 0x31, 0x01, 0x61, 0xe2, 0x31, 0x02, 0x51, 0x83, 0x61, 0xc4, 0x62, 0x05, 0x6a, 0x25, 0x72, 0x67, 0x72, 0x46, 0x6a, 0x46, 0x5a, 0x05, 0x59, 0xe5, 0x6a, 0x46, 0x5a, 0x05, 0x08, 0x41, 0x28, 0xe2, 0x28, 0xe2, 0x29, 0x24, 0x10, 0xa2,
  0x10, 0xa2, 0x10, 0xa2, 0x00, 0x00, 0x08, 0x20, 0x20, 0x80, 0x93, 0xa5, 0x9c, 0x48, 0x51, 0x82, 0x00, 0x00, 0x08, 0x20, 0x00, 0x20, 0x00, 0x20, 0x10, 0x80, 0x18, 0x80, 0x00, 0x00, 0x00, 0x00, 0x00, 0x00, 0x00, 0x00, 0x00, 0x00, 0x00, 0x00, 0x00, 0x00, 0x00, 0x00, 0x00, 0x00, 0x00, 0x00, 0x08, 0x20, 0x20, 0x81, 0x18, 0x80, 0x00, 0x00, 0xb3, 0xe7, 0xd3, 0xa7, 0x39, 0x43, 0x20, 0xc2, 0x28, 0xe2, 0x20, 0xe3, 0x10, 0xa2,
  0x10, 0x82, 0x10, 0x82, 0x00, 0x00, 0x00, 0x00, 0x20, 0xa1, 0x9b, 0xe5, 0x72, 0xe7, 0x00, 0x00, 0x00, 0x00, 0x08, 0x00, 0x00, 0x00, 0x00, 0x00, 0x00, 0x20, 0x00, 0x00, 0x00, 0x00, 0x00, 0x00, 0x00, 0x00, 0x00, 0x00, 0x00, 0x00, 0x00, 0x00, 0x00, 0x00, 0x00, 0x00, 0x00, 0x00, 0x00, 0x20, 0x08, 0x20, 0x18, 0x60, 0x18, 0x80, 0x00, 0x00, 0x10, 0x00, 0xa3, 0x45, 0x08, 0x81, 0x08, 0x41, 0x18, 0xa2, 0x18, 0xc3, 0x10, 0xa2,
  0x08, 0x81, 0x08, 0x81, 0x00, 0x00, 0x00, 0x00, 0x08, 0x20, 0x20, 0xc1, 0x08, 0x00, 0x00, 0x00, 0x08, 0x20, 0x08, 0x20, 0x00, 0x00, 0x00, 0x00, 0x00, 0x00, 0x00, 0x00, 0x00, 0x00, 0x00, 0x00, 0x00, 0x00, 0x00, 0x00, 0x00, 0x00, 0x00, 0x00, 0x00, 0x00, 0x00, 0x00, 0x00, 0x20, 0x00, 0x20, 0x08, 0x40, 0x18, 0x81, 0x10, 0x60, 0x10, 0x40, 0x00, 0x00, 0x00, 0x20, 0x00, 0x20, 0x10, 0x61, 0x18, 0xa2, 0x18, 0xc3, 0x10, 0x82,
  0x08, 0x61, 0x08, 0x61, 0x00, 0x00, 0x00, 0x00, 0x08, 0x00, 0x00, 0x00, 0x08, 0x00, 0x08, 0x20, 0x08, 0x20, 0x08, 0x20, 0x00, 0x00, 0x00, 0x00, 0x00, 0x00, 0x00, 0x00, 0x00, 0x00, 0x00, 0x00, 0x00, 0x00, 0x00, 0x00, 0x00, 0x00, 0x00, 0x00, 0x00, 0x00, 0x00, 0x00, 0x00, 0x20, 0x00, 0x20, 0x08, 0x40, 0x10, 0x60, 0x10, 0x40, 0x18, 0x60, 0x08, 0x00, 0x08, 0x40, 0x00, 0x00, 0x10, 0x61, 0x18, 0xa2, 0x18, 0xc3, 0x10, 0x82,
  0x08, 0x61, 0x08, 0x61, 0x00, 0x00, 0x00, 0x00, 0x08, 0x00, 0x00, 0x00, 0x08, 0x20, 0x08, 0x20, 0x08, 0x20, 0x08, 0x20, 0x00, 0x00, 0x00, 0x00, 0x00, 0x00, 0x00, 0x00, 0x00, 0x00, 0x00, 0x00, 0x00, 0x00, 0x00, 0x00, 0x00, 0x00, 0x00, 0x00, 0x00, 0x00, 0x00, 0x00, 0x00, 0x20, 0x00, 0x20, 0x08, 0x20, 0x10, 0x40, 0x18, 0x60, 0x18, 0x60, 0x08, 0x00, 0x08, 0x40, 0x00, 0x00, 0x10, 0x61, 0x18, 0xa2, 0x18, 0xa2, 0x10, 0x82,
  0x08, 0x41, 0x08, 0x41, 0x00, 0x00, 0x00, 0x00, 0x00, 0x00, 0x00, 0x00, 0x08, 0x20, 0x08, 0x00, 0x08, 0x00, 0x08, 0x00, 0x00, 0x00, 0x00, 0x00, 0x00, 0x00, 0x00, 0x00, 0x00, 0x00, 0x00, 0x00, 0x00, 0x00, 0x00, 0x00, 0x00, 0x00, 0x00, 0x00, 0x00, 0x00, 0x00, 0x00, 0x00, 0x00, 0x00, 0x20, 0x08, 0x20, 0x18, 0x60, 0x18, 0x60, 0x18, 0x60, 0x00, 0x00, 0x08, 0x20, 0x00, 0x00, 0x10, 0x61, 0x18, 0x81, 0x18, 0xa2, 0x08, 0x81,
  0x00, 0x40, 0x00, 0x20, 0x00, 0x00, 0x00, 0x00, 0x00, 0x00, 0x00, 0x00, 0x08, 0x00, 0x08, 0x00, 0x08, 0x00, 0x00, 0x00, 0x00, 0x00, 0x00, 0x00, 0x00, 0x00, 0x00, 0x00, 0x00, 0x00, 0x00, 0x00, 0x00, 0x00, 0x00, 0x00, 0x00, 0x00, 0x00, 0x00, 0x00, 0x00, 0x00, 0x00, 0x00, 0x00, 0x00, 0x00, 0x00, 0x00, 0x00, 0x00, 0x08, 0x20, 0x10, 0x40, 0x00, 0x00, 0x08, 0x20, 0x00, 0x00, 0x10, 0x41, 0x10, 0x81, 0x10, 0x82, 0x08, 0x61,
  0x00, 0x20, 0x00, 0x20, 0x00, 0x00, 0x00, 0x00, 0x00, 0x00, 0x00, 0x00, 0x00, 0x00, 0x00, 0x00, 0x00, 0x00, 0x00, 0x00, 0x00, 0x00, 0x00, 0x00, 0x00, 0x00, 0x00, 0x00, 0x00, 0x00, 0x00, 0x00, 0x00, 0x00, 0x08, 0x00, 0x00, 0x00, 0x00, 0x00, 0x00, 0x00, 0x00, 0x00, 0x00, 0x00, 0x00, 0x00, 0x00, 0x00, 0x00, 0x00, 0x00, 0x00, 0x00, 0x00, 0x00, 0x00, 0x00, 0x00, 0x00, 0x00, 0x00, 0x00, 0x00, 0x00, 0x08, 0x20, 0x00, 0x20
};

static const uint8_t vfd_35x67_7[4690] = {
  0x00, 0x00, 0x00, 0x00, 0x00, 0x00, 0x00, 0x00, 0x00, 0x00, 0x00, 0x00, 0x00, 0x00, 0x00, 0x00, 0x00, 0x00, 0x00, 0x00, 0x00, 0x00, 0x00, 0x00, 0x00, 0x00, 0x00, 0x00, 0x00, 0x00, 0x00, 0x00, 0x29, 0x02, 0x5a, 0x06, 0x00, 0x00, 0x00, 0x00, 0x00, 0x00, 0x00, 0x00, 0x00, 0x00, 0x00, 0x00, 0x00, 0x00, 0x00, 0x00, 0x00, 0x00, 0x00, 0x00, 0x00, 0x00, 0x00, 0x00, 0x00, 0x00, 0x00, 0x00, 0x00, 0x00, 0x00, 0x00, 0x00, 0x00,
  0x00, 0x00, 0x00, 0x00, 0x00, 0x00, 0x00, 0x00, 0x00, 0x00, 0x00, 0x00, 0x00, 0x00, 0x00, 0x00, 0x00, 0x00, 0x00, 0x00, 0x00, 0x00, 0x00, 0x00, 0x00, 0x00, 0x00, 0x00, 0x00, 0x00, 0x00, 0x00, 0x39, 0x44, 0x49, 0xe6, 0x00, 0x41, 0x00, 0x00, 0x00, 0x00, 0x00, 0x00, 0x00, 0x00, 0x00, 0x00, 0x00, 0x00, 0x00, 0x00, 0x00, 0x00, 0x00, 0x00, 0x00, 0x00, 0x00, 0x00, 0x00, 0x00, 0x00, 0x00, 0x00, 0x00, 0x00, 0x00, 0x00, 0x00,
  0x00, 0x00, 0x00, 0x00, 0x00, 0x00, 0x00, 0x00, 0x00, 0x00, 0x00, 0x00, 0x00, 0x00, 0x00, 0x00, 0x00, 0x00, 0x00, 0x00, 0x00, 0x00, 0x00, 0x00, 0x00, 0x00, 0x00, 0x00, 0x00, 0x00, 0x00, 0x00, 0x28, 0xe2, 0x5a, 0x27, 0x00, 0x21, 0x00, 0x00, 0x00, 0x00, 0x00, 0x00, 0x00, 0x00, 0x00, 0x00, 0x00, 0x00, 0x00, 0x00, 0x00, 0x00, 0x00, 0x00, 0x00, 0x00, 0x00, 0x00, 0x00, 0x00, 0x00, 0x00, 0x00, 0x00, 0x00, 0x00, 0x00, 0x00,
  0x00, 0x00, 0x00, 0x00, 0x00, 0x00, 0x00, 0x00, 0x00, 0x00, 0x00, 0x00, 0x00, 0x00, 0x00, 0x00, 0x00, 0x00, 0x00, 0x00, 0x00, 0x00, 0x00, 0x00, 0x00, 0x00, 0x00, 0x00, 0x00, 0x00, 0x00, 0x00, 0x49, 0x62, 0x61, 0xe4, 0x08, 0x61, 0x00, 0x00, 0x00, 0x00, 0x00, 0x00, 0x00, 0x00, 0x00, 0x00, 0x00, 0x00, 0x00, 0x00, 0x00, 0x00, 0x00, 0x00, 0x00, 0x00, 0x00, 0x00, 0x00, 0x00, 0x00, 0x00, 0x00, 0x00, 0x00, 0x00, 0x00, 0x00,
  0x00, 0x00, 0x00, 0x00, 0x00, 0x00, 0x00, 0x00, 0x00, 0x00, 0x00, 0x00, 0x00, 0x00, 0x00, 0x00, 0x00, 0x00, 0x00, 0x00, 0x00, 0x00, 0x00, 0x00, 0x00, 0x00, 0x00, 0x00, 0x00, 0x00, 0x83, 0xac, 0xb3, 0x88, 0x62, 0x25, 0xab, 0xc9, 0x20, 0xe3, 0x00, 0x00, 0x00, 0x00, 0x00, 0x00, 0x00, 0x00, 0x00, 0x00, 0x00, 0x00, 0x00, 0x00, 0x00, 0x00, 0x00, 0x00, 0x00, 0x00, 0x00, 0x00, 0x00, 0x00, 0x00, 0x00, 0x00, 0x00, 0x00, 0x00,
  0x00, 0x00, 0x00, 0x00, 0x00, 0x00, 0x00, 0x00, 0x00, 0x00, 0x00, 0x00, 0x00, 0x00, 0x00, 0x00, 0x00, 0x00, 0x00, 0x00, 0x00, 0x00, 0x00, 0x00, 0x00, 0x00, 0x00, 0x20, 0x49, 0xc6, 0x5a, 0x05, 0x6a, 0x45, 0x93, 0x07, 0x49, 0x64, 0x31, 0x23, 0x08, 0x40, 0x00, 0x00, 0x00, 0x00, 0x00, 0x00, 0x00, 0x00, 0x00, 0x00, 0x00, 0x00, 0x00, 0x00, 0x00, 0x00, 0x00, 0x00, 0x00, 0x00, 0x00, 0x00, 0x00, 0x00, 0x00, 0x00, 0x00, 0x00,
  0x00, 0x00, 0x00, 0x00, 0x00, 0x00, 0x00, 0x00, 0x00, 0x00, 0x00, 0x00, 0x00, 0x00, 0x00, 0x00, 0x00, 0x00, 0x00, 0x00, 0x00, 0x00, 0x00, 0x00, 0x00, 0x00, 0x08, 0x20, 0x10, 0x40, 0x00, 0x00, 0x30, 0xc1, 0x49, 0x63, 0x10, 0x40, 0x08, 0x20, 0x08, 0x20, 0x10, 0x40, 0x08, 0x41, 0x00, 0x00, 0x00, 0x00, 0x00, 0x00, 0x00, 0x00, 0x00, 0x00, 0x00, 0x00, 0x00, 0x00, 0x00, 0x00, 0x00, 0x00, 0x00, 0x00, 0x00, 0x00, 0x00, 0x00,
  0x00, 0x00, 0x00, 0x00, 0x00, 0x00, 0x00, 0x00, 0x00, 0x00, 0x00, 0x00, 0x00, 0x00, 0x00, 0x00, 0x00, 0x00, 0x08, 0x20, 0x10, 0x60, 0x10, 0x40, 0x08, 0x20, 0x08, 0x20, 0x08, 0x20, 0x00, 0x00, 0x41, 0x43, 0x72, 0x67, 0x00, 0x00, 0x08, 0x00, 0x08, 0x20, 0x08, 0x20, 0x08, 0x20, 0x08, 0x20, 0x08, 0x20, 0x08, 0x20, 0x00, 0x00, 0x00, 0x00, 0x00, 0x00, 0x00, 0x00, 0x00, 0x00, 0x00, 0x00, 0x00, 0x00, 0x00, 0x00, 0x00, 0x00,
  0x00, 0x00, 0x00, 0x00, 0x00, 0x00, 0x00, 0x00, 0x00, 0x00, 0x00, 0x00, 0x00, 0x00, 0x00, 0x00, 0x08, 0x40, 0x08, 0x41, 0x10, 0x41, 0x10, 0x41, 0x18, 0x81, 0x20, 0xc2, 0x28, 0xe2, 0x18, 0x81, 0x39, 0x43, 0x49, 0xc4, 0x10, 0x61, 0x10, 0x60, 0x10, 0x40, 0x08, 0x40, 0x08, 0x20, 0x08, 0x40, 0x10, 0x40, 0x10, 0x40, 0x08, 0x40, 0x08, 0x20, 0x00, 0x00, 0x00, 0x00, 0x00, 0x00, 0x00, 0x00, 0x00, 0x00, 0x00, 0x00, 0x00, 0x00,
  0x00, 0x00, 0x00, 0x00, 0x00, 0x00, 0x18, 0xe3, 0x00, 0x00, 0x29, 0x65, 0x4a, 0x6a, 0x6b, 0x2a, 0x7b, 0x08, 0x82, 0xe7, 0x82, 0xc6, 0x82, 0xa6, 0x8a, 0xc5, 0x72, 0x25, 0x61, 0xe4, 0x72, 0x45, 0x82, 0x85, 0x62, 0x04, 0x62, 0x04, 0x62, 0x25, 0x59, 0xe4, 0x62, 0x05, 0x52, 0x05, 0x39, 0x43, 0x28, 0xc2, 0x18, 0xa1, 0x18, 0x81, 0x20, 0xa1, 0x20, 0xa1, 0x10, 0x40, 0x08, 0x20, 0x52, 0xaa, 0x18, 0xe3, 0x00, 0x00, 0x00, 0x00,
  0x00, 0x00, 0x00, 0x00, 0x29, 0x03, 0x6b, 0x4d, 0x73, 0x0c, 0x62, 0x68, 0x7a, 0x88, 0x72, 0x45, 0x6a, 0x24, 0x7a, 0x64, 0x92, 0xe5, 0x92, 0xc5, 0x7a, 0x44, 0x61, 0xe3, 0x51, 0xa3, 0x72, 0x24, 0x8a, 0xa6, 0x51, 0xc4, 0x6a, 0x25, 0x72, 0x66, 0x7a, 0x86, 0x82, 0x86, 0x82, 0x86, 0x8a, 0xa6, 0x72, 0x65, 0x8a, 0xc6, 0x8a, 0xa5, 0x41, 0x63, 0x31, 0x22, 0x39, 0x43, 0x31, 0x44, 0x31, 0x85, 0x41, 0xc6, 0x10, 0x82, 0x00, 0x00,
  0x00, 0x00, 0x29, 0x44, 0x73, 0x8d, 0x62, 0xcb, 0x20, 0x60, 0x49, 0x41, 0x69, 0xe2, 0x61, 0xc2, 0x7a, 0x43, 0x8a, 0x63, 0x59, 0xa2, 0x49, 0x62, 0x51, 0x82, 0x61, 0xc3, 0x41, 0x22, 0x10, 0x81, 0x10, 0x81, 0x28, 0xe2, 0x51, 0xa3, 0x6a, 0x24, 0x6a, 0x45, 0x6a, 0x45, 0x72, 0x44, 0x72, 0x45, 0x72, 0x45, 0x82, 0xa5, 0x92, 0xc6, 0x8a, 0x86, 0x41, 0x83, 0x28, 0xe2, 0x31, 0x02, 0x31, 0x44, 0x29, 0x03, 0x10, 0x82, 0x00, 0x00,
  0x00, 0x00, 0x8c, 0x91, 0x5a, 0xa9, 0x20, 0x60, 0x20, 0xa2, 0x18, 0x00, 0x28, 0x80, 0x93, 0x85, 0x7a, 0x22, 0x51, 0x81, 0x51, 0xc2, 0x62, 0x03, 0x49, 0x42, 0x18, 0xa1, 0x10, 0x60, 0x18, 0x81, 0x18, 0x81, 0x18, 0x81, 0x20, 0xa1, 0x30, 0xe2, 0x59, 0xc3, 0x6a, 0x04, 0x6a, 0x24, 0x6a, 0x24, 0x6a, 0x24, 0x6a, 0x24, 0x6a, 0x24, 0x49, 0xe4, 0x49, 0xc5, 0x18, 0xc3, 0x31, 0x02, 0x39, 0x43, 0x41, 0xa5, 0x20, 0xe3, 0x10, 0x60,
  0x21, 0x25, 0x73, 0x4d, 0x41, 0x02, 0x20, 0xc2, 0xa3, 0xa7, 0xfe, 0x2c, 0xff, 0xf1, 0xaa, 0xa5, 0x92, 0xa5, 0x8a, 0xa5, 0x9b, 0x26, 0x9a, 0xe5, 0x61, 0xa3, 0x61, 0xc4, 0x51, 0x83, 0x41, 0x43, 0x28, 0xc3, 0x39, 0x23, 0x41, 0x23, 0x59, 0x83, 0x59, 0xa3, 0x7a, 0x24, 0xa2, 0xe6, 0x9a, 0xe6, 0x9a, 0xc6, 0x9a, 0xe6, 0xa3, 0x06, 0x92, 0x65, 0xfd, 0x8a, 0xf5, 0x0a, 0x62, 0x25, 0x51, 0x83, 0x49, 0xa4, 0x31, 0x65, 0x10, 0x40,
  0x42, 0x49, 0x52, 0x89, 0x00, 0x00, 0x00, 0x00, 0x93, 0x68, 0xff, 0xf4, 0xfc, 0xc7, 0x61, 0x22, 0x9b, 0x27, 0x8a, 0xe7, 0x72, 0x45, 0x49, 0x85, 0x49, 0xc4, 0x59, 0xe5, 0x59, 0xc5, 0x41, 0xa4, 0xfd, 0x46, 0xf5, 0x06, 0x72, 0xc5, 0x51, 0xa4, 0x62, 0x05, 0x41, 0x84, 0x82, 0xe6, 0x9b, 0x27, 0x9b, 0x27, 0xab, 0x67, 0xab, 0xa8, 0x92, 0x45, 0xbb, 0x24, 0xfe, 0x4c, 0x10, 0xc2, 0x00, 0x20, 0x18, 0x81, 0x31, 0x65, 0x08, 0x40,
  0x4a, 0x6a, 0x42, 0x07, 0x00, 0x20, 0x08, 0x61, 0x7a, 0x03, 0xa9, 0xc0, 0x00, 0x00, 0x31, 0x22, 0x31, 0x02, 0x18, 0x81, 0x28, 0xe2, 0x08, 0x41, 0x18, 0x82, 0x20, 0xa2, 0x00, 0x21, 0x8a, 0xe3, 0x8a, 0x81, 0x00, 0x00, 0xfc, 0x43, 0x00, 0x01, 0x18, 0xa2, 0x20, 0xa2, 0x08, 0x41, 0x41, 0x44, 0x39, 0x03, 0x30, 0xc2, 0x41, 0x43, 0x28, 0xe2, 0x10, 0x41, 0xc2, 0xc4, 0x00, 0x41, 0x10, 0x61, 0x18, 0xa1, 0x31, 0x65, 0x08, 0x40,
  0x52, 0x8a, 0x41, 0xc7, 0x08, 0x20, 0x08, 0x81, 0x82, 0x02, 0x89, 0xc1, 0x20, 0x22, 0x28, 0x03, 0x40, 0x84, 0x50, 0xc3, 0x08, 0x03, 0x38, 0x83, 0x28, 0x03, 0x10, 0x03, 0x38, 0x83, 0x70, 0xc2, 0x40, 0x61, 0x59, 0x81, 0xb9, 0xc1, 0x38, 0xa3, 0x40, 0x83, 0x38, 0x22, 0x79, 0xc3, 0x50, 0xc3, 0x71, 0x63, 0x92, 0x63, 0x69, 0x03, 0xa2, 0xa3, 0x59, 0x03, 0xa2, 0xe4, 0x00, 0x62, 0x10, 0x61, 0x18, 0xa1, 0x31, 0x85, 0x08, 0x40,
  0x52, 0x8a, 0x4a, 0x07, 0x08, 0x20, 0x08, 0x81, 0x61, 0xc2, 0xba, 0x22, 0xfe, 0x60, 0xfe, 0xa0, 0xfd, 0xc0, 0xfd, 0x80, 0xfe, 0x40, 0xfd, 0x60, 0xfd, 0x20, 0xfd, 0x80, 0xfd, 0x00, 0xfd, 0x20, 0xfc, 0xa0, 0xba, 0x81, 0xfe, 0x00, 0xfd, 0x80, 0xfd, 0x40, 0xfd, 0x00, 0xfd, 0x80, 0xfd, 0x20, 0xfd, 0xc0, 0xfe, 0x20, 0xfd, 0xc0, 0xff, 0x40, 0xfd, 0xa0, 0x89, 0xe5, 0x00, 0x82, 0x10, 0x61, 0x18, 0xa1, 0x31, 0x85, 0x08, 0x41,
  0x52, 0x8a, 0x4a, 0x07, 0x08, 0x20, 0x08, 0x61, 0x7a, 0x43, 0xaa, 0x42, 0x69, 0x22, 0xb2, 0x62, 0x91, 0xc2, 0x60, 0xc2, 0xca, 0xc2, 0x40, 0x63, 0x91, 0x02, 0xb1, 0x81, 0x68, 0xe2, 0x68, 0x82, 0x99, 0x81, 0x99, 0xc1, 0x48, 0xa2, 0x48, 0x42, 0x99, 0x01, 0xa1, 0x61, 0x40, 0x03, 0x39, 0x24, 0x48, 0xe4, 0x38, 0x64, 0x38, 0x85, 0xba, 0xc2, 0xfe, 0xe0, 0x79, 0x85, 0x00, 0x82, 0x10, 0x61, 0x18, 0xa1, 0x31, 0x65, 0x08, 0x61,
  0x52, 0x8a, 0x4a, 0x07, 0x00, 0x20, 0x08, 0x61, 0x82, 0x63, 0xba, 0x82, 0x08, 0x82, 0x10, 0xa2, 0x18, 0xc2, 0x08, 0xc2, 0x69, 0x43, 0x59, 0x23, 0x58, 0xe1, 0x20, 0x81, 0x00, 0x82, 0x18, 0xc2, 0x48, 0xe1, 0x70, 0xe1, 0x00, 0x61, 0x08, 0x81, 0x08, 0x81, 0x48, 0xc1, 0x81, 0x62, 0x71, 0x83, 0x31, 0x23, 0x39, 0x43, 0x08, 0x04, 0xff, 0x60, 0xcb, 0x81, 0x71, 0xc5, 0x08, 0x82, 0x10, 0x61, 0x18, 0xa1, 0x31, 0x65, 0x08, 0x61,
  0x4a, 0x8a, 0x4a, 0x08, 0x08, 0x20, 0x08, 0x61, 0x7a, 0x83, 0xca, 0xc2, 0x20, 0xa1, 0x38, 0xe1, 0x30, 0xe1, 0x51, 0x42, 0x69, 0x83, 0x30, 0xc2, 0x40, 0xa1, 0x18, 0x61, 0x30, 0xe2, 0x30, 0xc1, 0x51, 0x01, 0x68, 0xe0, 0x28, 0xa1, 0x28, 0x81, 0x20, 0x81, 0x18, 0x81, 0x20, 0xc2, 0x71, 0xa3, 0xa2, 0x45, 0x19, 0x03, 0xba, 0x02, 0xfd, 0xe0, 0x89, 0xa3, 0x8a, 0x85, 0x08, 0x62, 0x10, 0x61, 0x18, 0x81, 0x31, 0x65, 0x08, 0x61,
  0x4a, 0x8a, 0x39, 0xe6, 0x08, 0x20, 0x08, 0x41, 0x8a, 0xc4, 0xdb, 0x43, 0x18, 0x61, 0x41, 0x01, 0x49, 0x42, 0x82, 0x04, 0x39, 0x22, 0x20, 0x81, 0x18, 0x81, 0x30, 0xc2, 0x20, 0x60, 0x30, 0xe2, 0x40, 0xc1, 0x58, 0xe1, 0x30, 0xa1, 0x28, 0x81, 0x28, 0xa1, 0x28, 0xa1, 0x08, 0x61, 0x51, 0x63, 0x72, 0x25, 0xb2, 0x65, 0xc2, 0x81, 0xfe, 0xc0, 0x38, 0x45, 0xb2, 0xe5, 0x00, 0x42, 0x10, 0x61, 0x10, 0x61, 0x29, 0x44, 0x08, 0x61,
  0x52, 0x8a, 0x39, 0xc6, 0x08, 0x40, 0x08, 0x61, 0x7a, 0x83, 0xdb, 0x43, 0x20, 0xa1, 0x41, 0x01, 0x71, 0xe3, 0x61, 0xc4, 0x49, 0x02, 0x10, 0x61, 0x28, 0xe2, 0x28, 0xa1, 0x20, 0x81, 0x30, 0xe2, 0x38, 0xa1, 0x51, 0x01, 0x30, 0xa0, 0x30, 0xa1, 0x28, 0x81, 0x20, 0x81, 0x20, 0x81, 0x18, 0xc2, 0x9a, 0x44, 0x91, 0x66, 0xfe, 0xa0, 0xcb, 0xa2, 0x28, 0xe4, 0xca, 0xe5, 0x00, 0x42, 0x10, 0x61, 0x10, 0x61, 0x29, 0x44, 0x10, 0x61,
  0x52, 0x8a, 0x39, 0xc7, 0x08, 0x41, 0x10, 0x81, 0x72, 0x23, 0xcb, 0x23, 0x10, 0xc1, 0x71, 0xc3, 0x61, 0xa3, 0x51, 0x83, 0x20, 0xa1, 0x20, 0xa2, 0x28, 0xe2, 0x18, 0x60, 0x30, 0xe2, 0x28, 0xa1, 0x38, 0xc1, 0x49, 0x01, 0x38, 0xc1, 0x30, 0xa1, 0x28, 0xa1, 0x20, 0x81, 0x10, 0x61, 0x41, 0x63, 0xba, 0x64, 0xaa, 0x02, 0xfe, 0x60, 0x69, 0x63, 0x59, 0x84, 0xc2, 0xe4, 0x00, 0x01, 0x10, 0x61, 0x10, 0x61, 0x29, 0x24, 0x10, 0x61,
  0x4a, 0x8a, 0x39, 0xc6, 0x00, 0x20, 0x10, 0x61, 0x7a, 0x63, 0xb2, 0xc3, 0x29, 0x22, 0x61, 0xc3, 0x59, 0x83, 0x69, 0xc3, 0x20, 0xa1, 0x29, 0x03, 0x18, 0x81, 0x20, 0xa1, 0x30, 0xe2, 0x28, 0x80, 0x38, 0xe1, 0x49, 0x01, 0x38, 0xc0, 0x30, 0xa0, 0x28, 0xa1, 0x20, 0x81, 0x08, 0x61, 0x91, 0xe4, 0x29, 0x04, 0xcb, 0x21, 0xff, 0x60, 0x69, 0x06, 0x51, 0x83, 0xcb, 0x25, 0x00, 0x21, 0x10, 0x61, 0x10, 0x61, 0x29, 0x24, 0x10, 0x61,
  0x4a, 0x8a, 0x39, 0xc6, 0x08, 0x20, 0x10, 0x81, 0x6a, 0x23, 0xaa, 0xa3, 0x59, 0xc3, 0x51, 0x82, 0x6a, 0x04, 0x51, 0x83, 0x39, 0x02, 0x20, 0xa2, 0x18, 0x61, 0x30, 0xe2, 0x28, 0xa1, 0x28, 0x80, 0x38, 0xe1, 0x49, 0x01, 0x38, 0xc0, 0x30, 0xa1, 0x28, 0x81, 0x18, 0x81, 0x59, 0x23, 0x39, 0x02, 0x28, 0xa5, 0xfd, 0x21, 0xfd, 0x21, 0x51, 0x06, 0x61, 0xc4, 0xcb, 0x46, 0x00, 0x42, 0x10, 0x61, 0x10, 0x61, 0x29, 0x24, 0x10, 0x61,
  0x4a, 0x8a, 0x39, 0xa6, 0x08, 0x40, 0x10, 0x81, 0x61, 0xe3, 0x9a, 0x83, 0x6a, 0x24, 0x59, 0x83, 0x7a, 0x04, 0x41, 0x63, 0x41, 0x63, 0x18, 0x61, 0x20, 0xa1, 0x31, 0x02, 0x20, 0x60, 0x28, 0xa1, 0x38, 0xe1, 0x49, 0x01, 0x38, 0xc1, 0x30, 0xa1, 0x28, 0x81, 0x49, 0x22, 0x38, 0xe2, 0x21, 0x03, 0x58, 0xe5, 0xfe, 0x80, 0xa2, 0x84, 0x29, 0x45, 0x82, 0x45, 0xcb, 0x66, 0x00, 0x42, 0x10, 0x61, 0x10, 0x61, 0x29, 0x24, 0x10, 0x81,
  0x4a, 0x6a, 0x39, 0xc6, 0x00, 0x20, 0x10, 0x81, 0x61, 0xe3, 0x9a, 0xa4, 0x52, 0x04, 0x61, 0xa3, 0x82, 0x45, 0x51, 0xa4, 0x30, 0xe2, 0x18, 0x61, 0x28, 0xe2, 0x28, 0xa1, 0x20, 0x60, 0x28, 0xa1, 0x38, 0xe1, 0x49, 0x01, 0x38, 0xc1, 0x28, 0x80, 0x38, 0xe2, 0x49, 0x02, 0x18, 0x81, 0x20, 0xc4, 0xa2, 0x84, 0xfe, 0x40, 0x99, 0xc7, 0x49, 0x84, 0x8a, 0x65, 0xc3, 0x85, 0x00, 0x01, 0x10, 0x61, 0x10, 0x61, 0x29, 0x24, 0x10, 0x81,
  0x4a, 0x8a, 0x39, 0xa6, 0x00, 0x20, 0x10, 0x81, 0x69, 0xe2, 0xaa, 0xc4, 0x5a, 0x04, 0x59, 0xc3, 0x72, 0x04, 0x69, 0xe4, 0x18, 0x81, 0x18, 0xa2, 0x28, 0xe2, 0x18, 0x61, 0x20, 0x81, 0x28, 0xa1, 0x38, 0xe1, 0x41, 0x02, 0x38, 0xc0, 0x38, 0xc1, 0x41, 0x02, 0x20, 0x81, 0x20, 0xa1, 0x08, 0x04, 0xe4, 0x22, 0xfe, 0x42, 0x30, 0xa6, 0x59, 0xc4, 0x7a, 0x45, 0xcb, 0x86, 0x00, 0x21, 0x10, 0x61, 0x10, 0x61, 0x29, 0x24, 0x10, 0x81,
  0x4a, 0x69, 0x39, 0xa6, 0x00, 0x20, 0x10, 0x81, 0x61, 0xe2, 0xa2, 0xa4, 0x49, 0xc4, 0x59, 0xa3, 0x8a, 0x65, 0x51, 0x83, 0x18, 0x81, 0x29, 0x03, 0x20, 0xa2, 0x20, 0x81, 0x20, 0x81, 0x28, 0xa1, 0x38, 0xe1, 0x41, 0x01, 0x38, 0xc1, 0x49, 0x22, 0x30, 0xa1, 0x28, 0x81, 0x18, 0xa2, 0x30, 0x24, 0xff, 0x60, 0xdc, 0x24, 0x18, 0x64, 0x59, 0xc4, 0x82, 0x65, 0xcb, 0xa6, 0x00, 0x22, 0x10, 0x61, 0x10, 0x61, 0x29, 0x44, 0x10, 0x81,
  0x4a, 0x69, 0x39, 0xc6, 0x00, 0x20, 0x08, 0x81, 0x6a, 0x03, 0x9a, 0xa4, 0x5a, 0x04, 0x6a, 0x04, 0x7a, 0x03, 0x49, 0x83, 0x31, 0x02, 0x29, 0x03, 0x18, 0x61, 0x20, 0x81, 0x20, 0x81, 0x28, 0xa1, 0x38, 0xe2, 0x41, 0x02, 0x49, 0x22, 0x30, 0xc1, 0x28, 0x81, 0x30, 0xa1, 0x08, 0x63, 0x71, 0x43, 0xfd, 0x60, 0x59, 0x25, 0x41, 0x64, 0x69, 0xe4, 0x82, 0x65, 0xcb, 0xa6, 0x00, 0x02, 0x10, 0x61, 0x18, 0x61, 0x31, 0x45, 0x10, 0x81,
  0x4a, 0x69, 0x41, 0xe7, 0x00, 0x20, 0x08, 0x81, 0x6a, 0x03, 0x92, 0x84, 0x62, 0x04, 0x72, 0x44, 0x82, 0x24, 0x39, 0x22, 0x51, 0x84, 0x20, 0xc2, 0x18, 0x61, 0x20, 0x81, 0x28, 0x81, 0x28, 0xa1, 0x38, 0xe2, 0x49, 0x43, 0x40, 0xe1, 0x30, 0xa0, 0x28, 0xa1, 0x28, 0xa1, 0x00, 0x04, 0xec, 0x02, 0xfe, 0x81, 0x28, 0x85, 0x41, 0x43, 0x7a, 0x45, 0x8a, 0x85, 0xd3, 0x85, 0x00, 0x01, 0x10, 0x61, 0x18, 0xa2, 0x31, 0x65, 0x10, 0x81,
  0x4a, 0x69, 0x41, 0xe7, 0x00, 0x20, 0x08, 0x61, 0x61, 0xe3, 0x92, 0x63, 0x59, 0xc4, 0x82, 0x86, 0x59, 0x83, 0x49, 0x22, 0x41, 0x63, 0x20, 0xe3, 0x20, 0xa2, 0x28, 0xe2, 0x30, 0xe2, 0x39, 0x02, 0x39, 0x23, 0x41, 0x43, 0x41, 0x22, 0x30, 0xc1, 0x30, 0xa1, 0x10, 0xa2, 0x60, 0x83, 0xff, 0xe0, 0xcb, 0x23, 0x28, 0xe5, 0x41, 0x43, 0x8a, 0xa6, 0x82, 0x45, 0xb2, 0xe4, 0x00, 0x01, 0x10, 0x61, 0x18, 0xa2, 0x31, 0x65, 0x10, 0x81,
  0x4a, 0x49, 0x41, 0xc7, 0x00, 0x20, 0x08, 0x61, 0x6a, 0x23, 0x92, 0x83, 0x59, 0xe4, 0x7a, 0x66, 0x49, 0x42, 0x49, 0x63, 0x39, 0x23, 0x31, 0x24, 0x39, 0x44, 0x31, 0x23, 0x28, 0xc2, 0x30, 0xc1, 0x30, 0xe2, 0x38, 0xe1, 0x38, 0xe1, 0x30, 0xc1, 0x38, 0xe2, 0x49, 0x43, 0x91, 0x44, 0xfe, 0x40, 0x71, 0x25, 0x41, 0x64, 0x61, 0xe4, 0x7a, 0x46, 0x51, 0x83, 0xaa, 0x63, 0x00, 0x01, 0x10, 0x61, 0x18, 0xa1, 0x31, 0x65, 0x10, 0x81,
  0x4a, 0x49, 0x39, 0xc6, 0x00, 0x20, 0x08, 0x61, 0x6a, 0x03, 0x92, 0x63, 0x6a, 0x45, 0x72, 0x45, 0x51, 0x83, 0x72, 0x04, 0x61, 0xc4, 0x28, 0xe3, 0x20, 0xa1, 0x20, 0xa1, 0x31, 0x03, 0x31, 0x03, 0x39, 0x02, 0x41, 0x02, 0x41, 0x22, 0x49, 0x43, 0x38, 0xe2, 0x00, 0x02, 0xc2, 0xe2, 0xec, 0x62, 0x10, 0x64, 0x59, 0xc4, 0x82, 0x86, 0x72, 0x25, 0x41, 0x21, 0x91, 0xc1, 0x00, 0x21, 0x10, 0x61, 0x18, 0xa1, 0x31, 0x65, 0x10, 0x81,
  0x4a, 0x49, 0x39, 0xa6, 0x00, 0x20, 0x08, 0x61, 0x61, 0xe3, 0x8a, 0x63, 0x6a, 0x45, 0x62, 0x04, 0x82, 0x44, 0xaa, 0x85, 0x08, 0x81, 0x20, 0xc2, 0x28, 0xe2, 0x20, 0xa2, 0x28, 0xa1, 0x28, 0xa1, 0x30, 0xe2, 0x38, 0xe1, 0x38, 0xc1, 0x30, 0xc1, 0x28, 0xe2, 0x38, 0x03, 0xff, 0x40, 0xc3, 0x22, 0x59, 0x65, 0x72, 0x46, 0x59, 0xc4, 0x62, 0x05, 0x30, 0xe1, 0x89, 0x81, 0x00, 0x21, 0x10, 0x61, 0x18, 0xa1, 0x31, 0x65, 0x10, 0x81,
  0x4a, 0x49, 0x31, 0xa6, 0x00, 0x20, 0x00, 0x41, 0x6a, 0x03, 0x92, 0xa4, 0x49, 0xe4, 0x62, 0x04, 0x7a, 0x45, 0x59, 0x62, 0x41, 0x22, 0x20, 0xa2, 0x20, 0xa1, 0x20, 0xa1, 0x20, 0x81, 0x28, 0xa1, 0x30, 0xe2, 0x38, 0xe1, 0x38, 0xc1, 0x28, 0xa1, 0x10, 0x82, 0x69, 0x03, 0xfe, 0x40, 0x91, 0x65, 0x61, 0xe5, 0x7a, 0x66, 0x49, 0x83, 0x41, 0x43, 0x18, 0xa1, 0x89, 0xc1, 0x00, 0x21, 0x10, 0x61, 0x18, 0xa1, 0x31, 0x65, 0x10, 0x81,
  0x4a, 0x49, 0x31, 0xa6, 0x00, 0x20, 0x08, 0x61, 0x61, 0xa2, 0x92, 0x84, 0x62, 0x25, 0x62, 0x25, 0x6a, 0x04, 0x81, 0xe3, 0x31, 0x02, 0x20, 0xa2, 0x20, 0x81, 0x20, 0x81, 0x20, 0xa1, 0x28, 0x81, 0x30, 0xe2, 0x41, 0x02, 0x40, 0xe1, 0x40, 0xe2, 0x79, 0x22, 0xfb, 0xe1, 0xfe, 0x40, 0x20, 0x05, 0x61, 0xe4, 0x72, 0x46, 0x8a, 0xa6, 0x20, 0xc2, 0x20, 0xa0, 0x81, 0xa1, 0x00, 0x21, 0x10, 0x61, 0x18, 0xa1, 0x31, 0x65, 0x10, 0x81,
  0x4a, 0x49, 0x31, 0x86, 0x00, 0x20, 0x00, 0x41, 0x61, 0xc2, 0x92, 0x84, 0x6a, 0x45, 0x6a, 0x45, 0x6a, 0x04, 0x49, 0x22, 0x28, 0xc1, 0x31, 0x03, 0x28, 0xe2, 0x20, 0xa1, 0x20, 0x81, 0x28, 0xa1, 0x30, 0xe2, 0x41, 0x02, 0x40, 0xe1, 0x28, 0xc1, 0x00, 0x03, 0xfd, 0xa1, 0xfc, 0x82, 0x28, 0x44, 0x41, 0x43, 0x61, 0xe4, 0x7a, 0x45, 0x10, 0x61, 0x20, 0xa1, 0x89, 0xa1, 0x00, 0x21, 0x10, 0x61, 0x18, 0xa1, 0x31, 0x65, 0x10, 0x61,
  0x42, 0x49, 0x31, 0x86, 0x00, 0x20, 0x00, 0x41, 0x69, 0xe3, 0x92, 0x84, 0x62, 0x45, 0x72, 0x45, 0x49, 0x63, 0x41, 0x22, 0x38, 0xe2, 0x20, 0xa1, 0x28, 0xc2, 0x30, 0xe2, 0x30, 0xe2, 0x38, 0xe2, 0x38, 0xe2, 0x38, 0xe1, 0x40, 0xe1, 0x59, 0x23, 0xa9, 0x82, 0xfd, 0x20, 0x50, 0x64, 0x08, 0xe3, 0x51, 0x63, 0x59, 0xa3, 0x49, 0x43, 0x28, 0xe2, 0x18, 0x81, 0x81, 0xa1, 0x00, 0x21, 0x10, 0x61, 0x18, 0xa1, 0x31, 0x65, 0x08, 0x61,
  0x42, 0x28, 0x31, 0x65, 0x00, 0x20, 0x00, 0x20, 0x61, 0xc2, 0x92, 0xa5, 0x72, 0x86, 0x51, 0x83, 0x41, 0x42, 0x49, 0x42, 0x28, 0xc1, 0x20, 0xa1, 0x28, 0xc2, 0x28, 0xc2, 0x28, 0xa1, 0x28, 0xa1, 0x38, 0xe2, 0x40, 0xe1, 0x40, 0xe2, 0x10, 0x23, 0xb2, 0x62, 0xff, 0x40, 0x08, 0x04, 0x30, 0xe2, 0x49, 0x63, 0x61, 0xc4, 0x28, 0xc2, 0x20, 0xc2, 0x20, 0xa1, 0x89, 0xa1, 0x00, 0x21, 0x10, 0x61, 0x18, 0xa1, 0x31, 0x64, 0x08, 0x61,
  0x42, 0x28, 0x31, 0x65, 0x00, 0x20, 0x00, 0x20, 0x71, 0xe2, 0x8a, 0xa5, 0x62, 0x45, 0x59, 0xc4, 0x51, 0xa3, 0x51, 0x63, 0x41, 0x02, 0x30, 0xe2, 0x31, 0x03, 0x28, 0xc2, 0x28, 0xa1, 0x30, 0xc1, 0x38, 0xe2, 0x40, 0xe1, 0x51, 0x02, 0x20, 0x03, 0xfd, 0x41, 0xfc, 0x41, 0x00, 0x04, 0x39, 0x23, 0x59, 0xa3, 0x69, 0xe4, 0x08, 0x41, 0x28, 0xc2, 0x30, 0xe1, 0x81, 0xa1, 0x00, 0x21, 0x10, 0x61, 0x18, 0xa1, 0x31, 0x44, 0x08, 0x61,
  0x42, 0x28, 0x31, 0x65, 0x00, 0x20, 0x00, 0x00, 0x72, 0x03, 0x8a, 0x84, 0x49, 0xa4, 0x51, 0xc4, 0x51, 0xa3, 0x51, 0x83, 0x59, 0x43, 0x30, 0xe2, 0x30, 0xe2, 0x30, 0xe2, 0x28, 0xc1, 0x38, 0xe2, 0x41, 0x02, 0x49, 0x01, 0x61, 0x22, 0xa1, 0x22, 0xfd, 0x60, 0xb1, 0xe2, 0x30, 0xc4, 0x51, 0x64, 0x6a, 0x05, 0x6a, 0x05, 0x08, 0x20, 0x20, 0xa1, 0x41, 0x22, 0x89, 0xc1, 0x00, 0x41, 0x10, 0x61, 0x18, 0xa1, 0x31, 0x65, 0x10, 0x81,
  0x42, 0x08, 0x29, 0x65, 0x00, 0x20, 0x00, 0x20, 0x71, 0xe2, 0x8a, 0x84, 0x49, 0x83, 0x49, 0x63, 0x41, 0x42, 0x51, 0x63, 0x49, 0x22, 0x20, 0xa1, 0x28, 0xa1, 0x20, 0x81, 0x28, 0xa1, 0x30, 0xa1, 0x38, 0xe1, 0x51, 0x01, 0x08, 0x42, 0x9a, 0x02, 0xfe, 0x00, 0x18, 0x04, 0x10, 0xc2, 0x18, 0xa2, 0x61, 0xc4, 0x39, 0x43, 0x10, 0x40, 0x20, 0xa2, 0x39, 0x22, 0x89, 0xa1, 0x00, 0x21, 0x10, 0x61, 0x18, 0xa1, 0x31, 0x65, 0x10, 0x81,
  0x42, 0x08, 0x29, 0x65, 0x00, 0x00, 0x00, 0x00, 0x69, 0xe2, 0x8a, 0x64, 0x31, 0x42, 0x51, 0x83, 0x49, 0x62, 0x59, 0xa3, 0x28, 0xe1, 0x20, 0xa1, 0x28, 0xa1, 0x28, 0xa1, 0x28, 0xa1, 0x30, 0xc1, 0x40, 0xe2, 0x59, 0x01, 0x18, 0x03, 0xfd, 0x61, 0xec, 0xa1, 0x08, 0x03, 0x28, 0xc2, 0x28, 0xe2, 0x6a, 0x05, 0x10, 0x61, 0x18, 0x81, 0x20, 0xa1, 0x49, 0x22, 0x81, 0xa1, 0x00, 0x20, 0x10, 0x61, 0x18, 0x81, 0x31, 0x44, 0x08, 0x61,
  0x3a, 0x08, 0x29, 0x45, 0x00, 0x00, 0x00, 0x00, 0x69, 0xe2, 0x82, 0x64, 0x31, 0x22, 0x49, 0x83, 0x59, 0xc4, 0x49, 0x62, 0x28, 0xc1, 0x20, 0xa1, 0x28, 0xa1, 0x28, 0xa1, 0x28, 0xa1, 0x30, 0xc1, 0x41, 0x02, 0x61, 0x01, 0x20, 0x03, 0xfe, 0x20, 0x91, 0xc3, 0x08, 0x63, 0x20, 0xa1, 0x49, 0x63, 0x69, 0xe4, 0x08, 0x41, 0x20, 0xa1, 0x20, 0xc2, 0x49, 0x42, 0x91, 0xc1, 0x00, 0x20, 0x10, 0x61, 0x18, 0x81, 0x29, 0x44, 0x08, 0x61,
  0x39, 0xe7, 0x29, 0x45, 0x00, 0x00, 0x00, 0x00, 0x61, 0xc2, 0x82, 0x43, 0x39, 0x63, 0x49, 0x62, 0x59, 0xc4, 0x41, 0x22, 0x28, 0xa1, 0x28, 0xa1, 0x28, 0xa1, 0x28, 0xa1, 0x30, 0xc1, 0x30, 0xc1, 0x49, 0x02, 0x58, 0xe2, 0x81, 0x22, 0xfd, 0x40, 0x38, 0x23, 0x18, 0xa2, 0x28, 0xc2, 0x49, 0x84, 0x39, 0x02, 0x20, 0xa1, 0x10, 0x61, 0x28, 0xe2, 0x41, 0x22, 0x89, 0xc1, 0x00, 0x20, 0x10, 0x61, 0x18, 0x81, 0x29, 0x44, 0x08, 0x61,
  0x39, 0xc7, 0x29, 0x44, 0x00, 0x00, 0x00, 0x00, 0x59, 0xc2, 0x82, 0x23, 0x49, 0xa3, 0x49, 0x83, 0x51, 0x83, 0x41, 0x22, 0x30, 0xc1, 0x20, 0x81, 0x28, 0xa1, 0x28, 0xc1, 0x30, 0xa1, 0x30, 0xe1, 0x59, 0x01, 0x60, 0x22, 0xec, 0xa1, 0xfc, 0xc1, 0x10, 0x04, 0x28, 0xa2, 0x39, 0x23, 0x41, 0x43, 0x30, 0xe2, 0x28, 0xc2, 0x18, 0x61, 0x39, 0x23, 0x28, 0xe1, 0x89, 0xc1, 0x00, 0x20, 0x10, 0x61, 0x18, 0x81, 0x31, 0x44, 0x10, 0x82,
  0x39, 0xc7, 0x21, 0x24, 0x00, 0x20, 0x00, 0x00, 0x61, 0xc2, 0x71, 0xe2, 0x59, 0xe4, 0x49, 0x63, 0x49, 0x62, 0x49, 0x62, 0x28, 0xa1, 0x20, 0x81, 0x28, 0xa1, 0x28, 0xa1, 0x28, 0xa1, 0x28, 0xc1, 0x71, 0x21, 0x80, 0x62, 0xed, 0xc0, 0x89, 0xe2, 0x08, 0x63, 0x30, 0xe2, 0x39, 0x23, 0x30, 0xe2, 0x31, 0x02, 0x20, 0xa1, 0x20, 0xa1, 0x20, 0xc2, 0x18, 0x81, 0x89, 0xc2, 0x00, 0x20, 0x10, 0x61, 0x18, 0x81, 0x29, 0x45, 0x10, 0x82,
  0x31, 0xa6, 0x21, 0x04, 0x00, 0x00, 0x00, 0x00, 0x61, 0xa2, 0x71, 0xc2, 0x41, 0x63, 0x49, 0x83, 0x39, 0x22, 0x49, 0x63, 0x20, 0x81, 0x20, 0xa1, 0x28, 0xa1, 0x28, 0xa1, 0x30, 0xc1, 0x20, 0xc1, 0x60, 0xe1, 0xb9, 0x61, 0xfe, 0x00, 0x50, 0xa3, 0x20, 0xc2, 0x41, 0x23, 0x30, 0xe2, 0x30, 0xe2, 0x30, 0xe2, 0x18, 0xa1, 0x41, 0x63, 0x18, 0x81, 0x28, 0xa1, 0x81, 0xc2, 0x00, 0x21, 0x10, 0x61, 0x18, 0x81, 0x31, 0x44, 0x10, 0x82,
  0x31, 0xa6, 0x20, 0xe4, 0x00, 0x00, 0x00, 0x00, 0x59, 0xa2, 0x69, 0xc2, 0x29, 0x02, 0x51, 0xa3, 0x49, 0x42, 0x39, 0x01, 0x30, 0xe2, 0x20, 0x81, 0x28, 0xa1, 0x30, 0xc1, 0x28, 0xa1, 0x20, 0xe2, 0x58, 0x41, 0xfb, 0x60, 0xfc, 0xc0, 0x08, 0x03, 0x41, 0x23, 0x39, 0x02, 0x20, 0xa1, 0x39, 0x43, 0x28, 0xc2, 0x30, 0xe2, 0x31, 0x02, 0x08, 0x40, 0x20, 0xa1, 0x81, 0xc2, 0x00, 0x21, 0x10, 0x61, 0x18, 0x81, 0x31, 0x44, 0x10, 0x81,
  0x31, 0x86, 0x18, 0xe3, 0x00, 0x00, 0x00, 0x00, 0x59, 0x62, 0x69, 0xa2, 0x31, 0x02, 0x30, 0xe1, 0x49, 0x83, 0x41, 0x22, 0x20, 0xa1, 0x20, 0x81, 0x28, 0x81, 0x28, 0x81, 0x28, 0xa1, 0x20, 0xc2, 0x58, 0x01, 0xfd, 0xe0, 0x8a, 0x42, 0x20, 0x63, 0x41, 0x02, 0x20, 0xa1, 0x30, 0xe2, 0x39, 0x03, 0x30, 0xe2, 0x31, 0x23, 0x08, 0x40, 0x08, 0x40, 0x20, 0x81, 0x81, 0xc2, 0x00, 0x00, 0x08, 0x41, 0x18, 0x81, 0x29, 0x44, 0x08, 0x61,
  0x29, 0x65, 0x18, 0xe3, 0x00, 0x00, 0x00, 0x00, 0x49, 0x41, 0x61, 0x82, 0x31, 0x02, 0x28, 0xa1, 0x30, 0xe2, 0x49, 0x63, 0x20, 0xa1, 0x20, 0xa1, 0x20, 0x81, 0x20, 0x81, 0x28, 0xa1, 0x18, 0x82, 0x58, 0xe1, 0xec, 0xc0, 0x50, 0x62, 0x50, 0xe2, 0x20, 0x81, 0x28, 0xa1, 0x39, 0x23, 0x41, 0x43, 0x31, 0x02, 0x10, 0x81, 0x08, 0x40, 0x08, 0x61, 0x28, 0xa1, 0x79, 0x81, 0x00, 0x20, 0x08, 0x61, 0x10, 0x81, 0x29, 0x24, 0x10, 0x81,
  0x29, 0x45, 0x18, 0xe3, 0x00, 0x00, 0x00, 0x00, 0x49, 0x41, 0x59, 0x82, 0x28, 0xe1, 0x28, 0xa1, 0x28, 0xc1, 0x28, 0xa1, 0x20, 0xa1, 0x20, 0xa1, 0x28, 0xa1, 0x28, 0xa1, 0x20, 0x60, 0x00, 0x02, 0x9a, 0xa1, 0xfd, 0xc0, 0x48, 0x02, 0x18, 0x81, 0x38, 0xc1, 0x49, 0x22, 0x41, 0x23, 0x28, 0xe2, 0x10, 0x60, 0x10, 0x61, 0x10, 0x61, 0x08, 0x40, 0x20, 0x81, 0x79, 0x81, 0x00, 0x20, 0x08, 0x61, 0x10, 0x81, 0x29, 0x24, 0x10, 0x82,
  0x21, 0x24, 0x10, 0xa2, 0x00, 0x00, 0x00, 0x00, 0x39, 0x01, 0x51, 0x41, 0x30, 0xe2, 0x28, 0xc1, 0x30, 0xe1, 0x28, 0xc1, 0x10, 0x60, 0x10, 0x61, 0x20, 0xa1, 0x28, 0xa1, 0x30, 0xc1, 0x30, 0x01, 0xbb, 0x60, 0xb2, 0x80, 0x18, 0x01, 0x50, 0xe1, 0x50, 0xe1, 0x38, 0xe2, 0x28, 0xe2, 0x20, 0xa1, 0x20, 0xa1, 0x20, 0xc2, 0x18, 0x81, 0x20, 0xa1, 0x28, 0xa1, 0x79, 0xa1, 0x00, 0x20, 0x08, 0x61, 0x10, 0x61, 0x29, 0x24, 0x10, 0x82,
  0x21, 0x24, 0x10, 0xa2, 0x00, 0x00, 0x00, 0x00, 0x39, 0x01, 0x49, 0x01, 0x18, 0xa1, 0x20, 0x81, 0x20, 0xa1, 0x20, 0xa1, 0x08, 0x40, 0x08, 0x40, 0x10, 0x40, 0x08, 0x20, 0x10, 0x40, 0x00, 0x00, 0xb3, 0x01, 0xcb, 0x81, 0x41, 0x41, 0x00, 0x20, 0x10, 0x60, 0x10, 0x60, 0x20, 0xa1, 0x18, 0x81, 0x10, 0x61, 0x18, 0x81, 0x08, 0x40, 0x10, 0x61, 0x18, 0x80, 0x71, 0x81, 0x00, 0x20, 0x08, 0x41, 0x10, 0x61, 0x29, 0x24, 0x10, 0x81,
  0x19, 0x03, 0x10, 0xa2, 0x00, 0x00, 0x00, 0x00, 0x41, 0x01, 0x41, 0x21, 0x18, 0x61, 0x20, 0xa1, 0x20, 0xa1, 0x18, 0x61, 0x10, 0x61, 0x08, 0x41, 0x10, 0x61, 0x10, 0x61, 0x00, 0x20, 0x62, 0x01, 0x72, 0x21, 0x08, 0x60, 0xab, 0x03, 0x00, 0x00, 0x10, 0x61, 0x20, 0xa1, 0x08, 0x41, 0x20, 0xa2, 0x10, 0x61, 0x08, 0x40, 0x18, 0xa1, 0x08, 0x40, 0x18, 0x81, 0x81, 0xe2, 0x00, 0x00, 0x08, 0x41, 0x10, 0x61, 0x21, 0x24, 0x10, 0x81,
  0x18, 0xe3, 0x08, 0x81, 0x00, 0x00, 0x00, 0x00, 0x10, 0x61, 0x31, 0x02, 0x39, 0x43, 0x41, 0x63, 0x49, 0x84, 0x49, 0xa4, 0x31, 0x23, 0x31, 0x44, 0x31, 0x44, 0x31, 0x23, 0x28, 0xe2, 0x49, 0x82, 0x6a, 0x22, 0x39, 0x21, 0x6a, 0x43, 0x41, 0x43, 0x51, 0xa4, 0x51, 0xc5, 0x5a, 0x06, 0x51, 0xe6, 0x49, 0xa5, 0x49, 0xa5, 0x41, 0x84, 0x41, 0x84, 0x39, 0x64, 0x31, 0x64, 0x00, 0x00, 0x00, 0x20, 0x10, 0x61, 0x21, 0x03, 0x10, 0x81,
  0x18, 0xc3, 0x10, 0x81, 0x00, 0x00, 0x08, 0x20, 0x10, 0x60, 0x29, 0x03, 0x41, 0x63, 0x49, 0x63, 0x49, 0xa4, 0x49, 0x83, 0x31, 0x23, 0x31, 0x24, 0x41, 0x63, 0x41, 0x43, 0x31, 0x02, 0x28, 0xc2, 0x39, 0x22, 0x61, 0xc2, 0x39, 0x02, 0x51, 0x83, 0x61, 0xc4, 0x61, 0xe4, 0x6a, 0x05, 0x6a, 0x46, 0x6a, 0x26, 0x5a, 0x25, 0x51, 0xc5, 0x51, 0xc5, 0x5a, 0x05, 0x49, 0xc5, 0x08, 0x61, 0x28, 0xe2, 0x28, 0xe2, 0x29, 0x03, 0x08, 0x61,
  0x10, 0xa2, 0x08, 0x61, 0x00, 0x00, 0x00, 0x20, 0x28, 0xc1, 0x9b, 0xc5, 0xa4, 0x27, 0x38, 0xe1, 0x00, 0x00, 0x08, 0x20, 0x00, 0x00, 0x00, 0x20, 0x10, 0xa0, 0x10, 0x60, 0x00, 0x00, 0x00, 0x00, 0x00, 0x00, 0x00, 0x00, 0x00, 0x00, 0x00, 0x00, 0x00, 0x00, 0x00, 0x00, 0x00, 0x00, 0x00, 0x00, 0x10, 0x40, 0x20, 0xa1, 0x10, 0x60, 0x00, 0x00, 0xc4, 0x07, 0xcb, 0x66, 0x21, 0x02, 0x20, 0xc2, 0x20, 0xe2, 0x20, 0xe3, 0x08, 0x61,
  0x10, 0xa2, 0x08, 0x41, 0x00, 0x00, 0x00, 0x00, 0x31, 0x21, 0x9b, 0xa4, 0x62, 0x45, 0x00, 0x00, 0x08, 0x00, 0x08, 0x00, 0x00, 0x00, 0x00, 0x00, 0x00, 0x00, 0x00, 0x00, 0x00, 0x00, 0x00, 0x00, 0x00, 0x00, 0x00, 0x00, 0x00, 0x00, 0x00, 0x00, 0x00, 0x00, 0x00, 0x00, 0x00, 0x00, 0x00, 0x20, 0x08, 0x40, 0x18, 0x60, 0x18, 0x60, 0x00, 0x00, 0x20, 0x80, 0x9b, 0x25, 0x00, 0x21, 0x08, 0x61, 0x10, 0x82, 0x18, 0xc2, 0x08, 0x61,
  0x10, 0x82, 0x08, 0x41, 0x00, 0x00, 0x00, 0x00, 0x08, 0x20, 0x20, 0xa1, 0x00, 0x00, 0x08, 0x00, 0x08, 0x20, 0x08, 0x20, 0x00, 0x00, 0x00, 0x00, 0x00, 0x00, 0x00, 0x00, 0x00, 0x00, 0x00, 0x00, 0x00, 0x00, 0x00, 0x00, 0x00, 0x00, 0x00, 0x00, 0x00, 0x00, 0x00, 0x20, 0x00, 0x20, 0x00, 0x20, 0x10, 0x40, 0x18, 0x80, 0x10, 0x40, 0x10, 0x40, 0x00, 0x00, 0x00, 0x20, 0x00, 0x00, 0x10, 0x81, 0x18, 0xa2, 0x18, 0xc3, 0x08, 0x61,
  0x08, 0x61, 0x00, 0x40, 0x00, 0x00, 0x00, 0x00, 0x00, 0x00, 0x00, 0x00, 0x08, 0x00, 0x08, 0x20, 0x08, 0x20, 0x08, 0x00, 0x00, 0x00, 0x00, 0x00, 0x00, 0x00, 0x00, 0x00, 0x00, 0x00, 0x00, 0x00, 0x00, 0x00, 0x00, 0x00, 0x00, 0x00, 0x00, 0x00, 0x00, 0x00, 0x00, 0x00, 0x00, 0x20, 0x00, 0x20, 0x08, 0x40, 0x10, 0x40, 0x10, 0x40, 0x10, 0x40, 0x00, 0x00, 0x08, 0x20, 0x00, 0x00, 0x10, 0x61, 0x18, 0x82, 0x18, 0xa2, 0x08, 0x61,
  0x08, 0x61, 0x00, 0x20, 0x00, 0x00, 0x00, 0x00, 0x00, 0x00, 0x00, 0x00, 0x08, 0x20, 0x08, 0x00, 0x08, 0x00, 0x08, 0x00, 0x00, 0x00, 0x00, 0x00, 0x00, 0x00, 0x00, 0x00, 0x00, 0x00, 0x00, 0x00, 0x00, 0x00, 0x00, 0x00, 0x00, 0x00, 0x00, 0x00, 0x00, 0x00, 0x00, 0x00, 0x00, 0x20, 0x00, 0x00, 0x08, 0x20, 0x10, 0x40, 0x18, 0x60, 0x10, 0x40, 0x00, 0x00, 0x08, 0x20, 0x00, 0x00, 0x10, 0x61, 0x10, 0x81, 0x18, 0xa2, 0x08, 0x61,
  0x08, 0x41, 0x00, 0x20, 0x00, 0x00, 0x00, 0x00, 0x00, 0x00, 0x00, 0x00, 0x08, 0x00, 0x08, 0x00, 0x08, 0x00, 0x00, 0x00, 0x00, 0x00, 0x00, 0x00, 0x00, 0x00, 0x00, 0x00, 0x00, 0x00, 0x00, 0x00, 0x00, 0x00, 0x00, 0x00, 0x00, 0x00, 0x00, 0x00, 0x00, 0x00, 0x00, 0x00, 0x00, 0x00, 0x00, 0x00, 0x08, 0x20, 0x10, 0x60, 0x18, 0x60, 0x10, 0x40, 0x00, 0x00, 0x08, 0x20, 0x00, 0x00, 0x10, 0x61, 0x10, 0x61, 0x10, 0xa2, 0x08, 0x41,
  0x00, 0x40, 0x00, 0x00, 0x00, 0x00, 0x00, 0x00, 0x00, 0x00, 0x00, 0x00, 0x08, 0x00, 0x00, 0x00, 0x00, 0x00, 0x00, 0x00, 0x00, 0x00, 0x00, 0x00, 0x00, 0x00, 0x00, 0x00, 0x00, 0x00, 0x00, 0x00, 0x00, 0x00, 0x00, 0x00, 0x00, 0x00, 0x00, 0x00, 0x00, 0x00, 0x00, 0x00, 0x00, 0x00, 0x00, 0x00, 0x00, 0x00, 0x00, 0x00, 0x08, 0x20, 0x08, 0x20, 0x00, 0x00, 0x08, 0x20, 0x00, 0x00, 0x08, 0x61, 0x10, 0x61, 0x10, 0x82, 0x08, 0x41,
  0x00, 0x20, 0x00, 0x00, 0x00, 0x00, 0x00, 0x00, 0x00, 0x00, 0x00, 0x00, 0x00, 0x00, 0x00, 0x00, 0x00, 0x00, 0x00, 0x00, 0x00, 0x00, 0x00, 0x00, 0x00, 0x00, 0x00, 0x00, 0x00, 0x00, 0x00, 0x00, 0x00, 0x00, 0x00, 0x00, 0x00, 0x00, 0x00, 0x00, 0x00, 0x00, 0x00, 0x00, 0x00, 0x00, 0x00, 0x00, 0x00, 0x00, 0x00, 0x00, 0x00, 0x00, 0x00, 0x00, 0x00, 0x00, 0x00, 0x00, 0x00, 0x00, 0x00, 0x00, 0x00, 0x00, 0x08, 0x20, 0x00, 0x20
};

static const uint8_t vfd_35x67_8[4690] = {
  0x00, 0x00, 0x00, 0x00, 0x00, 0x00, 0x00, 0x00, 0x00, 0x00, 0x00, 0x00, 0x00, 0x00, 0x00, 0x00, 0x00, 0x00, 0x00, 0x00, 0x00, 0x00, 0x00, 0x00, 0x00, 0x00, 0x00, 0x00, 0x00, 0x00, 0x00, 0x00, 0x08, 0x61, 0x41, 0x84, 0x00, 0x41, 0x00, 0x00, 0x00, 0x00, 0x00, 0x00, 0x00, 0x00, 0x00, 0x00, 0x00, 0x00, 0x00, 0x00, 0x00, 0x00, 0x00, 0x00, 0x00, 0x00, 0x00, 0x00, 0x00, 0x00, 0x00, 0x00, 0x00, 0x00, 0x00, 0x00, 0x00, 0x00,
  0x00, 0x00, 0x00, 0x00, 0x00, 0x00, 0x00, 0x00, 0x00, 0x00, 0x00, 0x00, 0x00, 0x00, 0x00, 0x00, 0x00, 0x00, 0x00, 0x00, 0x00, 0x00, 0x00, 0x00, 0x00, 0x00, 0x00, 0x00, 0x00, 0x00, 0x00, 0x00, 0x18, 0xa2, 0x31, 0x44, 0x18, 0xc3, 0x00, 0x00, 0x00, 0x00, 0x00, 0x00, 0x00, 0x00, 0x00, 0x00, 0x00, 0x00, 0x00, 0x00, 0x00, 0x00, 0x00, 0x00, 0x00, 0x00, 0x00, 0x00, 0x00, 0x00, 0x00, 0x00, 0x00, 0x00, 0x00, 0x00, 0x00, 0x00,
  0x00, 0x00, 0x00, 0x00, 0x00, 0x00, 0x00, 0x00, 0x00, 0x00, 0x00, 0x00, 0x00, 0x00, 0x00, 0x00, 0x00, 0x00, 0x00, 0x00, 0x00, 0x00, 0x00, 0x00, 0x00, 0x00, 0x00, 0x00, 0x00, 0x00, 0x00, 0x00, 0x10, 0xa2, 0x39, 0x64, 0x10, 0xa2, 0x00, 0x00, 0x00, 0x00, 0x00, 0x00, 0x00, 0x00, 0x00, 0x00, 0x00, 0x00, 0x00, 0x00, 0x00, 0x00, 0x00, 0x00, 0x00, 0x00, 0x00, 0x00, 0x00, 0x00, 0x00, 0x00, 0x00, 0x00, 0x00, 0x00, 0x00, 0x00,
  0x00, 0x00, 0x00, 0x00, 0x00, 0x00, 0x00, 0x00, 0x00, 0x00, 0x00, 0x00, 0x00, 0x00, 0x00, 0x00, 0x00, 0x00, 0x00, 0x00, 0x00, 0x00, 0x00, 0x00, 0x00, 0x00, 0x00, 0x00, 0x00, 0x00, 0x00, 0x00, 0x31, 0x02, 0x59, 0xa3, 0x18, 0xa2, 0x00, 0x00, 0x00, 0x00, 0x00, 0x00, 0x00, 0x00, 0x00, 0x00, 0x00, 0x00, 0x00, 0x00, 0x00, 0x00, 0x00, 0x00, 0x00, 0x00, 0x00, 0x00, 0x00, 0x00, 0x00, 0x00, 0x00, 0x00, 0x00, 0x00, 0x00, 0x00,
  0x00, 0x00, 0x00, 0x00, 0x00, 0x00, 0x00, 0x00, 0x00, 0x00, 0x00, 0x00, 0x00, 0x00, 0x00, 0x00, 0x00, 0x00, 0x00, 0x00, 0x00, 0x00, 0x00, 0x00, 0x00, 0x00, 0x00, 0x00, 0x00, 0x00, 0x4a, 0x28, 0xb3, 0xa9, 0x61, 0xe4, 0x9b, 0x07, 0x39, 0xc5, 0x00, 0x00, 0x00, 0x00, 0x00, 0x00, 0x00, 0x00, 0x00, 0x00, 0x00, 0x00, 0x00, 0x00, 0x00, 0x00, 0x00, 0x00, 0x00, 0x00, 0x00, 0x00, 0x00, 0x00, 0x00, 0x00, 0x00, 0x00, 0x00, 0x00,
  0x00, 0x00, 0x00, 0x00, 0x00, 0x00, 0x00, 0x00, 0x00, 0x00, 0x00, 0x00, 0x00, 0x00, 0x00, 0x00, 0x00, 0x00, 0x00, 0x00, 0x00, 0x00, 0x00, 0x00, 0x00, 0x00, 0x00, 0x00, 0x29, 0x24, 0x51, 0xe5, 0x51, 0xa4, 0x82, 0xe7, 0x51, 0xe4, 0x28, 0xe2, 0x10, 0x61, 0x00, 0x00, 0x00, 0x00, 0x00, 0x00, 0x00, 0x00, 0x00, 0x00, 0x00, 0x00, 0x00, 0x00, 0x00, 0x00, 0x00, 0x00, 0x00, 0x00, 0x00, 0x00, 0x00, 0x00, 0x00, 0x00, 0x00, 0x00,
  0x00, 0x00, 0x00, 0x00, 0x00, 0x00, 0x00, 0x00, 0x00, 0x00, 0x00, 0x00, 0x00, 0x00, 0x00, 0x00, 0x00, 0x00, 0x00, 0x00, 0x00, 0x00, 0x00, 0x00, 0x00, 0x00, 0x08, 0x00, 0x08, 0x40, 0x00, 0x00, 0x10, 0x60, 0x39, 0x22, 0x10, 0x61, 0x08, 0x20, 0x08, 0x00, 0x08, 0x20, 0x08, 0x41, 0x00, 0x00, 0x00, 0x00, 0x00, 0x00, 0x00, 0x00, 0x00, 0x00, 0x00, 0x00, 0x00, 0x00, 0x00, 0x00, 0x00, 0x00, 0x00, 0x00, 0x00, 0x00, 0x00, 0x00,
  0x00, 0x00, 0x00, 0x00, 0x00, 0x00, 0x00, 0x00, 0x00, 0x00, 0x00, 0x00, 0x00, 0x00, 0x00, 0x00, 0x00, 0x00, 0x00, 0x00, 0x08, 0x20, 0x10, 0x40, 0x08, 0x20, 0x00, 0x20, 0x00, 0x00, 0x00, 0x00, 0x18, 0x81, 0x51, 0xe5, 0x10, 0xa2, 0x00, 0x00, 0x00, 0x00, 0x08, 0x00, 0x00, 0x00, 0x08, 0x00, 0x08, 0x00, 0x00, 0x00, 0x00, 0x00, 0x00, 0x00, 0x00, 0x00, 0x00, 0x00, 0x00, 0x00, 0x00, 0x00, 0x00, 0x00, 0x00, 0x00, 0x00, 0x00,
  0x00, 0x00, 0x00, 0x00, 0x00, 0x00, 0x00, 0x00, 0x00, 0x00, 0x00, 0x00, 0x00, 0x00, 0x00, 0x00, 0x00, 0x00, 0x00, 0x20, 0x08, 0x20, 0x08, 0x20, 0x10, 0x61, 0x18, 0xa1, 0x20, 0xa1, 0x10, 0x61, 0x20, 0xa1, 0x49, 0x84, 0x10, 0xa1, 0x08, 0x40, 0x08, 0x40, 0x08, 0x40, 0x00, 0x00, 0x08, 0x20, 0x08, 0x20, 0x08, 0x40, 0x08, 0x20, 0x08, 0x00, 0x00, 0x00, 0x00, 0x00, 0x00, 0x00, 0x00, 0x00, 0x00, 0x00, 0x00, 0x00, 0x00, 0x00,
  0x00, 0x00, 0x00, 0x00, 0x00, 0x00, 0x10, 0xa2, 0x00, 0x20, 0x18, 0xe4, 0x3a, 0x28, 0x5a, 0xea, 0x72, 0xe8, 0x7a, 0xa7, 0x7a, 0x86, 0x72, 0x65, 0x72, 0x45, 0x61, 0xe4, 0x51, 0xa3, 0x59, 0xc4, 0x72, 0x25, 0x59, 0xe4, 0x51, 0xa4, 0x59, 0xc4, 0x51, 0xc4, 0x51, 0xc4, 0x51, 0xc5, 0x31, 0x43, 0x20, 0xc2, 0x18, 0x61, 0x08, 0x61, 0x10, 0x81, 0x18, 0x81, 0x08, 0x41, 0x00, 0x20, 0x39, 0xc7, 0x29, 0x65, 0x00, 0x00, 0x00, 0x00,
  0x00, 0x00, 0x00, 0x00, 0x10, 0x81, 0x52, 0xcb, 0x6b, 0x0b, 0x5a, 0x48, 0x6a, 0x67, 0x6a, 0x45, 0x61, 0xe3, 0x6a, 0x24, 0x82, 0x85, 0x82, 0x84, 0x69, 0xe3, 0x59, 0xa3, 0x49, 0x82, 0x51, 0xa3, 0x82, 0x65, 0x49, 0x83, 0x59, 0xc4, 0x62, 0x24, 0x72, 0x45, 0x72, 0x46, 0x7a, 0x66, 0x82, 0x86, 0x72, 0x65, 0x7a, 0x85, 0x92, 0xe6, 0x49, 0x83, 0x20, 0xc2, 0x31, 0x02, 0x29, 0x03, 0x29, 0x24, 0x31, 0x65, 0x18, 0xe3, 0x00, 0x00,
  0x00, 0x00, 0x10, 0x81, 0x6b, 0x6d, 0x63, 0x0c, 0x20, 0x61, 0x30, 0xe0, 0x61, 0xa2, 0x59, 0xa2, 0x6a, 0x03, 0x7a, 0x23, 0x61, 0xc2, 0x41, 0x41, 0x41, 0x62, 0x51, 0x82, 0x41, 0x22, 0x18, 0x81, 0x10, 0x81, 0x20, 0xa1, 0x41, 0x43, 0x61, 0xe4, 0x6a, 0x04, 0x62, 0x24, 0x6a, 0x24, 0x72, 0x45, 0x72, 0x45, 0x82, 0x85, 0x92, 0xe6, 0x92, 0xc6, 0x49, 0xa4, 0x20, 0xc2, 0x20, 0xc2, 0x28, 0xe3, 0x21, 0x03, 0x10, 0x82, 0x00, 0x20,
  0x00, 0x00, 0x73, 0xaf, 0x63, 0x2d, 0x18, 0x40, 0x10, 0x61, 0x10, 0x00, 0x18, 0x00, 0x83, 0x24, 0x7a, 0x43, 0x49, 0x61, 0x49, 0x82, 0x59, 0xc2, 0x49, 0x42, 0x20, 0xa1, 0x10, 0x60, 0x10, 0x60, 0x18, 0x60, 0x10, 0x61, 0x18, 0x81, 0x20, 0xc1, 0x49, 0x63, 0x6a, 0x04, 0x6a, 0x24, 0x6a, 0x44, 0x6a, 0x24, 0x6a, 0x44, 0x6a, 0x44, 0x51, 0xe4, 0x51, 0xc5, 0x20, 0xe2, 0x20, 0xa2, 0x31, 0x22, 0x39, 0x64, 0x21, 0x04, 0x18, 0x80,
  0x08, 0x41, 0x7b, 0x8d, 0x49, 0x63, 0x20, 0xc2, 0x82, 0xc6, 0xfe, 0x2c, 0xff, 0xf2, 0xbb, 0x87, 0x8a, 0x85, 0x8a, 0xa5, 0x92, 0xe6, 0x9b, 0x06, 0x51, 0x84, 0x51, 0xa4, 0x41, 0x63, 0x41, 0x43, 0x20, 0x83, 0x31, 0x24, 0x30, 0xe3, 0x49, 0x84, 0x49, 0x84, 0x59, 0xe5, 0x9b, 0x07, 0x9b, 0x28, 0x9b, 0x28, 0xab, 0x48, 0xc3, 0xa8, 0x82, 0x86, 0xfd, 0xcb, 0xfd, 0x6c, 0x82, 0xc7, 0x41, 0x23, 0x41, 0x64, 0x31, 0x65, 0x10, 0x81,
  0x29, 0x85, 0x5a, 0xcb, 0x00, 0x00, 0x00, 0x00, 0x59, 0xe5, 0xff, 0xf5, 0xfe, 0x4a, 0x48, 0xc1, 0x93, 0x48, 0x9b, 0x27, 0x7a, 0x86, 0x41, 0x85, 0x39, 0x84, 0x49, 0xa4, 0x49, 0xa4, 0x31, 0x44, 0xe4, 0xc6, 0xec, 0xc6, 0xa3, 0xc6, 0x39, 0x85, 0x5a, 0x06, 0x41, 0xc5, 0x72, 0xc8, 0xa3, 0x8a, 0xa3, 0xaa, 0xbb, 0xea, 0xcc, 0x6b, 0xab, 0x48, 0xaa, 0xe5, 0xfe, 0x8c, 0x5a, 0x25, 0x00, 0x00, 0x08, 0x40, 0x29, 0x44, 0x10, 0x81,
  0x39, 0xe7, 0x52, 0x8a, 0x00, 0x00, 0x00, 0x41, 0x49, 0x62, 0xb2, 0x42, 0x00, 0x00, 0x20, 0xa1, 0x31, 0x01, 0x10, 0x20, 0x28, 0xc1, 0x00, 0x20, 0x08, 0x20, 0x18, 0x81, 0x00, 0x00, 0x49, 0x62, 0xc3, 0x83, 0x00, 0x00, 0xfd, 0x04, 0x08, 0x41, 0x00, 0x20, 0x20, 0xa1, 0x00, 0x00, 0x30, 0xe2, 0x28, 0xc1, 0x10, 0x40, 0x39, 0x42, 0x20, 0xe2, 0x08, 0x01, 0xb3, 0x26, 0x29, 0x03, 0x00, 0x20, 0x10, 0x61, 0x29, 0x24, 0x10, 0xa2,
  0x3a, 0x08, 0x4a, 0x49, 0x00, 0x00, 0x00, 0x41, 0x59, 0xc2, 0x8a, 0x02, 0x08, 0x81, 0x28, 0xa1, 0x28, 0xa1, 0x28, 0xa1, 0x18, 0x81, 0x08, 0x61, 0x10, 0x61, 0x00, 0x21, 0x00, 0x21, 0x00, 0x41, 0x59, 0x61, 0x49, 0x61, 0xaa, 0x42, 0x00, 0x01, 0x00, 0x41, 0x00, 0x41, 0x10, 0xa1, 0x28, 0xe2, 0x29, 0x02, 0x31, 0x22, 0x31, 0x22, 0x49, 0xc4, 0x49, 0xa4, 0xb3, 0x06, 0x21, 0x03, 0x08, 0x20, 0x10, 0x61, 0x29, 0x24, 0x10, 0xa2,
  0x39, 0xe8, 0x52, 0x69, 0x08, 0x20, 0x00, 0x41, 0x51, 0x82, 0x92, 0x22, 0x29, 0x02, 0x41, 0x63, 0x49, 0x63, 0x41, 0x43, 0x49, 0x43, 0x31, 0x23, 0x08, 0x23, 0x69, 0x62, 0x49, 0xc2, 0xba, 0xc1, 0xca, 0x00, 0x71, 0xc1, 0xba, 0x21, 0x8a, 0x42, 0x51, 0xe2, 0x61, 0x42, 0x00, 0x03, 0x59, 0xa4, 0x72, 0x05, 0x7a, 0x46, 0x92, 0xe7, 0x93, 0x08, 0x72, 0x86, 0xbb, 0x46, 0x20, 0xe3, 0x08, 0x20, 0x10, 0x61, 0x29, 0x44, 0x10, 0xa2,
  0x39, 0xe7, 0x4a, 0x69, 0x00, 0x20, 0x00, 0x41, 0x51, 0xc2, 0x9a, 0x63, 0x10, 0x81, 0x30, 0xe2, 0x39, 0x02, 0x28, 0xc1, 0x31, 0x23, 0x00, 0x03, 0xf3, 0x41, 0xfb, 0xe0, 0xfc, 0x40, 0xda, 0xe1, 0x82, 0x02, 0xa1, 0x61, 0xa2, 0x01, 0xe3, 0x01, 0xfc, 0x40, 0xfc, 0x20, 0xd3, 0x21, 0x08, 0x04, 0x31, 0x43, 0x41, 0x43, 0x59, 0xc4, 0x59, 0xc5, 0x8a, 0xc7, 0xc3, 0x46, 0x18, 0xe3, 0x08, 0x20, 0x10, 0x61, 0x29, 0x24, 0x10, 0xa2,
  0x39, 0xe7, 0x52, 0x49, 0x00, 0x20, 0x00, 0x41, 0x51, 0xa2, 0xaa, 0x62, 0x20, 0xa1, 0x28, 0xa1, 0x28, 0xc1, 0x00, 0x82, 0x38, 0x83, 0xfd, 0x80, 0xfc, 0xe0, 0xb8, 0xa1, 0x00, 0x01, 0x00, 0x22, 0x08, 0x82, 0x60, 0xa1, 0x00, 0x21, 0x00, 0x02, 0x00, 0x02, 0xb9, 0x01, 0xfd, 0xe0, 0xfd, 0xe0, 0x38, 0x24, 0x31, 0x64, 0x41, 0x63, 0x7a, 0x66, 0x72, 0x66, 0xc3, 0x05, 0x18, 0xe3, 0x08, 0x20, 0x10, 0x61, 0x29, 0x24, 0x10, 0xa2,
  0x39, 0xe7, 0x4a, 0x69, 0x00, 0x20, 0x00, 0x41, 0x49, 0xa2, 0xaa, 0x82, 0x18, 0xa1, 0x28, 0xc1, 0x18, 0xc2, 0x18, 0x02, 0xfd, 0x01, 0xfc, 0x00, 0x60, 0x01, 0x00, 0x21, 0x28, 0xc2, 0x28, 0xa1, 0x38, 0xc1, 0x48, 0xc0, 0x30, 0x80, 0x20, 0x81, 0x20, 0xa1, 0x00, 0x02, 0x70, 0x22, 0xfd, 0x20, 0xff, 0xc0, 0x20, 0x05, 0x62, 0x26, 0x72, 0x66, 0x51, 0xe4, 0xc3, 0x05, 0x18, 0xe3, 0x08, 0x20, 0x10, 0x41, 0x29, 0x24, 0x10, 0xa2,
  0x39, 0xe7, 0x4a, 0x48, 0x00, 0x00, 0x00, 0x41, 0x51, 0xc3, 0xb2, 0xc3, 0x18, 0x61, 0x28, 0xe1, 0x10, 0x23, 0xfd, 0xe1, 0xe3, 0x01, 0x38, 0x01, 0x00, 0x41, 0x28, 0xa2, 0x18, 0x60, 0x28, 0xa1, 0x30, 0xc1, 0x40, 0xc1, 0x30, 0xa1, 0x20, 0x81, 0x20, 0x81, 0x28, 0xa1, 0x00, 0x02, 0x50, 0x02, 0xfe, 0x40, 0xff, 0x43, 0x41, 0x07, 0x62, 0x25, 0x39, 0x63, 0xcb, 0x26, 0x10, 0xc3, 0x08, 0x20, 0x08, 0x40, 0x20, 0xe3, 0x10, 0xa2,
  0x39, 0xe7, 0x4a, 0x28, 0x00, 0x20, 0x00, 0x41, 0x49, 0x82, 0xaa, 0xa3, 0x28, 0xa1, 0x00, 0x42, 0xb2, 0x22, 0xfd, 0xc0, 0x80, 0x81, 0x00, 0x41, 0x20, 0xa2, 0x28, 0xc2, 0x18, 0x60, 0x28, 0xc2, 0x28, 0x80, 0x40, 0xe1, 0x30, 0xa1, 0x28, 0x81, 0x20, 0x81, 0x20, 0x81, 0x20, 0xa2, 0x00, 0x43, 0xb1, 0xe2, 0xfe, 0x40, 0xb1, 0xe6, 0x41, 0xc5, 0x41, 0x63, 0xc3, 0x06, 0x18, 0xe3, 0x08, 0x21, 0x10, 0x40, 0x20, 0xe3, 0x10, 0xa2,
  0x39, 0xe7, 0x42, 0x28, 0x00, 0x20, 0x00, 0x61, 0x41, 0x42, 0xa2, 0x63, 0x10, 0xc1, 0x30, 0x83, 0xfd, 0x81, 0xfc, 0xa1, 0x00, 0x02, 0x10, 0x82, 0x28, 0xe2, 0x18, 0x40, 0x28, 0xa2, 0x28, 0xa1, 0x30, 0x80, 0x40, 0xe2, 0x30, 0xa1, 0x28, 0x81, 0x20, 0x81, 0x20, 0x81, 0x18, 0x81, 0x20, 0xe3, 0xaa, 0x05, 0xfe, 0x60, 0xfd, 0x44, 0x30, 0xe6, 0x39, 0x63, 0xc3, 0x06, 0x08, 0x61, 0x08, 0x20, 0x08, 0x40, 0x20, 0xe3, 0x10, 0xa2,
  0x39, 0xc7, 0x42, 0x08, 0x00, 0x20, 0x00, 0x40, 0x49, 0x62, 0x9a, 0x63, 0x18, 0xe2, 0x59, 0x03, 0xfd, 0x60, 0xca, 0xc1, 0x00, 0x02, 0x28, 0xe3, 0x20, 0x81, 0x18, 0x61, 0x28, 0xc2, 0x20, 0x60, 0x30, 0xa1, 0x40, 0xe2, 0x30, 0xa1, 0x28, 0x80, 0x20, 0x81, 0x20, 0x81, 0x10, 0x41, 0x69, 0x84, 0x31, 0x05, 0xd4, 0x22, 0xec, 0x84, 0x62, 0x06, 0x39, 0x63, 0xcb, 0x26, 0x10, 0xc3, 0x08, 0x20, 0x08, 0x41, 0x20, 0xe3, 0x10, 0xa2,
  0x39, 0xc7, 0x42, 0x28, 0x00, 0x20, 0x00, 0x41, 0x41, 0x42, 0x92, 0x42, 0x39, 0x63, 0x71, 0x63, 0xfd, 0x40, 0x69, 0x62, 0x20, 0xa2, 0x28, 0xc2, 0x18, 0x61, 0x20, 0xa1, 0x20, 0xa1, 0x20, 0x60, 0x30, 0xa1, 0x41, 0x02, 0x30, 0xa1, 0x28, 0x81, 0x20, 0x81, 0x18, 0x61, 0x39, 0x03, 0x31, 0x03, 0x31, 0x23, 0x59, 0x24, 0xec, 0x62, 0x72, 0x25, 0x5a, 0x05, 0xcb, 0x26, 0x10, 0xe3, 0x08, 0x41, 0x10, 0x61, 0x20, 0xe3, 0x10, 0xa2,
  0x39, 0xc7, 0x42, 0x08, 0x00, 0x20, 0x08, 0x61, 0x31, 0x22, 0x8a, 0x02, 0x51, 0x84, 0x69, 0x62, 0xfd, 0x00, 0x40, 0xc2, 0x41, 0x22, 0x18, 0x61, 0x18, 0x61, 0x30, 0xe2, 0x20, 0x60, 0x28, 0x60, 0x30, 0xa1, 0x41, 0x02, 0x30, 0xa1, 0x28, 0x80, 0x20, 0x60, 0x28, 0xc2, 0x30, 0xe2, 0x28, 0xc2, 0x41, 0x43, 0x59, 0x45, 0xfd, 0xa1, 0x51, 0x04, 0x62, 0x26, 0xd3, 0x46, 0x10, 0xe3, 0x08, 0x21, 0x10, 0x61, 0x20, 0xe3, 0x10, 0xa2,
  0x39, 0xc7, 0x42, 0x08, 0x00, 0x20, 0x08, 0x41, 0x39, 0x22, 0x8a, 0x02, 0x51, 0xa4, 0x51, 0x22, 0xfd, 0x00, 0x68, 0xe2, 0x30, 0xe2, 0x18, 0x61, 0x20, 0xa1, 0x28, 0xa1, 0x20, 0x60, 0x28, 0x80, 0x30, 0xa1, 0x41, 0x02, 0x38, 0xa1, 0x28, 0x80, 0x28, 0x81, 0x31, 0x02, 0x18, 0x61, 0x28, 0xc2, 0x30, 0xe4, 0xa2, 0xa4, 0xfe, 0xa1, 0x28, 0x84, 0x62, 0x05, 0xd3, 0x66, 0x08, 0x61, 0x08, 0x20, 0x08, 0x40, 0x20, 0xe3, 0x10, 0xa2,
  0x39, 0xc7, 0x42, 0x08, 0x00, 0x20, 0x00, 0x40, 0x39, 0x22, 0x92, 0x02, 0x49, 0xa4, 0x48, 0xe3, 0xfc, 0x62, 0x8a, 0x02, 0x08, 0x21, 0x20, 0x81, 0x28, 0xc2, 0x20, 0x60, 0x20, 0x60, 0x28, 0x80, 0x38, 0xa1, 0x41, 0x02, 0x38, 0xa0, 0x30, 0xa1, 0x30, 0xe2, 0x20, 0x81, 0x20, 0x81, 0x28, 0xc2, 0x20, 0x84, 0xfd, 0xa3, 0xfd, 0x82, 0x30, 0xc5, 0x61, 0xe5, 0xd3, 0x45, 0x08, 0xa2, 0x08, 0x40, 0x08, 0x41, 0x20, 0xe3, 0x10, 0xa2,
  0x39, 0xc7, 0x42, 0x08, 0x00, 0x20, 0x00, 0x61, 0x39, 0x22, 0x9a, 0x22, 0x41, 0x83, 0x41, 0x43, 0x41, 0x03, 0xfd, 0x81, 0x18, 0x02, 0x18, 0xc3, 0x28, 0xc2, 0x20, 0x60, 0x28, 0x60, 0x28, 0x80, 0x38, 0xc1, 0x41, 0x02, 0x30, 0xa0, 0x38, 0xe2, 0x30, 0xa1, 0x20, 0x60, 0x20, 0x81, 0x18, 0x82, 0x38, 0xa5, 0xfe, 0x01, 0x81, 0x83, 0x31, 0x64, 0x72, 0x05, 0xdb, 0x86, 0x08, 0xa3, 0x08, 0x40, 0x08, 0x40, 0x20, 0xe3, 0x10, 0xa2,
  0x39, 0xc7, 0x42, 0x08, 0x00, 0x00, 0x00, 0x41, 0x39, 0x22, 0x9a, 0x42, 0x49, 0xa3, 0x51, 0x83, 0x38, 0xa3, 0xfe, 0x80, 0xd2, 0x61, 0x00, 0x04, 0x18, 0x81, 0x28, 0x81, 0x28, 0x80, 0x30, 0x80, 0x38, 0xc1, 0x41, 0x02, 0x38, 0xe2, 0x30, 0xc1, 0x28, 0x60, 0x28, 0x81, 0x10, 0x81, 0x00, 0x03, 0xcb, 0xe3, 0xfe, 0xe1, 0x18, 0x04, 0x59, 0xc4, 0x72, 0x25, 0xd3, 0x45, 0x00, 0x82, 0x08, 0x40, 0x08, 0x41, 0x21, 0x03, 0x10, 0xa2,
  0x31, 0xc7, 0x42, 0x08, 0x00, 0x00, 0x00, 0x41, 0x39, 0x22, 0x9a, 0x22, 0x49, 0x83, 0x51, 0x83, 0x49, 0x63, 0x50, 0x22, 0xfd, 0xc0, 0xca, 0x62, 0x00, 0x02, 0x20, 0x81, 0x30, 0xa1, 0x30, 0xa0, 0x38, 0xc1, 0x49, 0x22, 0x40, 0xe2, 0x30, 0xa0, 0x30, 0xa1, 0x08, 0x41, 0x00, 0x03, 0xdb, 0x62, 0xec, 0x42, 0x69, 0x43, 0x21, 0x03, 0x59, 0xc4, 0x82, 0x66, 0xd3, 0x24, 0x00, 0x82, 0x08, 0x41, 0x10, 0x61, 0x29, 0x04, 0x10, 0xa2,
  0x31, 0xc7, 0x42, 0x08, 0x00, 0x00, 0x00, 0x40, 0x31, 0x02, 0x92, 0x02, 0x31, 0x42, 0x61, 0xe4, 0x51, 0x62, 0x00, 0x02, 0xb9, 0x82, 0xfe, 0x80, 0xfc, 0x01, 0x08, 0x02, 0x18, 0x02, 0x20, 0xa2, 0x28, 0xe2, 0x31, 0x03, 0x30, 0xe2, 0x20, 0x62, 0x00, 0x02, 0x48, 0x42, 0xfd, 0x80, 0xfd, 0xa1, 0x30, 0x44, 0x31, 0x23, 0x49, 0x43, 0x72, 0x25, 0x72, 0x45, 0xc2, 0xc4, 0x00, 0x21, 0x08, 0x41, 0x10, 0x61, 0x29, 0x24, 0x10, 0xa2,
  0x31, 0xa6, 0x42, 0x08, 0x00, 0x00, 0x00, 0x40, 0x39, 0x62, 0x92, 0x22, 0x31, 0x42, 0x59, 0xc4, 0x49, 0x22, 0x41, 0x02, 0x28, 0x83, 0x69, 0x02, 0x82, 0x02, 0xc3, 0x21, 0xfb, 0xc1, 0x78, 0xe2, 0x58, 0xa2, 0x90, 0xc2, 0x50, 0x82, 0xa1, 0x62, 0xe3, 0x41, 0xe3, 0xe1, 0xfd, 0x41, 0x40, 0x63, 0x21, 0x03, 0x41, 0x22, 0x51, 0x83, 0x6a, 0x25, 0x49, 0x83, 0xa2, 0x22, 0x00, 0x21, 0x08, 0x41, 0x10, 0x61, 0x21, 0x24, 0x10, 0xa2,
  0x31, 0xa6, 0x42, 0x08, 0x00, 0x00, 0x00, 0x20, 0x39, 0x42, 0x9a, 0x01, 0x49, 0x83, 0x59, 0xa3, 0x41, 0x22, 0x51, 0x63, 0x49, 0x63, 0x00, 0x03, 0x10, 0x03, 0xfb, 0xe0, 0xff, 0x00, 0xff, 0x20, 0xfe, 0xa0, 0xfc, 0xe0, 0xfe, 0xe0, 0xff, 0x00, 0xff, 0x00, 0xea, 0x01, 0x00, 0x03, 0x18, 0xc4, 0x28, 0xe2, 0x49, 0x42, 0x72, 0x25, 0x62, 0x05, 0x41, 0x42, 0x89, 0x61, 0x00, 0x20, 0x08, 0x41, 0x10, 0x61, 0x21, 0x24, 0x10, 0xa2,
  0x31, 0xa6, 0x42, 0x08, 0x00, 0x00, 0x00, 0x20, 0x31, 0x22, 0x91, 0xe1, 0x49, 0x83, 0x51, 0x83, 0x51, 0x83, 0x41, 0x64, 0x30, 0x02, 0xf3, 0xa1, 0xfc, 0xa0, 0xfc, 0x80, 0xc2, 0x62, 0x71, 0x02, 0x60, 0xc2, 0xd2, 0x01, 0x50, 0xa2, 0x91, 0xa2, 0xca, 0xa1, 0xfd, 0xe0, 0xfc, 0xc1, 0x99, 0xc2, 0x50, 0xc3, 0x61, 0xe5, 0x59, 0xa4, 0x59, 0xa3, 0x30, 0xe2, 0x81, 0x40, 0x00, 0x20, 0x08, 0x41, 0x10, 0x61, 0x21, 0x04, 0x10, 0xa2,
  0x31, 0xa6, 0x39, 0xe7, 0x00, 0x00, 0x00, 0x20, 0x39, 0x22, 0x92, 0x02, 0x39, 0x63, 0x49, 0x63, 0x31, 0x24, 0x91, 0x42, 0xfd, 0xc0, 0xfd, 0x00, 0x58, 0x62, 0x08, 0x03, 0x00, 0x02, 0x18, 0x41, 0x28, 0xa2, 0x60, 0xc1, 0x20, 0x81, 0x08, 0x21, 0x00, 0x02, 0x30, 0x02, 0x89, 0x62, 0xfe, 0x80, 0xfe, 0x40, 0x81, 0xa5, 0x20, 0xe3, 0x49, 0x63, 0x18, 0xa1, 0x79, 0x61, 0x00, 0x40, 0x08, 0x41, 0x10, 0x61, 0x21, 0x04, 0x10, 0xa2,
  0x31, 0xa6, 0x39, 0xe7, 0x00, 0x00, 0x00, 0x40, 0x31, 0x01, 0x91, 0xe1, 0x59, 0xa3, 0x08, 0x43, 0xa1, 0x23, 0xfd, 0x40, 0xfb, 0xa1, 0x00, 0x03, 0x00, 0x42, 0x28, 0x81, 0x30, 0xa1, 0x30, 0x80, 0x30, 0xa1, 0x40, 0xe1, 0x40, 0xe1, 0x40, 0xe1, 0x50, 0xe1, 0x81, 0x21, 0x18, 0xc3, 0x30, 0x03, 0xfd, 0xe1, 0xfe, 0x80, 0x40, 0xc5, 0x39, 0x43, 0x10, 0x81, 0x81, 0x61, 0x00, 0x20, 0x08, 0x41, 0x10, 0x61, 0x21, 0x04, 0x10, 0xa2,
  0x31, 0x86, 0x39, 0xc7, 0x00, 0x00, 0x00, 0x20, 0x39, 0x01, 0x89, 0xe2, 0x31, 0x23, 0x9a, 0x03, 0xfd, 0x80, 0xdb, 0x01, 0x00, 0x02, 0x41, 0x03, 0x30, 0xe2, 0x28, 0xa1, 0x28, 0x81, 0x30, 0x81, 0x38, 0xc1, 0x38, 0xe1, 0x38, 0xc1, 0x30, 0xa1, 0x20, 0x80, 0x18, 0xa1, 0x41, 0x03, 0x39, 0x03, 0x00, 0x03, 0xfd, 0x41, 0xfd, 0x42, 0x00, 0x02, 0x10, 0x81, 0x79, 0x61, 0x00, 0x40, 0x08, 0x41, 0x10, 0x61, 0x21, 0x03, 0x10, 0xa2,
  0x31, 0x86, 0x39, 0xc7, 0x00, 0x00, 0x00, 0x20, 0x41, 0x21, 0x9a, 0x02, 0x18, 0x23, 0xfe, 0x40, 0xfc, 0x41, 0x00, 0x03, 0x38, 0xe2, 0x18, 0x81, 0x20, 0xa1, 0x30, 0xc2, 0x30, 0xc2, 0x38, 0xe2, 0x30, 0xc1, 0x28, 0xa1, 0x30, 0xa1, 0x30, 0xc1, 0x30, 0xc1, 0x30, 0xe2, 0x20, 0x81, 0x20, 0xa1, 0x31, 0x22, 0x10, 0x04, 0xf4, 0xe0, 0x49, 0x42, 0x10, 0x61, 0x79, 0x61, 0x00, 0x40, 0x08, 0x41, 0x10, 0x61, 0x21, 0x03, 0x10, 0xa2,
  0x31, 0x86, 0x39, 0xc7, 0x00, 0x00, 0x00, 0x20, 0x41, 0x21, 0x79, 0x62, 0xa3, 0x62, 0xfd, 0x80, 0x28, 0x02, 0x31, 0x22, 0x30, 0xc1, 0x18, 0x81, 0x20, 0xa1, 0x28, 0xa1, 0x28, 0x81, 0x20, 0x81, 0x28, 0xa1, 0x28, 0xa1, 0x30, 0xa1, 0x28, 0xa1, 0x20, 0x81, 0x30, 0xe2, 0x18, 0x61, 0x20, 0xa1, 0x38, 0xe2, 0x29, 0x23, 0xe2, 0x62, 0xd2, 0xe1, 0x08, 0x61, 0x89, 0x41, 0x00, 0x40, 0x08, 0x20, 0x10, 0x61, 0x20, 0xe3, 0x10, 0xa2,
  0x29, 0x86, 0x31, 0xa6, 0x00, 0x00, 0x00, 0x20, 0x49, 0x21, 0x68, 0xe2, 0xfd, 0x81, 0xc3, 0x21, 0x20, 0x83, 0x41, 0x22, 0x38, 0xe2, 0x20, 0xa2, 0x28, 0xe2, 0x20, 0xa1, 0x20, 0x81, 0x20, 0x81, 0x28, 0xa1, 0x28, 0xa1, 0x30, 0xa1, 0x28, 0xa1, 0x28, 0xc1, 0x30, 0xe2, 0x20, 0x81, 0x28, 0xc2, 0x41, 0x22, 0x59, 0x83, 0x00, 0x62, 0x99, 0xa0, 0x60, 0xe1, 0x81, 0x41, 0x00, 0x40, 0x00, 0x20, 0x10, 0x61, 0x20, 0xe3, 0x10, 0xa2,
  0x29, 0x66, 0x31, 0xa6, 0x00, 0x00, 0x00, 0x20, 0x41, 0x01, 0x81, 0x82, 0xfd, 0x00, 0x89, 0x82, 0x31, 0x23, 0x41, 0x22, 0x39, 0x02, 0x20, 0xc2, 0x20, 0xa1, 0x20, 0xa2, 0x20, 0xa1, 0x28, 0xa1, 0x28, 0xc1, 0x20, 0xa1, 0x30, 0xc1, 0x28, 0xa1, 0x28, 0xe2, 0x28, 0xc2, 0x20, 0xa1, 0x31, 0x02, 0x51, 0x63, 0x79, 0xe4, 0x00, 0x61, 0xb1, 0x40, 0xa1, 0xc1, 0x81, 0x61, 0x00, 0x40, 0x08, 0x40, 0x10, 0x61, 0x20, 0xe3, 0x10, 0xa2,
  0x29, 0x65, 0x31, 0x86, 0x00, 0x00, 0x00, 0x20, 0x39, 0x01, 0x9a, 0x02, 0xf4, 0x60, 0x50, 0x82, 0x20, 0xe2, 0x41, 0x02, 0x38, 0xe2, 0x18, 0x81, 0x20, 0x81, 0x20, 0x61, 0x20, 0x81, 0x20, 0x81, 0x28, 0xa1, 0x28, 0xa1, 0x30, 0xa1, 0x28, 0xa1, 0x28, 0xc2, 0x18, 0x61, 0x18, 0x81, 0x18, 0x81, 0x49, 0x22, 0x49, 0x43, 0x00, 0x60, 0xa0, 0xe0, 0xa1, 0xa1, 0x91, 0x81, 0x00, 0x20, 0x08, 0x40, 0x08, 0x61, 0x20, 0xe3, 0x10, 0xa2,
  0x29, 0x65, 0x31, 0x86, 0x00, 0x00, 0x00, 0x20, 0x30, 0xc1, 0xaa, 0x41, 0xfc, 0x40, 0x50, 0xa2, 0x31, 0x02, 0x49, 0x42, 0x30, 0xc1, 0x18, 0x61, 0x20, 0x81, 0x20, 0x81, 0x20, 0x81, 0x28, 0xa1, 0x28, 0xa1, 0x28, 0xa1, 0x30, 0xc1, 0x30, 0xc1, 0x28, 0xc2, 0x20, 0x61, 0x20, 0x81, 0x18, 0x81, 0x51, 0x83, 0x20, 0xa1, 0x38, 0x80, 0x40, 0x20, 0xba, 0x21, 0x99, 0xa1, 0x00, 0x20, 0x08, 0x41, 0x10, 0x61, 0x18, 0xe3, 0x10, 0xa2,
  0x29, 0x45, 0x31, 0x66, 0x00, 0x00, 0x00, 0x20, 0x38, 0xe1, 0xa1, 0xe1, 0xf4, 0x20, 0x40, 0x62, 0x51, 0x63, 0x49, 0x22, 0x20, 0xa1, 0x18, 0x61, 0x18, 0x81, 0x20, 0x81, 0x20, 0x81, 0x28, 0xa1, 0x28, 0xa1, 0x28, 0xa1, 0x30, 0xa1, 0x30, 0xe2, 0x20, 0xa1, 0x20, 0x61, 0x18, 0x61, 0x28, 0xa2, 0x49, 0x63, 0x18, 0x40, 0x48, 0xa0, 0x18, 0x01, 0xca, 0xa1, 0x99, 0xa1, 0x00, 0x20, 0x00, 0x41, 0x08, 0x61, 0x18, 0xc3, 0x10, 0xa2,
  0x29, 0x45, 0x29, 0x65, 0x00, 0x00, 0x00, 0x20, 0x31, 0x01, 0x91, 0x81, 0xdb, 0xc0, 0x30, 0x82, 0x59, 0x83, 0x30, 0xe1, 0x28, 0xa1, 0x18, 0x61, 0x18, 0x81, 0x18, 0x61, 0x20, 0x81, 0x28, 0x81, 0x28, 0xa1, 0x28, 0xa1, 0x30, 0xa1, 0x30, 0xc2, 0x20, 0x81, 0x18, 0x61, 0x18, 0x61, 0x31, 0x03, 0x30, 0xe2, 0x20, 0x80, 0x30, 0x80, 0x18, 0x21, 0xc2, 0x80, 0x79, 0x01, 0x00, 0x40, 0x00, 0x20, 0x08, 0x41, 0x18, 0xc3, 0x10, 0xa2,
  0x21, 0x24, 0x29, 0x45, 0x00, 0x00, 0x00, 0x00, 0x39, 0x01, 0x79, 0x01, 0xc3, 0xc1, 0xb2, 0x61, 0x41, 0x03, 0x30, 0xe1, 0x28, 0xa1, 0x18, 0x61, 0x18, 0x81, 0x20, 0x81, 0x20, 0x81, 0x28, 0xa1, 0x28, 0xa1, 0x28, 0xa1, 0x30, 0xc1, 0x28, 0xc1, 0x20, 0x81, 0x18, 0x61, 0x20, 0xa2, 0x31, 0x03, 0x20, 0xa1, 0x38, 0xa1, 0x00, 0x41, 0x71, 0x41, 0xb2, 0x60, 0x60, 0xc1, 0x00, 0x40, 0x00, 0x20, 0x08, 0x40, 0x18, 0xc3, 0x10, 0xa2,
  0x21, 0x24, 0x29, 0x45, 0x00, 0x00, 0x00, 0x00, 0x41, 0x01, 0x79, 0x61, 0x49, 0x41, 0xc3, 0x21, 0x18, 0x22, 0x59, 0x22, 0x18, 0x81, 0x18, 0x61, 0x18, 0x61, 0x18, 0x81, 0x20, 0x61, 0x28, 0x81, 0x28, 0xa1, 0x20, 0xa1, 0x30, 0xe1, 0x28, 0xa1, 0x20, 0x81, 0x20, 0x81, 0x28, 0xe2, 0x20, 0xa1, 0x28, 0xa1, 0x40, 0xa1, 0x00, 0x21, 0xe2, 0x40, 0x61, 0x00, 0x69, 0x21, 0x00, 0x40, 0x00, 0x20, 0x08, 0x41, 0x18, 0xc3, 0x10, 0x82,
  0x21, 0x04, 0x21, 0x24, 0x00, 0x00, 0x00, 0x00, 0x39, 0x01, 0x71, 0x61, 0x08, 0x21, 0xd3, 0xa1, 0x79, 0xe2, 0x38, 0xe2, 0x18, 0x81, 0x18, 0x61, 0x18, 0x81, 0x18, 0x61, 0x20, 0x81, 0x20, 0x81, 0x28, 0xa1, 0x28, 0xa1, 0x30, 0xc2, 0x28, 0xa1, 0x20, 0x81, 0x28, 0xa1, 0x20, 0xa1, 0x18, 0x81, 0x38, 0xc1, 0x08, 0x61, 0x69, 0x41, 0xd2, 0x40, 0x00, 0x41, 0x81, 0x41, 0x00, 0x20, 0x00, 0x20, 0x08, 0x41, 0x18, 0xc2, 0x10, 0x82,
  0x21, 0x04, 0x21, 0x24, 0x00, 0x00, 0x00, 0x00, 0x30, 0xe1, 0x61, 0x41, 0x38, 0xc1, 0x51, 0x01, 0xa2, 0xa1, 0x38, 0x82, 0x38, 0xc2, 0x10, 0x61, 0x18, 0x61, 0x18, 0x81, 0x18, 0x61, 0x20, 0x81, 0x28, 0xa1, 0x20, 0x81, 0x30, 0xc1, 0x20, 0x81, 0x20, 0xa1, 0x28, 0xc2, 0x10, 0x61, 0x30, 0xc1, 0x38, 0xc1, 0x00, 0x21, 0xaa, 0x40, 0x30, 0x40, 0x00, 0x40, 0x61, 0x41, 0x00, 0x40, 0x00, 0x20, 0x08, 0x40, 0x18, 0xa2, 0x10, 0x82,
  0x18, 0xe3, 0x21, 0x04, 0x00, 0x00, 0x00, 0x00, 0x30, 0xc1, 0x59, 0x21, 0x30, 0xc1, 0x10, 0x81, 0x59, 0x21, 0x9a, 0xc1, 0x48, 0x61, 0x08, 0x41, 0x08, 0x61, 0x18, 0x61, 0x18, 0x61, 0x20, 0x61, 0x20, 0x81, 0x20, 0x81, 0x28, 0x81, 0x20, 0x81, 0x28, 0xa1, 0x10, 0x61, 0x18, 0xa1, 0x58, 0xe1, 0x00, 0x41, 0xaa, 0x40, 0x81, 0x40, 0x00, 0x21, 0x08, 0x40, 0x59, 0x21, 0x00, 0x20, 0x00, 0x00, 0x08, 0x40, 0x18, 0xa2, 0x10, 0x82,
  0x18, 0xe3, 0x18, 0xe3, 0x00, 0x00, 0x00, 0x00, 0x28, 0xc1, 0x51, 0x21, 0x30, 0xc1, 0x20, 0x81, 0x18, 0x61, 0x59, 0x41, 0x92, 0x60, 0x81, 0x61, 0x18, 0x21, 0x00, 0x21, 0x18, 0x61, 0x18, 0x60, 0x20, 0x60, 0x20, 0x81, 0x20, 0x80, 0x28, 0xa1, 0x10, 0x61, 0x00, 0x61, 0x58, 0xa1, 0x38, 0xc1, 0x8a, 0x20, 0x89, 0x80, 0x00, 0x01, 0x08, 0x40, 0x10, 0x40, 0x51, 0x00, 0x00, 0x20, 0x00, 0x20, 0x08, 0x40, 0x10, 0xa2, 0x08, 0x82,
  0x18, 0xc3, 0x18, 0xe3, 0x00, 0x00, 0x00, 0x00, 0x20, 0xa1, 0x51, 0x21, 0x20, 0xa1, 0x18, 0x60, 0x20, 0x81, 0x08, 0x61, 0x30, 0x61, 0x8a, 0x00, 0xa2, 0x00, 0x69, 0x61, 0x08, 0x21, 0x00, 0x21, 0x18, 0x61, 0x18, 0x60, 0x40, 0x81, 0x08, 0x41, 0x18, 0x61, 0x81, 0x21, 0x69, 0x81, 0x92, 0x00, 0x48, 0xc0, 0x00, 0x01, 0x10, 0x40, 0x08, 0x20, 0x00, 0x20, 0x48, 0xe0, 0x00, 0x20, 0x00, 0x20, 0x08, 0x20, 0x10, 0xa2, 0x08, 0x61,
  0x10, 0xc3, 0x10, 0xc3, 0x00, 0x00, 0x00, 0x00, 0x20, 0xa0, 0x40, 0xe0, 0x28, 0xa1, 0x20, 0x81, 0x20, 0x81, 0x28, 0xa1, 0x10, 0x40, 0x20, 0x01, 0x69, 0x00, 0x89, 0xe0, 0x79, 0xc0, 0x89, 0xc0, 0x48, 0xe0, 0x71, 0xc0, 0x81, 0xc0, 0x71, 0xa0, 0x71, 0xa0, 0x9a, 0x00, 0x91, 0x60, 0x20, 0x61, 0x00, 0x41, 0x18, 0x81, 0x10, 0x60, 0x10, 0x61, 0x10, 0x60, 0x40, 0xe0, 0x00, 0x20, 0x00, 0x00, 0x08, 0x20, 0x10, 0x82, 0x08, 0x61,
  0x10, 0xa2, 0x10, 0xa2, 0x00, 0x00, 0x00, 0x00, 0x18, 0x80, 0x38, 0xc0, 0x10, 0x60, 0x18, 0x60, 0x18, 0x60, 0x20, 0x60, 0x10, 0x20, 0x08, 0x20, 0x10, 0x40, 0x00, 0x00, 0x28, 0x80, 0x38, 0xa0, 0x81, 0xe1, 0x7a, 0x41, 0x8a, 0x21, 0x40, 0xc0, 0x28, 0x80, 0x00, 0x00, 0x00, 0x21, 0x08, 0x61, 0x08, 0x20, 0x10, 0x40, 0x08, 0x20, 0x08, 0x20, 0x00, 0x20, 0x38, 0xc0, 0x00, 0x20, 0x00, 0x00, 0x08, 0x20, 0x10, 0x81, 0x08, 0x61,
  0x10, 0x82, 0x10, 0x82, 0x00, 0x00, 0x00, 0x00, 0x20, 0x80, 0x38, 0xe1, 0x10, 0x40, 0x10, 0x60, 0x18, 0x60, 0x10, 0x60, 0x08, 0x40, 0x00, 0x20, 0x00, 0x20, 0x08, 0x40, 0x00, 0x00, 0x08, 0x81, 0x71, 0xe1, 0x00, 0x20, 0x6a, 0x02, 0x00, 0x61, 0x00, 0x20, 0x10, 0x61, 0x08, 0x40, 0x08, 0x61, 0x08, 0x40, 0x08, 0x20, 0x08, 0x40, 0x08, 0x20, 0x00, 0x20, 0x38, 0xc1, 0x00, 0x20, 0x00, 0x00, 0x08, 0x20, 0x10, 0x61, 0x08, 0x61,
  0x08, 0x82, 0x08, 0x81, 0x00, 0x00, 0x00, 0x00, 0x08, 0x20, 0x18, 0xa1, 0x20, 0xc2, 0x20, 0xe2, 0x28, 0xe2, 0x28, 0xe2, 0x18, 0xa2, 0x18, 0xa2, 0x18, 0xa2, 0x18, 0xa2, 0x10, 0x82, 0x18, 0xa1, 0x49, 0x61, 0x18, 0x80, 0x41, 0x62, 0x20, 0xe2, 0x20, 0xc2, 0x20, 0xe2, 0x20, 0xe3, 0x20, 0xe3, 0x20, 0xe2, 0x20, 0xc2, 0x20, 0xc2, 0x18, 0xa2, 0x18, 0xa2, 0x18, 0xa2, 0x00, 0x00, 0x00, 0x00, 0x00, 0x00, 0x08, 0x61, 0x08, 0x41,
  0x08, 0x61, 0x08, 0x61, 0x00, 0x00, 0x08, 0x00, 0x08, 0x20, 0x18, 0xa1, 0x28, 0xe2, 0x28, 0xe2, 0x28, 0xe2, 0x28, 0xe2, 0x20, 0xa1, 0x18, 0xa2, 0x20, 0xa2, 0x20, 0xa2, 0x18, 0x81, 0x10, 0x61, 0x18, 0x81, 0x30, 0xc1, 0x18, 0x81, 0x20, 0xa1, 0x28, 0xe2, 0x28, 0xe2, 0x28, 0xe2, 0x29, 0x03, 0x28, 0xe2, 0x28, 0xe2, 0x20, 0xc2, 0x20, 0xc2, 0x20, 0xe2, 0x20, 0xc2, 0x08, 0x40, 0x08, 0x40, 0x08, 0x40, 0x10, 0x61, 0x08, 0x41,
  0x08, 0x61, 0x08, 0x61, 0x00, 0x00, 0x00, 0x00, 0x10, 0x40, 0x6a, 0x63, 0x6a, 0xc4, 0x39, 0x01, 0x00, 0x20, 0x08, 0x20, 0x00, 0x00, 0x00, 0x00, 0x08, 0x40, 0x10, 0x40, 0x00, 0x00, 0x00, 0x00, 0x00, 0x00, 0x00, 0x00, 0x00, 0x00, 0x00, 0x00, 0x00, 0x00, 0x00, 0x00, 0x00, 0x20, 0x00, 0x20, 0x00, 0x20, 0x08, 0x40, 0x08, 0x40, 0x00, 0x00, 0x39, 0x02, 0x41, 0x42, 0x18, 0xa1, 0x08, 0x40, 0x08, 0x41, 0x08, 0x41, 0x08, 0x41,
  0x08, 0x41, 0x08, 0x41, 0x00, 0x00, 0x00, 0x00, 0x10, 0x60, 0x6a, 0x62, 0x52, 0x03, 0x00, 0x00, 0x00, 0x00, 0x00, 0x00, 0x00, 0x00, 0x00, 0x00, 0x00, 0x00, 0x00, 0x00, 0x00, 0x00, 0x00, 0x00, 0x00, 0x00, 0x00, 0x00, 0x00, 0x00, 0x00, 0x00, 0x00, 0x00, 0x00, 0x00, 0x00, 0x00, 0x00, 0x00, 0x00, 0x00, 0x08, 0x00, 0x08, 0x20, 0x00, 0x00, 0x00, 0x20, 0x30, 0xc1, 0x08, 0x40, 0x00, 0x00, 0x08, 0x20, 0x08, 0x20, 0x00, 0x40,
  0x08, 0x41, 0x00, 0x41, 0x00, 0x00, 0x00, 0x00, 0x00, 0x20, 0x10, 0x60, 0x00, 0x00, 0x00, 0x00, 0x00, 0x00, 0x00, 0x00, 0x00, 0x00, 0x00, 0x00, 0x00, 0x00, 0x00, 0x00, 0x00, 0x00, 0x00, 0x00, 0x00, 0x00, 0x00, 0x00, 0x00, 0x00, 0x00, 0x00, 0x00, 0x00, 0x00, 0x00, 0x00, 0x00, 0x00, 0x00, 0x00, 0x00, 0x08, 0x20, 0x00, 0x00, 0x00, 0x00, 0x00, 0x00, 0x00, 0x00, 0x00, 0x00, 0x00, 0x00, 0x08, 0x20, 0x08, 0x20, 0x00, 0x20,
  0x00, 0x20, 0x00, 0x20, 0x00, 0x00, 0x00, 0x00, 0x00, 0x00, 0x00, 0x00, 0x00, 0x00, 0x00, 0x00, 0x00, 0x00, 0x00, 0x00, 0x00, 0x00, 0x00, 0x00, 0x00, 0x00, 0x00, 0x00, 0x00, 0x00, 0x00, 0x00, 0x00, 0x00, 0x00, 0x00, 0x00, 0x00, 0x00, 0x00, 0x00, 0x00, 0x00, 0x00, 0x00, 0x00, 0x00, 0x00, 0x00, 0x00, 0x00, 0x00, 0x00, 0x00, 0x00, 0x00, 0x00, 0x00, 0x00, 0x00, 0x00, 0x00, 0x00, 0x00, 0x00, 0x20, 0x00, 0x20, 0x00, 0x20,
  0x00, 0x20, 0x00, 0x20, 0x00, 0x00, 0x00, 0x00, 0x00, 0x00, 0x00, 0x00, 0x00, 0x00, 0x00, 0x00, 0x00, 0x00, 0x00, 0x00, 0x00, 0x00, 0x00, 0x00, 0x00, 0x00, 0x00, 0x00, 0x00, 0x00, 0x00, 0x00, 0x00, 0x00, 0x00, 0x00, 0x00, 0x00, 0x00, 0x00, 0x00, 0x00, 0x00, 0x00, 0x00, 0x00, 0x00, 0x00, 0x00, 0x00, 0x00, 0x00, 0x00, 0x00, 0x00, 0x00, 0x00, 0x00, 0x00, 0x00, 0x00, 0x00, 0x00, 0x00, 0x00, 0x20, 0x00, 0x20, 0x00, 0x20,
  0x00, 0x20, 0x00, 0x20, 0x00, 0x00, 0x00, 0x00, 0x00, 0x00, 0x00, 0x00, 0x00, 0x00, 0x00, 0x00, 0x00, 0x00, 0x00, 0x00, 0x00, 0x00, 0x00, 0x00, 0x00, 0x00, 0x00, 0x00, 0x00, 0x00, 0x00, 0x00, 0x00, 0x00, 0x00, 0x00, 0x00, 0x00, 0x00, 0x00, 0x00, 0x00, 0x00, 0x00, 0x00, 0x00, 0x00, 0x00, 0x00, 0x00, 0x00, 0x00, 0x00, 0x00, 0x00, 0x00, 0x00, 0x00, 0x00, 0x00, 0x00, 0x00, 0x00, 0x00, 0x00, 0x00, 0x00, 0x00, 0x00, 0x20,
  0x00, 0x00, 0x00, 0x00, 0x00, 0x00, 0x00, 0x00, 0x00, 0x00, 0x00, 0x00, 0x00, 0x00, 0x00, 0x00, 0x00, 0x00, 0x00, 0x00, 0x00, 0x00, 0x00, 0x00, 0x00, 0x00, 0x00, 0x00, 0x00, 0x00, 0x00, 0x00, 0x00, 0x00, 0x00, 0x00, 0x00, 0x00, 0x00, 0x00, 0x00, 0x00, 0x00, 0x00, 0x00, 0x00, 0x00, 0x00, 0x00, 0x00, 0x00, 0x00, 0x00, 0x00, 0x00, 0x00, 0x00, 0x00, 0x00, 0x00, 0x00, 0x00, 0x00, 0x00, 0x00, 0x00, 0x00, 0x00, 0x00, 0x00,
  0x00, 0x00, 0x00, 0x00, 0x00, 0x00, 0x00, 0x00, 0x00, 0x00, 0x00, 0x00, 0x00, 0x00, 0x00, 0x00, 0x00, 0x00, 0x00, 0x00, 0x00, 0x00, 0x00, 0x00, 0x00, 0x00, 0x00, 0x00, 0x00, 0x00, 0x00, 0x00, 0x00, 0x00, 0x00, 0x00, 0x00, 0x00, 0x00, 0x00, 0x00, 0x00, 0x00, 0x00, 0x00, 0x00, 0x00, 0x00, 0x00, 0x00, 0x00, 0x00, 0x00, 0x00, 0x00, 0x00, 0x00, 0x00, 0x00, 0x00, 0x00, 0x00, 0x00, 0x00, 0x00, 0x00, 0x00, 0x00, 0x00, 0x00
};

static const uint8_t vfd_35x67_9[4690] = {
  0x00, 0x00, 0x00, 0x00, 0x00, 0x00, 0x00, 0x00, 0x00, 0x00, 0x00, 0x00, 0x00, 0x00, 0x00, 0x00, 0x00, 0x00, 0x00, 0x00, 0x00, 0x00, 0x00, 0x00, 0x00, 0x00, 0x00, 0x00, 0x00, 0x00, 0x00, 0x00, 0x18, 0xc2, 0x41, 0xa5, 0x00, 0x21, 0x00, 0x00, 0x00, 0x00, 0x00, 0x00, 0x00, 0x00, 0x00, 0x00, 0x00, 0x00, 0x00, 0x00, 0x00, 0x00, 0x00, 0x00, 0x00, 0x00, 0x00, 0x00, 0x00, 0x00, 0x00, 0x00, 0x00, 0x00, 0x00, 0x00, 0x00, 0x00,
  0x00, 0x00, 0x00, 0x00, 0x00, 0x00, 0x00, 0x00, 0x00, 0x00, 0x00, 0x00, 0x00, 0x00, 0x00, 0x00, 0x00, 0x00, 0x00, 0x00, 0x00, 0x00, 0x00, 0x00, 0x00, 0x00, 0x00, 0x00, 0x00, 0x00, 0x00, 0x00, 0x29, 0x04, 0x39, 0xc6, 0x10, 0xa3, 0x00, 0x00, 0x00, 0x00, 0x00, 0x00, 0x00, 0x00, 0x00, 0x00, 0x00, 0x00, 0x00, 0x00, 0x00, 0x00, 0x00, 0x00, 0x00, 0x00, 0x00, 0x00, 0x00, 0x00, 0x00, 0x00, 0x00, 0x00, 0x00, 0x00, 0x00, 0x00,
  0x00, 0x00, 0x00, 0x00, 0x00, 0x00, 0x00, 0x00, 0x00, 0x00, 0x00, 0x00, 0x00, 0x00, 0x00, 0x00, 0x00, 0x00, 0x00, 0x00, 0x00, 0x00, 0x00, 0x00, 0x00, 0x00, 0x00, 0x00, 0x00, 0x00, 0x00, 0x00, 0x20, 0xc3, 0x41, 0xc6, 0x08, 0x82, 0x00, 0x00, 0x00, 0x00, 0x00, 0x00, 0x00, 0x00, 0x00, 0x00, 0x00, 0x00, 0x00, 0x00, 0x00, 0x00, 0x00, 0x00, 0x00, 0x00, 0x00, 0x00, 0x00, 0x00, 0x00, 0x00, 0x00, 0x00, 0x00, 0x00, 0x00, 0x00,
  0x00, 0x00, 0x00, 0x00, 0x00, 0x00, 0x00, 0x00, 0x00, 0x00, 0x00, 0x00, 0x00, 0x00, 0x00, 0x00, 0x00, 0x00, 0x00, 0x00, 0x00, 0x00, 0x00, 0x00, 0x00, 0x00, 0x00, 0x00, 0x00, 0x00, 0x00, 0x00, 0x31, 0x02, 0x49, 0x63, 0x08, 0x81, 0x00, 0x00, 0x00, 0x00, 0x00, 0x00, 0x00, 0x00, 0x00, 0x00, 0x00, 0x00, 0x00, 0x00, 0x00, 0x00, 0x00, 0x00, 0x00, 0x00, 0x00, 0x00, 0x00, 0x00, 0x00, 0x00, 0x00, 0x00, 0x00, 0x00, 0x00, 0x00,
  0x00, 0x00, 0x00, 0x00, 0x00, 0x00, 0x00, 0x00, 0x00, 0x00, 0x00, 0x00, 0x00, 0x00, 0x00, 0x00, 0x00, 0x00, 0x00, 0x00, 0x00, 0x00, 0x00, 0x00, 0x00, 0x00, 0x00, 0x00, 0x00, 0x00, 0x73, 0x6c, 0x93, 0x08, 0x49, 0xa4, 0x8b, 0x29, 0x21, 0x44, 0x00, 0x00, 0x00, 0x00, 0x00, 0x00, 0x00, 0x00, 0x00, 0x00, 0x00, 0x00, 0x00, 0x00, 0x00, 0x00, 0x00, 0x00, 0x00, 0x00, 0x00, 0x00, 0x00, 0x00, 0x00, 0x00, 0x00, 0x00, 0x00, 0x00,
  0x00, 0x00, 0x00, 0x00, 0x00, 0x00, 0x00, 0x00, 0x00, 0x00, 0x00, 0x00, 0x00, 0x00, 0x00, 0x00, 0x00, 0x00, 0x00, 0x00, 0x00, 0x00, 0x00, 0x00, 0x00, 0x00, 0x00, 0x00, 0x39, 0xc7, 0x49, 0xc6, 0x49, 0x84, 0x72, 0xa7, 0x31, 0x43, 0x29, 0x03, 0x08, 0x41, 0x00, 0x00, 0x00, 0x00, 0x00, 0x00, 0x00, 0x00, 0x00, 0x00, 0x00, 0x00, 0x00, 0x00, 0x00, 0x00, 0x00, 0x00, 0x00, 0x00, 0x00, 0x00, 0x00, 0x00, 0x00, 0x00, 0x00, 0x00,
  0x00, 0x00, 0x00, 0x00, 0x00, 0x00, 0x00, 0x00, 0x00, 0x00, 0x00, 0x00, 0x00, 0x00, 0x00, 0x00, 0x00, 0x00, 0x00, 0x00, 0x00, 0x00, 0x00, 0x00, 0x00, 0x00, 0x00, 0x00, 0x08, 0x20, 0x00, 0x00, 0x18, 0x61, 0x31, 0x23, 0x08, 0x41, 0x00, 0x00, 0x00, 0x00, 0x08, 0x40, 0x08, 0x41, 0x00, 0x00, 0x00, 0x00, 0x00, 0x00, 0x00, 0x00, 0x00, 0x00, 0x00, 0x00, 0x00, 0x00, 0x00, 0x00, 0x00, 0x00, 0x00, 0x00, 0x00, 0x00, 0x00, 0x00,
  0x00, 0x00, 0x00, 0x00, 0x00, 0x00, 0x00, 0x00, 0x00, 0x00, 0x00, 0x00, 0x00, 0x00, 0x00, 0x00, 0x00, 0x00, 0x00, 0x00, 0x08, 0x20, 0x08, 0x20, 0x00, 0x00, 0x08, 0x00, 0x00, 0x00, 0x00, 0x00, 0x20, 0xe2, 0x52, 0x48, 0x00, 0x41, 0x00, 0x00, 0x00, 0x00, 0x08, 0x00, 0x00, 0x00, 0x00, 0x00, 0x00, 0x00, 0x00, 0x00, 0x00, 0x00, 0x00, 0x00, 0x00, 0x00, 0x00, 0x00, 0x00, 0x00, 0x00, 0x00, 0x00, 0x00, 0x00, 0x00, 0x00, 0x00,
  0x00, 0x00, 0x00, 0x00, 0x00, 0x00, 0x00, 0x00, 0x00, 0x00, 0x00, 0x00, 0x00, 0x00, 0x00, 0x00, 0x00, 0x00, 0x00, 0x00, 0x00, 0x20, 0x00, 0x20, 0x08, 0x41, 0x18, 0x81, 0x18, 0xa1, 0x08, 0x40, 0x21, 0x02, 0x41, 0x85, 0x08, 0x41, 0x00, 0x20, 0x08, 0x20, 0x00, 0x00, 0x00, 0x00, 0x00, 0x20, 0x08, 0x20, 0x08, 0x20, 0x08, 0x00, 0x00, 0x00, 0x00, 0x00, 0x00, 0x00, 0x00, 0x00, 0x00, 0x00, 0x00, 0x00, 0x00, 0x00, 0x00, 0x00,
  0x00, 0x00, 0x00, 0x00, 0x00, 0x00, 0x18, 0xc3, 0x00, 0x00, 0x29, 0x86, 0x5b, 0x0c, 0x73, 0x6c, 0x6a, 0xe9, 0x6a, 0x87, 0x62, 0x66, 0x62, 0x25, 0x6a, 0x25, 0x51, 0xa4, 0x41, 0x84, 0x51, 0xa4, 0x59, 0xe4, 0x49, 0xa4, 0x49, 0x84, 0x49, 0xa4, 0x41, 0x84, 0x49, 0xc5, 0x49, 0xc5, 0x29, 0x02, 0x18, 0x81, 0x10, 0x61, 0x08, 0x61, 0x10, 0x61, 0x10, 0x61, 0x00, 0x20, 0x00, 0x00, 0x5a, 0xeb, 0x21, 0x04, 0x00, 0x00, 0x00, 0x00,
  0x00, 0x00, 0x00, 0x00, 0x10, 0xa2, 0x84, 0x10, 0x73, 0x8e, 0x5a, 0x8b, 0x62, 0xa9, 0x51, 0xe4, 0x51, 0x83, 0x59, 0xe3, 0x72, 0x64, 0x6a, 0x23, 0x51, 0xa3, 0x49, 0x62, 0x39, 0x22, 0x49, 0x63, 0x61, 0xc4, 0x39, 0x43, 0x49, 0x83, 0x51, 0xc4, 0x5a, 0x05, 0x62, 0x05, 0x62, 0x25, 0x6a, 0x25, 0x62, 0x05, 0x6a, 0x45, 0x72, 0x65, 0x31, 0x43, 0x20, 0xe2, 0x28, 0xe3, 0x21, 0x24, 0x29, 0x65, 0x31, 0xa6, 0x10, 0xa2, 0x00, 0x00,
  0x00, 0x00, 0x21, 0x04, 0x8c, 0x51, 0x63, 0x4d, 0x00, 0x00, 0x28, 0x60, 0x41, 0x20, 0x41, 0x41, 0x59, 0xc2, 0x61, 0xc2, 0x49, 0x41, 0x31, 0x01, 0x31, 0x02, 0x41, 0x22, 0x28, 0xe1, 0x10, 0x61, 0x08, 0x61, 0x18, 0xa1, 0x39, 0x22, 0x49, 0x83, 0x51, 0xc4, 0x51, 0xc4, 0x59, 0xc4, 0x59, 0xe4, 0x59, 0xe4, 0x6a, 0x25, 0x7a, 0x65, 0x6a, 0x25, 0x31, 0x23, 0x18, 0xa1, 0x18, 0xc2, 0x21, 0x03, 0x21, 0x04, 0x10, 0x82, 0x00, 0x20,
  0x00, 0x00, 0xad, 0x95, 0x5a, 0xec, 0x08, 0x00, 0x10, 0x41, 0x00, 0x00, 0x10, 0x00, 0x8b, 0x25, 0x61, 0xc2, 0x39, 0x01, 0x41, 0x42, 0x49, 0x82, 0x30, 0xe1, 0x10, 0x81, 0x10, 0x40, 0x10, 0x60, 0x10, 0x60, 0x10, 0x40, 0x18, 0x81, 0x20, 0xc1, 0x41, 0x63, 0x51, 0xa3, 0x59, 0xc3, 0x59, 0xc3, 0x51, 0xc4, 0x51, 0xc4, 0x51, 0xc4, 0x39, 0x83, 0x39, 0x64, 0x08, 0x61, 0x18, 0xa2, 0x29, 0x03, 0x31, 0x86, 0x19, 0x04, 0x10, 0x40,
  0x21, 0x24, 0x7b, 0xcf, 0x20, 0xc2, 0x18, 0xa2, 0x83, 0x07, 0xfe, 0x2d, 0xff, 0xf1, 0x8a, 0x85, 0x72, 0x66, 0x72, 0x86, 0x8a, 0xc7, 0x82, 0xa6, 0x49, 0x84, 0x49, 0xa4, 0x39, 0x64, 0x31, 0x44, 0x18, 0xc3, 0x29, 0x24, 0x29, 0x24, 0x41, 0x84, 0x41, 0xa5, 0x5a, 0x05, 0x7a, 0xa7, 0x82, 0xc7, 0x93, 0x28, 0xab, 0x69, 0xab, 0xca, 0x72, 0x45, 0xfd, 0xac, 0xed, 0x2c, 0x5a, 0x26, 0x31, 0x23, 0x39, 0x65, 0x31, 0xa6, 0x08, 0x20,
  0x4a, 0x69, 0x5a, 0xec, 0x00, 0x00, 0x00, 0x00, 0x7a, 0xc7, 0xff, 0xf4, 0xe4, 0x87, 0x28, 0xa2, 0x7b, 0x08, 0x72, 0xa7, 0x5a, 0x26, 0x31, 0x85, 0x39, 0xa5, 0x41, 0xa5, 0x41, 0xa5, 0x29, 0x85, 0xf4, 0x66, 0xec, 0x26, 0x7a, 0xe6, 0x39, 0xc6, 0x52, 0x26, 0x41, 0xe6, 0x73, 0x08, 0x8b, 0x6a, 0x9b, 0xcb, 0xb4, 0x4c, 0xc5, 0x0e, 0x82, 0xc7, 0x9a, 0xa4, 0xfe, 0x4d, 0x21, 0x24, 0x00, 0x00, 0x08, 0x41, 0x31, 0x86, 0x08, 0x40,
  0x52, 0xaa, 0x4a, 0x49, 0x00, 0x00, 0x00, 0x20, 0x49, 0x62, 0x79, 0x61, 0x00, 0x00, 0x20, 0xa1, 0x18, 0x81, 0x00, 0x00, 0x18, 0xa1, 0x00, 0x20, 0x08, 0x40, 0x10, 0x61, 0x00, 0x00, 0x72, 0x63, 0x8a, 0x62, 0x00, 0x00, 0xec, 0x44, 0x00, 0x00, 0x08, 0x61, 0x18, 0x81, 0x00, 0x00, 0x30, 0xe2, 0x18, 0x61, 0x08, 0x00, 0x31, 0x22, 0x10, 0x61, 0x08, 0x01, 0x8a, 0xa5, 0x00, 0x61, 0x08, 0x41, 0x10, 0x61, 0x29, 0x66, 0x08, 0x61,
  0x5a, 0xcb, 0x42, 0x28, 0x00, 0x00, 0x00, 0x41, 0x51, 0x82, 0x59, 0x41, 0x08, 0x61, 0x18, 0x81, 0x18, 0x81, 0x18, 0x81, 0x10, 0x41, 0x08, 0x61, 0x00, 0x40, 0x00, 0x21, 0x00, 0x41, 0x18, 0xc2, 0x51, 0x42, 0x61, 0xa2, 0x91, 0xc2, 0x00, 0x21, 0x00, 0x41, 0x00, 0x41, 0x10, 0xa2, 0x20, 0xc2, 0x20, 0xc2, 0x29, 0x02, 0x20, 0xe2, 0x39, 0x63, 0x39, 0x63, 0x9a, 0xa6, 0x00, 0x82, 0x08, 0x41, 0x10, 0x61, 0x29, 0x86, 0x08, 0x61,
  0x5a, 0xcb, 0x42, 0x28, 0x00, 0x20, 0x00, 0x41, 0x49, 0x62, 0x69, 0x82, 0x20, 0xc2, 0x39, 0x23, 0x39, 0x23, 0x31, 0x02, 0x39, 0x23, 0x11, 0x04, 0x28, 0x84, 0x72, 0x63, 0x19, 0x03, 0x69, 0xa2, 0x89, 0xa1, 0x61, 0xc2, 0x9a, 0x01, 0x31, 0x43, 0x39, 0x83, 0x59, 0x83, 0x00, 0x24, 0x41, 0xa5, 0x59, 0xc4, 0x62, 0x26, 0x7a, 0x87, 0x7a, 0x87, 0x62, 0x25, 0xa2, 0xa6, 0x00, 0x82, 0x08, 0x41, 0x08, 0x61, 0x29, 0x86, 0x08, 0x61,
  0x5a, 0xcb, 0x42, 0x28, 0x00, 0x20, 0x00, 0x41, 0x51, 0x82, 0x71, 0xa2, 0x00, 0x61, 0x28, 0xc2, 0x28, 0xc1, 0x10, 0x81, 0x10, 0x83, 0x61, 0x22, 0xe3, 0xc2, 0xfb, 0xa1, 0xfb, 0x81, 0xd3, 0x21, 0x59, 0xc2, 0x91, 0x21, 0xa3, 0x01, 0xdb, 0x21, 0xfb, 0xa1, 0xfb, 0xc1, 0xe4, 0x62, 0x30, 0x63, 0x00, 0x43, 0x39, 0x22, 0x41, 0x43, 0x49, 0xa4, 0x72, 0x46, 0xa2, 0xc5, 0x00, 0x82, 0x08, 0x41, 0x08, 0x61, 0x29, 0x65, 0x10, 0x61,
  0x5a, 0xcb, 0x42, 0x28, 0x00, 0x00, 0x00, 0x41, 0x49, 0xa3, 0x91, 0xe2, 0x08, 0x61, 0x18, 0x81, 0x10, 0x81, 0x00, 0x02, 0xd4, 0x02, 0xe3, 0xe2, 0xe2, 0xc1, 0xb1, 0x41, 0x00, 0x02, 0x00, 0x23, 0x28, 0x81, 0x68, 0xa1, 0x00, 0x01, 0x00, 0x02, 0x20, 0x42, 0xd1, 0xa1, 0xd3, 0x22, 0xfd, 0x62, 0xa2, 0x62, 0x00, 0x04, 0x29, 0x02, 0x6a, 0x26, 0x59, 0xc4, 0xaa, 0xa5, 0x00, 0x82, 0x08, 0x41, 0x08, 0x61, 0x29, 0x66, 0x10, 0x81,
  0x5a, 0xcb, 0x42, 0x28, 0x00, 0x00, 0x00, 0x41, 0x49, 0xa3, 0x92, 0x02, 0x08, 0x41, 0x10, 0xa1, 0x00, 0x02, 0xfc, 0x01, 0x9a, 0x82, 0x80, 0xe2, 0x50, 0x41, 0x00, 0x21, 0x20, 0xc2, 0x20, 0xa1, 0x30, 0xc1, 0x38, 0xa1, 0x20, 0x61, 0x18, 0x81, 0x00, 0x61, 0x00, 0x21, 0x89, 0x02, 0x69, 0x03, 0xf5, 0xc2, 0xba, 0xc2, 0x20, 0xc6, 0x5a, 0x06, 0x49, 0x83, 0xba, 0xa5, 0x00, 0x82, 0x08, 0x41, 0x08, 0x61, 0x29, 0x65, 0x10, 0x81,
  0x5a, 0xcb, 0x39, 0xe7, 0x00, 0x00, 0x00, 0x21, 0x51, 0xc3, 0x9a, 0x02, 0x00, 0x61, 0x00, 0x02, 0xfc, 0x81, 0xff, 0x82, 0x18, 0x03, 0x20, 0x61, 0x00, 0x61, 0x20, 0xa2, 0x18, 0x40, 0x20, 0xa2, 0x28, 0xa1, 0x30, 0xa1, 0x28, 0x81, 0x18, 0x61, 0x20, 0x81, 0x18, 0x81, 0x00, 0x41, 0x71, 0x03, 0x69, 0xc5, 0xfe, 0xc1, 0xa2, 0x04, 0x18, 0xe4, 0x41, 0x22, 0xc2, 0xc6, 0x00, 0x42, 0x08, 0x41, 0x08, 0x41, 0x29, 0x45, 0x10, 0x81,
  0x5a, 0xeb, 0x39, 0xe7, 0x00, 0x20, 0x00, 0x41, 0x41, 0x62, 0x91, 0xe2, 0x00, 0x21, 0x91, 0x81, 0xfd, 0x20, 0x28, 0x43, 0x68, 0xe1, 0x00, 0x61, 0x20, 0xa2, 0x18, 0xa1, 0x18, 0x61, 0x20, 0xa2, 0x20, 0x81, 0x30, 0xc2, 0x20, 0x61, 0x18, 0x61, 0x18, 0x61, 0x18, 0x61, 0x10, 0x82, 0x10, 0xa2, 0x89, 0x24, 0xc4, 0x05, 0xff, 0xe2, 0x08, 0x04, 0x41, 0x42, 0xc2, 0x85, 0x00, 0x62, 0x08, 0x41, 0x08, 0x41, 0x21, 0x45, 0x10, 0x82,
  0x5a, 0xcb, 0x39, 0xe7, 0x00, 0x20, 0x08, 0x61, 0x39, 0x22, 0x81, 0xa2, 0x00, 0x02, 0xff, 0xa0, 0xb2, 0x61, 0x10, 0x22, 0x10, 0x81, 0x18, 0x81, 0x20, 0xc2, 0x10, 0x40, 0x20, 0xc2, 0x18, 0x81, 0x20, 0x81, 0x30, 0xc2, 0x20, 0x81, 0x18, 0x61, 0x18, 0x61, 0x18, 0x81, 0x10, 0x61, 0x21, 0x03, 0x82, 0x25, 0x48, 0xa5, 0xcc, 0x24, 0xcb, 0x42, 0x20, 0x83, 0xba, 0x64, 0x00, 0x01, 0x08, 0x41, 0x08, 0x40, 0x21, 0x25, 0x10, 0xa2,
  0x52, 0xcb, 0x39, 0xe7, 0x00, 0x20, 0x00, 0x41, 0x49, 0x62, 0x69, 0x62, 0x92, 0x21, 0xfd, 0xa0, 0x20, 0x02, 0x51, 0x43, 0x10, 0x61, 0x20, 0xc3, 0x10, 0x61, 0x18, 0x81, 0x20, 0xc2, 0x18, 0x40, 0x20, 0x81, 0x30, 0xc2, 0x20, 0x81, 0x18, 0x61, 0x18, 0x61, 0x18, 0x61, 0x10, 0x61, 0x51, 0x64, 0x29, 0x23, 0x79, 0x44, 0x9a, 0xa5, 0xfe, 0xc0, 0x48, 0x23, 0x9a, 0xa4, 0x00, 0x42, 0x08, 0x41, 0x08, 0x41, 0x21, 0x24, 0x10, 0x82,
  0x5a, 0xcb, 0x39, 0xe7, 0x00, 0x20, 0x00, 0x41, 0x41, 0x41, 0x79, 0x02, 0xfd, 0xa1, 0xba, 0xc1, 0x18, 0x63, 0x39, 0x02, 0x28, 0xc2, 0x18, 0xa2, 0x10, 0x40, 0x20, 0xa2, 0x18, 0x61, 0x18, 0x60, 0x20, 0x81, 0x28, 0xc2, 0x20, 0x81, 0x18, 0x61, 0x18, 0x61, 0x10, 0x60, 0x29, 0x23, 0x28, 0xc2, 0x28, 0xe2, 0x51, 0xc4, 0x28, 0x45, 0xfd, 0xc0, 0xb3, 0x62, 0x82, 0x25, 0x00, 0x82, 0x08, 0x41, 0x08, 0x61, 0x21, 0x24, 0x10, 0xa2,
  0x52, 0xab, 0x39, 0xc7, 0x00, 0x20, 0x00, 0x61, 0x39, 0x21, 0x91, 0x02, 0xfd, 0x80, 0x59, 0x42, 0x29, 0x03, 0x30, 0xe2, 0x38, 0xe2, 0x08, 0x61, 0x18, 0x61, 0x20, 0xc2, 0x10, 0x40, 0x18, 0x61, 0x20, 0xa1, 0x28, 0xc2, 0x20, 0x81, 0x18, 0x61, 0x10, 0x60, 0x28, 0xe2, 0x20, 0xe3, 0x20, 0xa2, 0x30, 0xe2, 0x51, 0xa4, 0x51, 0x06, 0xe4, 0xc1, 0xfd, 0x41, 0x81, 0xe5, 0x00, 0x82, 0x08, 0x41, 0x08, 0x41, 0x21, 0x24, 0x10, 0xa2,
  0x52, 0xab, 0x39, 0xc7, 0x00, 0x20, 0x00, 0x61, 0x38, 0xe1, 0xaa, 0x02, 0xfe, 0x00, 0x48, 0x42, 0x49, 0x43, 0x39, 0x02, 0x20, 0xa1, 0x10, 0x41, 0x18, 0xa2, 0x18, 0x81, 0x10, 0x40, 0x18, 0x61, 0x20, 0xa1, 0x28, 0xc2, 0x20, 0x81, 0x18, 0x60, 0x18, 0xa1, 0x28, 0xe2, 0x10, 0x61, 0x20, 0xa2, 0x39, 0x02, 0x59, 0xe5, 0x61, 0xa5, 0xa2, 0x82, 0xfd, 0x81, 0x79, 0x84, 0x00, 0x01, 0x08, 0x41, 0x08, 0x41, 0x21, 0x24, 0x10, 0xa2,
  0x52, 0xab, 0x39, 0xc7, 0x00, 0x20, 0x00, 0x41, 0x38, 0xe1, 0xba, 0x21, 0xfe, 0x20, 0x58, 0x83, 0x31, 0x23, 0x39, 0x22, 0x18, 0x60, 0x10, 0x81, 0x18, 0xa2, 0x10, 0x40, 0x10, 0x61, 0x18, 0x61, 0x20, 0xa1, 0x28, 0xc2, 0x20, 0x61, 0x20, 0x81, 0x20, 0xc2, 0x10, 0x60, 0x18, 0x81, 0x18, 0x81, 0x49, 0x63, 0x5a, 0x06, 0x30, 0xe3, 0xb2, 0xa2, 0xfd, 0x20, 0x81, 0xa4, 0x00, 0x41, 0x08, 0x41, 0x08, 0x41, 0x21, 0x24, 0x10, 0xa2,
  0x52, 0xab, 0x39, 0xc7, 0x00, 0x20, 0x00, 0x41, 0x30, 0xa1, 0xb2, 0x22, 0xfe, 0x20, 0x40, 0x02, 0x39, 0x63, 0x30, 0xe2, 0x18, 0x60, 0x18, 0xc2, 0x18, 0x81, 0x10, 0x40, 0x10, 0x61, 0x18, 0x61, 0x20, 0x81, 0x28, 0xc2, 0x20, 0x81, 0x28, 0xe2, 0x18, 0x81, 0x18, 0x61, 0x18, 0x81, 0x18, 0x81, 0x59, 0xa4, 0x61, 0xe5, 0x00, 0x62, 0xc2, 0x81, 0xfd, 0x40, 0x79, 0xa4, 0x00, 0x62, 0x08, 0x41, 0x08, 0x41, 0x21, 0x45, 0x10, 0xa2,
  0x52, 0xaa, 0x39, 0xc7, 0x00, 0x20, 0x00, 0x41, 0x31, 0x02, 0xa1, 0xa2, 0xfe, 0x00, 0x69, 0x42, 0x20, 0xe3, 0x30, 0xe2, 0x20, 0xa1, 0x20, 0xc2, 0x10, 0x40, 0x10, 0x61, 0x18, 0x61, 0x18, 0x61, 0x20, 0xa1, 0x28, 0xc2, 0x28, 0xe2, 0x20, 0x81, 0x18, 0x61, 0x18, 0x61, 0x18, 0x61, 0x18, 0x81, 0x61, 0xc4, 0x41, 0x23, 0x00, 0x02, 0xfc, 0x21, 0xfd, 0xa0, 0x71, 0x64, 0x00, 0x42, 0x08, 0x41, 0x08, 0x41, 0x29, 0x45, 0x10, 0x82,
  0x52, 0xaa, 0x39, 0xc7, 0x00, 0x00, 0x00, 0x41, 0x39, 0x22, 0x89, 0x02, 0xfe, 0x00, 0x82, 0x63, 0x28, 0xc3, 0x28, 0xa1, 0x39, 0x23, 0x18, 0xa2, 0x10, 0x40, 0x10, 0x61, 0x18, 0x61, 0x18, 0x61, 0x20, 0xa1, 0x31, 0x03, 0x28, 0xa2, 0x18, 0x61, 0x18, 0x61, 0x18, 0x61, 0x18, 0x61, 0x31, 0x03, 0x51, 0x84, 0x38, 0xe2, 0x00, 0x03, 0xfd, 0xa1, 0xfc, 0xe0, 0x79, 0x84, 0x00, 0x42, 0x08, 0x41, 0x08, 0x61, 0x29, 0x45, 0x10, 0x82,
  0x52, 0x8a, 0x39, 0xc7, 0x00, 0x00, 0x00, 0x41, 0x31, 0x22, 0x60, 0xa2, 0xfd, 0x81, 0xd4, 0x63, 0x08, 0x02, 0x28, 0xa1, 0x30, 0xe2, 0x18, 0xa2, 0x18, 0x81, 0x20, 0xa2, 0x20, 0xa2, 0x20, 0xc2, 0x28, 0xe2, 0x29, 0x03, 0x28, 0xe2, 0x20, 0xa1, 0x18, 0x61, 0x18, 0x61, 0x20, 0xc2, 0x39, 0x64, 0x38, 0xe2, 0x30, 0xe2, 0x20, 0x03, 0xff, 0xc0, 0xf4, 0x81, 0x69, 0x03, 0x00, 0x41, 0x08, 0x61, 0x08, 0x61, 0x29, 0x45, 0x10, 0x82,
  0x52, 0x8a, 0x39, 0xc7, 0x00, 0x00, 0x00, 0x40, 0x39, 0x22, 0x69, 0x62, 0x92, 0x02, 0xd3, 0x43, 0x20, 0x02, 0x20, 0xc2, 0x30, 0xe2, 0x28, 0xe3, 0x29, 0x03, 0x20, 0xe3, 0x18, 0xa2, 0x20, 0x81, 0x20, 0xa1, 0x20, 0xa1, 0x20, 0xa1, 0x20, 0x81, 0x20, 0xa2, 0x28, 0xe2, 0x28, 0xe3, 0x31, 0x23, 0x30, 0xc1, 0x08, 0x23, 0x89, 0x22, 0xfe, 0xc0, 0xc2, 0x41, 0x59, 0x42, 0x00, 0x21, 0x08, 0x61, 0x08, 0x61, 0x29, 0x45, 0x10, 0x82,
  0x52, 0x8a, 0x39, 0xc7, 0x00, 0x00, 0x00, 0x20, 0x31, 0x01, 0x81, 0x81, 0x20, 0x24, 0xec, 0xe2, 0xfd, 0xa1, 0x18, 0x24, 0x49, 0x23, 0x20, 0xc2, 0x18, 0x61, 0x18, 0x61, 0x20, 0xe3, 0x20, 0xc2, 0x20, 0xc2, 0x28, 0xc2, 0x28, 0xe2, 0x29, 0x03, 0x20, 0xa1, 0x18, 0x60, 0x28, 0xe3, 0x39, 0x44, 0x08, 0x61, 0x28, 0x23, 0xff, 0xa0, 0xfe, 0x40, 0x99, 0x61, 0x59, 0x21, 0x00, 0x41, 0x08, 0x61, 0x08, 0x61, 0x29, 0x45, 0x10, 0x82,
  0x52, 0x8a, 0x39, 0xc7, 0x00, 0x00, 0x00, 0x20, 0x30, 0xe1, 0x69, 0x61, 0x19, 0x03, 0x7a, 0x03, 0xe4, 0x42, 0x48, 0xe4, 0x00, 0x02, 0x18, 0x82, 0x20, 0xa2, 0x18, 0x81, 0x18, 0x81, 0x18, 0x61, 0x20, 0x81, 0x20, 0xa1, 0x20, 0x61, 0x18, 0x61, 0x18, 0x81, 0x18, 0x81, 0x29, 0x03, 0x20, 0xe3, 0x20, 0x03, 0xfd, 0xe1, 0xfc, 0xa0, 0xfc, 0xe0, 0x78, 0xe1, 0x69, 0x41, 0x00, 0x41, 0x08, 0x61, 0x08, 0x61, 0x29, 0x45, 0x10, 0x82,
  0x52, 0x8a, 0x31, 0xa6, 0x00, 0x00, 0x00, 0x20, 0x39, 0x01, 0x69, 0x82, 0x31, 0x23, 0x10, 0xa3, 0x69, 0x43, 0xfd, 0xe1, 0x40, 0x22, 0x00, 0x03, 0x18, 0x81, 0x20, 0x81, 0x18, 0x61, 0x20, 0x61, 0x20, 0xa1, 0x20, 0xa1, 0x20, 0x61, 0x18, 0x60, 0x18, 0x61, 0x20, 0x81, 0x29, 0x44, 0x20, 0x04, 0xdb, 0x42, 0xbb, 0xc2, 0x68, 0xe2, 0xfd, 0xe0, 0x28, 0x01, 0x81, 0x82, 0x00, 0x21, 0x08, 0x61, 0x08, 0x61, 0x29, 0x45, 0x10, 0x82,
  0x52, 0x8a, 0x31, 0xa6, 0x00, 0x00, 0x00, 0x20, 0x28, 0xe1, 0x69, 0xa2, 0x41, 0x63, 0x39, 0x43, 0x28, 0xc3, 0x82, 0x02, 0xfd, 0x60, 0x99, 0xc2, 0x00, 0x02, 0x00, 0x02, 0x18, 0x81, 0x18, 0x61, 0x20, 0xa1, 0x28, 0xc1, 0x30, 0xa1, 0x28, 0xa2, 0x20, 0xa2, 0x10, 0x43, 0x20, 0x04, 0xfc, 0xe1, 0xfe, 0xa1, 0x38, 0x03, 0xb4, 0x02, 0xfc, 0x81, 0x10, 0x01, 0x89, 0x61, 0x00, 0x21, 0x08, 0x61, 0x08, 0x61, 0x29, 0x45, 0x10, 0x82,
  0x4a, 0x8a, 0x31, 0xa6, 0x00, 0x00, 0x00, 0x20, 0x30, 0xe1, 0x69, 0xa2, 0x41, 0x84, 0x41, 0x63, 0x39, 0x43, 0x00, 0x02, 0x58, 0x41, 0xfe, 0x80, 0xfd, 0xc1, 0x89, 0xe2, 0x00, 0x02, 0x10, 0x02, 0x20, 0x02, 0x18, 0x02, 0x08, 0x02, 0x00, 0x02, 0x40, 0x42, 0x81, 0xa2, 0xfd, 0xa1, 0xfc, 0xa0, 0x10, 0x02, 0x30, 0x82, 0xa1, 0xe1, 0x49, 0x02, 0x28, 0x81, 0x81, 0x61, 0x00, 0x21, 0x08, 0x41, 0x08, 0x61, 0x21, 0x45, 0x10, 0x82,
  0x52, 0x6a, 0x31, 0xa6, 0x00, 0x00, 0x00, 0x20, 0x39, 0x21, 0x69, 0xa2, 0x39, 0x63, 0x41, 0x63, 0x30, 0xe2, 0x28, 0xa1, 0x00, 0x62, 0x00, 0x02, 0xb2, 0xc1, 0xfd, 0xc0, 0xfd, 0xe0, 0xfd, 0x21, 0xd3, 0x81, 0xec, 0x81, 0xdb, 0x80, 0xfe, 0x60, 0xfd, 0xe0, 0xd3, 0xc1, 0x71, 0x22, 0x00, 0x02, 0x10, 0x82, 0x49, 0x02, 0xf2, 0xe0, 0x00, 0x02, 0x28, 0x81, 0x79, 0x41, 0x00, 0x21, 0x08, 0x41, 0x08, 0x61, 0x21, 0x25, 0x10, 0x82,
  0x4a, 0x69, 0x29, 0x86, 0x00, 0x00, 0x00, 0x20, 0x39, 0x01, 0x61, 0xc3, 0x49, 0xa4, 0x30, 0xe2, 0x28, 0xa1, 0x28, 0xc1, 0x20, 0x81, 0x08, 0x82, 0x00, 0x02, 0x50, 0x02, 0x61, 0x81, 0xb2, 0xe1, 0xcb, 0x21, 0xd3, 0x80, 0xf4, 0x21, 0x9a, 0xa1, 0x48, 0x82, 0x08, 0x02, 0x00, 0x22, 0x20, 0x81, 0x08, 0x02, 0xa2, 0xc1, 0xfd, 0x60, 0x00, 0x02, 0x20, 0x81, 0x71, 0x21, 0x00, 0x20, 0x08, 0x41, 0x08, 0x61, 0x21, 0x24, 0x08, 0x61,
  0x4a, 0x69, 0x29, 0x85, 0x00, 0x00, 0x00, 0x00, 0x39, 0x01, 0x59, 0xc3, 0x39, 0x63, 0x31, 0x02, 0x31, 0x02, 0x28, 0xc2, 0x20, 0xc2, 0x20, 0xc2, 0x28, 0xe3, 0x10, 0xa2, 0x00, 0x22, 0x00, 0x02, 0x08, 0x02, 0x20, 0x01, 0x00, 0x02, 0x00, 0x01, 0x10, 0xa2, 0x20, 0xa2, 0x20, 0x81, 0x28, 0xc2, 0x08, 0x02, 0xfc, 0x01, 0x81, 0x20, 0x00, 0x21, 0x30, 0xa1, 0x61, 0x21, 0x00, 0x20, 0x00, 0x41, 0x08, 0x61, 0x21, 0x24, 0x08, 0x61,
  0x4a, 0x49, 0x29, 0x86, 0x00, 0x00, 0x00, 0x20, 0x41, 0x21, 0x59, 0xa3, 0x29, 0x02, 0x31, 0x02, 0x31, 0x02, 0x28, 0xe2, 0x28, 0xe3, 0x20, 0xc2, 0x18, 0xa2, 0x20, 0xc2, 0x20, 0xa1, 0x20, 0xa2, 0x28, 0xa2, 0x20, 0xa1, 0x30, 0xc2, 0x20, 0xa1, 0x28, 0xc2, 0x20, 0xa2, 0x20, 0xa2, 0x20, 0xe3, 0x59, 0x82, 0xfc, 0xc0, 0x08, 0x01, 0x08, 0x61, 0x30, 0xc2, 0x69, 0x21, 0x00, 0x40, 0x08, 0x41, 0x08, 0x61, 0x21, 0x24, 0x10, 0x81,
  0x4a, 0x49, 0x29, 0x66, 0x00, 0x00, 0x00, 0x20, 0x41, 0x21, 0x59, 0xa3, 0x28, 0xe2, 0x28, 0xc2, 0x20, 0xc1, 0x28, 0xe2, 0x20, 0xc2, 0x18, 0x82, 0x18, 0x81, 0x18, 0x81, 0x20, 0x81, 0x20, 0x81, 0x20, 0xa1, 0x28, 0xa1, 0x28, 0xa1, 0x28, 0xa1, 0x20, 0xa2, 0x18, 0x61, 0x20, 0xa2, 0x00, 0x03, 0xdb, 0x41, 0xeb, 0xa0, 0x00, 0x01, 0x10, 0x61, 0x30, 0xc1, 0x59, 0x01, 0x00, 0x40, 0x08, 0x41, 0x08, 0x61, 0x21, 0x24, 0x10, 0x82,
  0x4a, 0x49, 0x29, 0x65, 0x00, 0x00, 0x00, 0x00, 0x41, 0x01, 0x59, 0xa3, 0x20, 0xc2, 0x30, 0xe2, 0x28, 0xc2, 0x31, 0x02, 0x18, 0xa1, 0x18, 0x82, 0x18, 0xa2, 0x18, 0xa2, 0x20, 0xa1, 0x20, 0xa1, 0x28, 0xa2, 0x28, 0xa1, 0x30, 0xc1, 0x30, 0xe2, 0x28, 0xc2, 0x20, 0x81, 0x10, 0x82, 0x38, 0xa3, 0xf4, 0x40, 0x38, 0x41, 0x00, 0x41, 0x10, 0x61, 0x30, 0xc2, 0x59, 0x01, 0x00, 0x20, 0x08, 0x41, 0x08, 0x61, 0x21, 0x04, 0x08, 0x82,
  0x42, 0x28, 0x29, 0x65, 0x00, 0x00, 0x00, 0x00, 0x41, 0x21, 0x59, 0xa3, 0x18, 0xa1, 0x28, 0xe2, 0x31, 0x23, 0x28, 0xc2, 0x18, 0x81, 0x10, 0x81, 0x18, 0xa2, 0x18, 0xa2, 0x18, 0xa1, 0x20, 0xa2, 0x28, 0xc2, 0x28, 0xa1, 0x30, 0xc1, 0x31, 0x03, 0x20, 0xa1, 0x20, 0xa1, 0x00, 0x03, 0xd3, 0x82, 0xf4, 0x20, 0x00, 0x01, 0x18, 0x81, 0x10, 0x81, 0x30, 0xe2, 0x61, 0x21, 0x00, 0x20, 0x08, 0x41, 0x08, 0x61, 0x21, 0x04, 0x08, 0x61,
  0x42, 0x08, 0x29, 0x45, 0x00, 0x00, 0x00, 0x00, 0x39, 0x01, 0x51, 0x82, 0x20, 0xc2, 0x20, 0xc1, 0x39, 0x23, 0x20, 0xa1, 0x10, 0x61, 0x10, 0x81, 0x18, 0xa2, 0x18, 0x81, 0x20, 0xa2, 0x20, 0xa1, 0x20, 0xc2, 0x28, 0xc2, 0x30, 0xc1, 0x28, 0xe2, 0x20, 0xa1, 0x00, 0x62, 0x30, 0x22, 0xec, 0x40, 0x40, 0x41, 0x00, 0x41, 0x10, 0x41, 0x18, 0xa2, 0x30, 0xe2, 0x59, 0x01, 0x00, 0x20, 0x08, 0x41, 0x08, 0x41, 0x21, 0x04, 0x08, 0x61,
  0x3a, 0x08, 0x21, 0x25, 0x00, 0x00, 0x00, 0x00, 0x39, 0x01, 0x51, 0x62, 0x29, 0x02, 0x28, 0xe2, 0x30, 0xe2, 0x20, 0xa1, 0x18, 0x81, 0x10, 0x81, 0x18, 0x81, 0x18, 0xa2, 0x18, 0x81, 0x20, 0xa1, 0x20, 0xc2, 0x28, 0xc1, 0x30, 0xe2, 0x28, 0xc2, 0x20, 0xa2, 0x00, 0x02, 0xfc, 0xa0, 0xba, 0xe1, 0x00, 0x02, 0x20, 0xa1, 0x08, 0x40, 0x20, 0xc2, 0x20, 0xa1, 0x59, 0x21, 0x00, 0x20, 0x00, 0x41, 0x08, 0x41, 0x21, 0x04, 0x08, 0x61,
  0x39, 0xe7, 0x21, 0x24, 0x00, 0x00, 0x00, 0x00, 0x41, 0x01, 0x49, 0x21, 0x31, 0x23, 0x28, 0xc2, 0x28, 0xc1, 0x20, 0xc2, 0x10, 0x61, 0x10, 0x81, 0x18, 0x81, 0x18, 0xa1, 0x18, 0x81, 0x20, 0xa1, 0x20, 0xc2, 0x28, 0xa1, 0x31, 0x03, 0x28, 0xc2, 0x00, 0x22, 0x69, 0x41, 0xfc, 0xe0, 0x00, 0x02, 0x10, 0xa2, 0x10, 0x81, 0x10, 0x61, 0x10, 0xa2, 0x10, 0x60, 0x51, 0x21, 0x00, 0x20, 0x00, 0x41, 0x08, 0x61, 0x18, 0xe4, 0x10, 0x81,
  0x39, 0xc7, 0x21, 0x24, 0x00, 0x00, 0x00, 0x00, 0x39, 0x01, 0x41, 0x01, 0x20, 0xe2, 0x28, 0xe2, 0x20, 0x81, 0x28, 0xc2, 0x10, 0x61, 0x10, 0x81, 0x10, 0x81, 0x18, 0x81, 0x18, 0xa1, 0x20, 0xa1, 0x20, 0xa2, 0x28, 0xc2, 0x30, 0xe2, 0x10, 0xa2, 0x28, 0x02, 0xe4, 0x00, 0x50, 0xe2, 0x00, 0x22, 0x18, 0xa1, 0x10, 0x61, 0x20, 0xe3, 0x08, 0x61, 0x18, 0x60, 0x49, 0x21, 0x00, 0x20, 0x00, 0x41, 0x08, 0x61, 0x18, 0xe3, 0x10, 0x61,
  0x31, 0xa6, 0x18, 0xe4, 0x00, 0x00, 0x00, 0x00, 0x39, 0x01, 0x41, 0x01, 0x18, 0x81, 0x31, 0x02, 0x20, 0xc2, 0x18, 0x81, 0x18, 0xa1, 0x10, 0x61, 0x10, 0x81, 0x18, 0xa1, 0x18, 0x81, 0x20, 0xa1, 0x20, 0xa1, 0x28, 0xa1, 0x28, 0xe2, 0x00, 0x02, 0xe3, 0x80, 0xbb, 0x00, 0x00, 0x02, 0x20, 0xe2, 0x18, 0x81, 0x18, 0x81, 0x18, 0xa2, 0x00, 0x20, 0x10, 0x60, 0x41, 0x01, 0x00, 0x20, 0x00, 0x41, 0x08, 0x41, 0x18, 0xe3, 0x08, 0x61,
  0x31, 0x86, 0x18, 0xe3, 0x00, 0x00, 0x00, 0x00, 0x30, 0xe1, 0x38, 0xe1, 0x18, 0x81, 0x18, 0x81, 0x28, 0xe2, 0x20, 0xa1, 0x10, 0x61, 0x10, 0x61, 0x10, 0x61, 0x10, 0x61, 0x10, 0x61, 0x18, 0x81, 0x20, 0xa1, 0x28, 0xa2, 0x00, 0x02, 0xcb, 0xa1, 0xfc, 0xa0, 0x00, 0x01, 0x10, 0xa2, 0x20, 0xc2, 0x18, 0x81, 0x18, 0xa2, 0x08, 0x20, 0x00, 0x20, 0x10, 0x40, 0x38, 0xe1, 0x00, 0x20, 0x00, 0x20, 0x08, 0x41, 0x18, 0xc3, 0x08, 0x61,
  0x29, 0x65, 0x18, 0xc3, 0x00, 0x00, 0x00, 0x00, 0x28, 0xc1, 0x38, 0xe1, 0x18, 0x81, 0x10, 0x40, 0x18, 0x61, 0x20, 0xc2, 0x10, 0x61, 0x10, 0x81, 0x10, 0x61, 0x10, 0x60, 0x10, 0x61, 0x18, 0x61, 0x20, 0x81, 0x00, 0x01, 0x9a, 0x61, 0xfc, 0x20, 0x08, 0x01, 0x00, 0x21, 0x20, 0xc2, 0x20, 0xe3, 0x18, 0xa2, 0x08, 0x41, 0x08, 0x20, 0x00, 0x20, 0x10, 0x60, 0x30, 0xc1, 0x00, 0x20, 0x00, 0x20, 0x08, 0x41, 0x18, 0xc3, 0x08, 0x61,
  0x29, 0x45, 0x10, 0xc3, 0x00, 0x00, 0x00, 0x00, 0x28, 0xa1, 0x30, 0xe1, 0x10, 0x61, 0x10, 0x40, 0x10, 0x60, 0x10, 0x40, 0x10, 0x61, 0x10, 0x61, 0x10, 0x61, 0x10, 0x61, 0x08, 0x40, 0x10, 0x60, 0x18, 0x41, 0x71, 0x81, 0xdb, 0xa0, 0x18, 0x01, 0x00, 0x41, 0x20, 0xa2, 0x18, 0xc2, 0x10, 0x82, 0x08, 0x20, 0x08, 0x20, 0x08, 0x20, 0x00, 0x20, 0x10, 0x40, 0x30, 0xc1, 0x00, 0x20, 0x00, 0x20, 0x08, 0x41, 0x10, 0xa3, 0x08, 0x61,
  0x21, 0x24, 0x10, 0xa2, 0x00, 0x00, 0x00, 0x00, 0x20, 0x81, 0x28, 0xc1, 0x18, 0x81, 0x10, 0x60, 0x10, 0x61, 0x10, 0x61, 0x08, 0x20, 0x08, 0x40, 0x08, 0x61, 0x10, 0x61, 0x10, 0x61, 0x10, 0x61, 0x10, 0x01, 0x8a, 0x80, 0x48, 0x80, 0x08, 0x41, 0x18, 0x81, 0x10, 0x81, 0x10, 0x81, 0x10, 0x61, 0x08, 0x41, 0x10, 0x61, 0x08, 0x40, 0x08, 0x40, 0x10, 0x60, 0x28, 0xc1, 0x00, 0x20, 0x00, 0x20, 0x08, 0x41, 0x10, 0xa2, 0x08, 0x61,
  0x21, 0x04, 0x10, 0x82, 0x00, 0x00, 0x00, 0x00, 0x20, 0x80, 0x20, 0x80, 0x08, 0x40, 0x08, 0x40, 0x10, 0x40, 0x10, 0x40, 0x00, 0x20, 0x00, 0x20, 0x00, 0x20, 0x00, 0x00, 0x00, 0x20, 0x00, 0x20, 0x7a, 0x21, 0x7a, 0x22, 0x10, 0xa1, 0x00, 0x20, 0x08, 0x20, 0x00, 0x20, 0x08, 0x61, 0x08, 0x41, 0x08, 0x20, 0x08, 0x40, 0x00, 0x20, 0x08, 0x20, 0x08, 0x40, 0x28, 0xa1, 0x00, 0x20, 0x00, 0x20, 0x00, 0x40, 0x10, 0xa2, 0x08, 0x41,
  0x18, 0xe3, 0x08, 0x81, 0x00, 0x00, 0x00, 0x00, 0x20, 0x81, 0x20, 0xa1, 0x08, 0x20, 0x10, 0x61, 0x10, 0x60, 0x08, 0x40, 0x08, 0x40, 0x08, 0x20, 0x08, 0x40, 0x08, 0x40, 0x00, 0x00, 0x41, 0x01, 0x49, 0x41, 0x00, 0x20, 0x59, 0xa2, 0x00, 0x20, 0x08, 0x40, 0x08, 0x61, 0x08, 0x20, 0x08, 0x61, 0x08, 0x41, 0x08, 0x20, 0x08, 0x40, 0x00, 0x20, 0x08, 0x40, 0x28, 0xc1, 0x00, 0x00, 0x00, 0x20, 0x00, 0x20, 0x10, 0x82, 0x08, 0x41,
  0x18, 0xc3, 0x08, 0x61, 0x00, 0x00, 0x00, 0x00, 0x08, 0x40, 0x18, 0xa2, 0x20, 0xc2, 0x20, 0xe2, 0x28, 0xe2, 0x20, 0xe2, 0x18, 0xa2, 0x18, 0xc2, 0x18, 0xa2, 0x18, 0xa2, 0x10, 0x82, 0x20, 0xe2, 0x39, 0x21, 0x18, 0x80, 0x39, 0x22, 0x18, 0xc2, 0x20, 0xe2, 0x20, 0xe3, 0x21, 0x23, 0x21, 0x23, 0x18, 0xe3, 0x18, 0xe2, 0x18, 0xc2, 0x10, 0xa2, 0x18, 0xc2, 0x18, 0xa2, 0x00, 0x00, 0x00, 0x00, 0x00, 0x20, 0x08, 0x82, 0x08, 0x41,
  0x10, 0xa2, 0x08, 0x61, 0x00, 0x00, 0x00, 0x00, 0x08, 0x40, 0x20, 0xc2, 0x29, 0x02, 0x28, 0xe2, 0x28, 0xe2, 0x28, 0xe2, 0x18, 0xa2, 0x18, 0xa2, 0x18, 0xc2, 0x18, 0xa2, 0x18, 0x81, 0x10, 0x61, 0x18, 0x81, 0x28, 0xa1, 0x18, 0xa1, 0x20, 0xc2, 0x20, 0xe2, 0x20, 0xe2, 0x21, 0x03, 0x21, 0x23, 0x21, 0x03, 0x20, 0xe2, 0x18, 0xc2, 0x18, 0xc2, 0x21, 0x03, 0x18, 0xe2, 0x00, 0x20, 0x08, 0x41, 0x08, 0x41, 0x08, 0x61, 0x00, 0x40,
  0x10, 0xa2, 0x08, 0x41, 0x00, 0x00, 0x00, 0x00, 0x18, 0x80, 0x6a, 0x63, 0x72, 0xc4, 0x18, 0x60, 0x00, 0x00, 0x00, 0x00, 0x00, 0x00, 0x00, 0x00, 0x08, 0x40, 0x08, 0x20, 0x00, 0x00, 0x00, 0x00, 0x00, 0x00, 0x00, 0x00, 0x00, 0x00, 0x00, 0x00, 0x00, 0x20, 0x00, 0x00, 0x00, 0x20, 0x00, 0x20, 0x00, 0x00, 0x08, 0x20, 0x00, 0x20, 0x00, 0x20, 0x41, 0x43, 0x41, 0x23, 0x08, 0x61, 0x08, 0x41, 0x08, 0x41, 0x08, 0x61, 0x00, 0x20,
  0x10, 0x82, 0x00, 0x40, 0x00, 0x00, 0x00, 0x00, 0x20, 0xc1, 0x6a, 0x63, 0x39, 0x83, 0x00, 0x00, 0x00, 0x00, 0x00, 0x00, 0x00, 0x00, 0x00, 0x00, 0x00, 0x00, 0x00, 0x00, 0x00, 0x00, 0x00, 0x00, 0x00, 0x00, 0x00, 0x00, 0x00, 0x00, 0x00, 0x00, 0x00, 0x00, 0x00, 0x00, 0x00, 0x00, 0x00, 0x00, 0x00, 0x00, 0x00, 0x00, 0x00, 0x00, 0x00, 0x00, 0x08, 0x20, 0x30, 0xe2, 0x00, 0x20, 0x00, 0x20, 0x00, 0x20, 0x08, 0x41, 0x00, 0x20,
  0x08, 0x61, 0x00, 0x20, 0x00, 0x00, 0x00, 0x00, 0x00, 0x00, 0x10, 0x60, 0x00, 0x00, 0x00, 0x00, 0x00, 0x00, 0x00, 0x00, 0x00, 0x00, 0x00, 0x00, 0x00, 0x00, 0x00, 0x00, 0x00, 0x00, 0x00, 0x00, 0x00, 0x00, 0x00, 0x00, 0x00, 0x00, 0x00, 0x00, 0x00, 0x00, 0x00, 0x00, 0x00, 0x00, 0x00, 0x00, 0x00, 0x00, 0x00, 0x00, 0x00, 0x00, 0x00, 0x00, 0x00, 0x00, 0x00, 0x00, 0x00, 0x00, 0x00, 0x20, 0x00, 0x20, 0x08, 0x41, 0x00, 0x20,
  0x08, 0x61, 0x00, 0x20, 0x00, 0x00, 0x00, 0x00, 0x00, 0x00, 0x00, 0x00, 0x00, 0x00, 0x00, 0x00, 0x00, 0x00, 0x00, 0x00, 0x00, 0x00, 0x00, 0x00, 0x00, 0x00, 0x00, 0x00, 0x00, 0x00, 0x00, 0x00, 0x00, 0x00, 0x00, 0x00, 0x00, 0x00, 0x00, 0x00, 0x00, 0x00, 0x00, 0x00, 0x00, 0x00, 0x00, 0x00, 0x00, 0x00, 0x00, 0x00, 0x00, 0x00, 0x00, 0x00, 0x00, 0x00, 0x00, 0x00, 0x00, 0x00, 0x00, 0x20, 0x00, 0x20, 0x00, 0x41, 0x00, 0x20,
  0x08, 0x41, 0x00, 0x20, 0x00, 0x00, 0x00, 0x00, 0x00, 0x00, 0x00, 0x00, 0x00, 0x00, 0x00, 0x00, 0x00, 0x00, 0x00, 0x00, 0x00, 0x00, 0x00, 0x00, 0x00, 0x00, 0x00, 0x00, 0x00, 0x00, 0x00, 0x00, 0x00, 0x00, 0x00, 0x00, 0x00, 0x00, 0x00, 0x00, 0x00, 0x00, 0x00, 0x00, 0x00, 0x00, 0x00, 0x00, 0x00, 0x00, 0x00, 0x00, 0x00, 0x00, 0x00, 0x00, 0x00, 0x00, 0x00, 0x00, 0x00, 0x00, 0x00, 0x20, 0x00, 0x20, 0x00, 0x20, 0x00, 0x00,
  0x00, 0x20, 0x00, 0x00, 0x00, 0x00, 0x00, 0x00, 0x00, 0x00, 0x00, 0x00, 0x00, 0x00, 0x00, 0x00, 0x00, 0x00, 0x00, 0x00, 0x00, 0x00, 0x00, 0x00, 0x00, 0x00, 0x00, 0x00, 0x00, 0x00, 0x00, 0x00, 0x00, 0x00, 0x00, 0x00, 0x00, 0x00, 0x00, 0x00, 0x00, 0x00, 0x00, 0x00, 0x00, 0x00, 0x00, 0x00, 0x00, 0x00, 0x00, 0x00, 0x00, 0x00, 0x00, 0x00, 0x00, 0x00, 0x00, 0x00, 0x00, 0x00, 0x00, 0x00, 0x00, 0x00, 0x00, 0x20, 0x00, 0x00,
  0x00, 0x20, 0x00, 0x00, 0x00, 0x00, 0x00, 0x00, 0x00, 0x00, 0x00, 0x00, 0x00, 0x00, 0x00, 0x00, 0x00, 0x00, 0x00, 0x00, 0x00, 0x00, 0x00, 0x00, 0x00, 0x00, 0x00, 0x00, 0x00, 0x00, 0x00, 0x00, 0x00, 0x00, 0x00, 0x00, 0x00, 0x00, 0x00, 0x00, 0x00, 0x00, 0x00, 0x00, 0x00, 0x00, 0x00, 0x00, 0x00, 0x00, 0x00, 0x00, 0x00, 0x00, 0x00, 0x00, 0x00, 0x00, 0x00, 0x00, 0x00, 0x00, 0x00, 0x00, 0x00, 0x00, 0x00, 0x20, 0x00, 0x00,
  0x00, 0x20, 0x00, 0x00, 0x00, 0x00, 0x00, 0x00, 0x00, 0x00, 0x00, 0x00, 0x00, 0x00, 0x00, 0x00, 0x00, 0x00, 0x00, 0x00, 0x00, 0x00, 0x00, 0x00, 0x00, 0x00, 0x00, 0x00, 0x00, 0x00, 0x00, 0x00, 0x00, 0x00, 0x00, 0x00, 0x00, 0x00, 0x00, 0x00, 0x00, 0x00, 0x00, 0x00, 0x00, 0x00, 0x00, 0x00, 0x00, 0x00, 0x00, 0x00, 0x00, 0x00, 0x00, 0x00, 0x00, 0x00, 0x00, 0x00, 0x00, 0x00, 0x00, 0x00, 0x00, 0x00, 0x00, 0x00, 0x00, 0x00
};

const int PIN_AP = 12; // Botao de Reset do WiFiManager

bool blnBotaoPressionado_M5_BUTTON_HOME = false;
bool blnBotaoPressionado_M5_BUTTON_PWR01S = false;
bool blnBotaoPressionado_M5_BUTTON_PWR02S = false;
bool blnBotaoPressionado_M5_BUTTON_RST = false;
bool blnLEDIRLigado = false;
bool blnLEDREDLigado = false;
int intIntervaloAnterior = 0;
int intIntervaloAnteriorSleep = 0;

const uint16_t maximumDistance = 1200; //mm
char *unit[] = {"mm", "cm"}; // variable for unit, mm or cm

double TensaoBateriaS;
double PercentualCargaBateria;
double temperaturaC;
uint16_t distanceMM;

RTC_TimeTypeDef RTC_TimeStruct;
RTC_DateTypeDef RTC_DateStruct;

int mode_ = 3; // 3:2Lines 2: 2Lines(YYMM), 1:1Line
const uint8_t*n[] = { // vfd font 18x34
  vfd_18x34_0, vfd_18x34_1, vfd_18x34_2, vfd_18x34_3, vfd_18x34_4,
  vfd_18x34_5, vfd_18x34_6, vfd_18x34_7, vfd_18x34_8, vfd_18x34_9
};
const uint8_t*m[] = { // vfd font 35x67
  vfd_35x67_0, vfd_35x67_1, vfd_35x67_2, vfd_35x67_3, vfd_35x67_4,
  vfd_35x67_5, vfd_35x67_6, vfd_35x67_7, vfd_35x67_8, vfd_35x67_9
};
const char *monthName[12] = {
  "Jan", "Feb", "Mar", "Apr", "May", "Jun",
  "Jul", "Aug", "Sep", "Oct", "Nov", "Dec"
};

// Variables will change:
int lastState_M5_BUTTON_HOME = LOW;  // the previous state from the input pin
int currentState_M5_BUTTON_HOME;     // the current reading from the input pin

VL53L0X sensor;

// Replace with your network credentials
char* ssid = "TIM ULTRAFIBRA_2G0";
char* password = "723564";

// NTP server to request epoch time
const char* ntpServer = "pool.ntp.org";

//Fuso Horário, no caso horário de verão de Brasília
int timeZone = -3;

//Struct com os dados do dia e hora
struct Date {
  int dayOfWeek;
  int day;
  int month;
  int year;
  int hours;
  int minutes;
  int seconds;
};

//Socket UDP que a lib utiliza para recuperar dados sobre o horário
WiFiUDP udp;

//Objeto responsável por recuperar dados sobre horário
NTPClient ntpClient(
  udp,                    //socket udp
  "0.br.pool.ntp.org",    //URL do servwer NTP
  timeZone * 3600,        //Deslocamento do horário em relacão ao GMT 0
  60000);                 //Intervalo entre verificações online

//Nomes dos dias da semana
char* dayOfWeekNames[] = {"Sunday", "Monday", "Tuesday", "Wednesday", "Thursday", "Friday", "Saturday"};

// #define BUTTON_PIN_BITMASK 0xA000000000 // Motando a mascara (2^39 + 2^37 = 0xA000000000) em Hexadecimal - Button A (GPIO 37); Button B (GPIO 39)
// #define uS_TO_S_FACTOR 1000000  /* Conversion factor for micro seconds to seconds */
// #define TIME_TO_SLEEP  5        /* Time ESP32 will go to sleep (in seconds) */

RTC_DATA_ATTR int bootCount = 0;

void connectWiFi();
void vfd_1_line();
void vfd_2_line();
void vfd_3_line();
void vfd_4_line();
void vfd_5_line();
void vfd_6_line();
void fade();

void print_wakeup_reason()
{
  esp_sleep_wakeup_cause_t wakeup_reason;

  wakeup_reason = esp_sleep_get_wakeup_cause();

  switch(wakeup_reason)
  {
    case ESP_SLEEP_WAKEUP_EXT0 : Serial.println("Wakeup caused by external signal using RTC_IO"); break;
    case ESP_SLEEP_WAKEUP_EXT1 : Serial.println("Wakeup caused by external signal using RTC_CNTL"); break;
    case ESP_SLEEP_WAKEUP_TIMER : Serial.println("Wakeup caused by timer"); break;
    case ESP_SLEEP_WAKEUP_TOUCHPAD : Serial.println("Wakeup caused by touchpad"); break;
    case ESP_SLEEP_WAKEUP_ULP : Serial.println("Wakeup caused by ULP program"); break;
    default : Serial.printf("Wakeup was not caused by deep sleep: %d\n",wakeup_reason); break;
  }
}

/*
Method to print the GPIO that triggered the wakeup
*/
void print_GPIO_wake_up()
{
  uint64_t GPIO_reason = esp_sleep_get_ext1_wakeup_status();
  Serial.print("GPIO that triggered the wake up: GPIO ");
  Serial.println((log(GPIO_reason))/log(2), 0);
}

void mtdDeepSleep(gpio_num_t PIN)
{
  // Rewrite M5.Axp.DeepSleep() in order to enable ext0 wakep up.
  esp_sleep_enable_ext0_wakeup(PIN, LOW);
  esp_sleep_pd_config(ESP_PD_DOMAIN_RTC_PERIPH, ESP_PD_OPTION_AUTO);
  // esp_sleep_enable_ext1_wakeup(BUTTON_PIN_BITMASK, ESP_EXT1_WAKEUP_ANY_HIGH);
  esp_wifi_stop();
  adc_power_off();
  M5.Axp.SetSleep();
  esp_deep_sleep_start();
}

void setupNTP()
{
  //Inicializa o client NTP
  ntpClient.begin();

  //Espera pelo primeiro update online
  Serial.println("Waiting for first update");
  while (!ntpClient.update())
  {
    Serial.print(".");
    ntpClient.forceUpdate();
    delay(500);
  }

  Serial.println();
  Serial.println("First Update Complete");
}

//Tarefa que verifica se a conexão caiu e tenta reconectar
void wifiConnectionTask(void* param)
{
  while (true)
  {
    //Se a WiFi não está conectada
    if (WiFi.status() != WL_CONNECTED)
    {
      //Manda conectar
      connectWiFi();
    }

    //Delay de 100 ticks
    vTaskDelay(100);
  }
}

void connectWiFi()
{
  Serial.println("Connecting");

  //Troque pelo nome e senha da sua rede WiFi
  WiFi.begin(ssid, password);

  //Espera enquanto não estiver conectado
  while (WiFi.status() != WL_CONNECTED)
  {
    Serial.print(".");
    delay(500);
  }

  Serial.println();
  Serial.print("Connected to ");
  Serial.println(WiFi.SSID());
}

Date getDate()
{
  //Recupera os dados de data e horário usando o client NTP
  char* strDate = (char*)ntpClient.getFormattedDate().c_str();

  //Passa os dados da string para a struct
  Date date;
  sscanf(strDate, "%d-%d-%dT%d:%d:%dZ",
         &date.year,
         &date.month,
         &date.day,
         &date.hours,
         &date.minutes,
         &date.seconds);

  //Dia da semana de 0 a 6, sendo 0 o domingo
  date.dayOfWeek = ntpClient.getDay();
  return date;
}

double mtdObterNivelBateria(double TensaoBateria)
{
  double Retorno = 0;

  if (TensaoBateria > 4.1)
  {
    Retorno = (90 + ((TensaoBateria - 4.1) / (4.2 - 4.1)) * 10);
  }
  if (TensaoBateria <= 4.1 & TensaoBateria > 4.0)
  {
    Retorno = (80 + ((TensaoBateria - 4.0) / (4.1 - 4.0)) * 10);
  }
  if (TensaoBateria <= 4.0 & TensaoBateria > 3.9)
  {
    Retorno = (60 + ((TensaoBateria - 3.9) / (4.0 - 3.9)) * 20);
  }
  if (TensaoBateria <= 3.9 & TensaoBateria > 3.8)
  {
    Retorno = (40 + ((TensaoBateria - 3.8) / (3.9 - 3.8)) * 20);
  }
  if (TensaoBateria <= 3.8 & TensaoBateria > 3.7)
  {
    Retorno = (20 + ((TensaoBateria - 3.7) / (3.8 - 3.7)) * 20);
  }
  if (TensaoBateria <= 3.7 & TensaoBateria > 3.6)
  {
    Retorno = (00 + ((TensaoBateria - 3.6) / (3.7 - 3.6)) * 20);
  }

  return Retorno;
}

void setup_WiFiManager()
{
  pinMode(PIN_AP, INPUT);
  //declaração do objeto wifiManager
  WiFiManager wifiManager;

  //utilizando esse comando, as configurações são apagadas da memória
  //caso tiver salvo alguma rede para conectar automaticamente, ela é apagada.
  wifiManager.resetSettings();

//callback para quando entra em modo de configuração AP
  wifiManager.setAPCallback(configModeCallback); 
//callback para quando se conecta em uma rede, ou seja, quando passa a trabalhar em modo estação
  wifiManager.setSaveConfigCallback(saveConfigCallback); 

//cria uma rede de nome ESP_AP com senha 12345678
  wifiManager.autoConnect("ESP_AP", "12345678"); 
}

void loop_WiFiManager() 
{
   if ( digitalRead(PIN_AP) == HIGH ) 
   {
      WiFiManager wifiManager;
      if(!wifiManager.startConfigPortal("ESP_AP", "12345678") )
      {
        Serial.println("Falha ao conectar");
        delay(2000);
        ESP.restart();
      }
   }
}

//callback que indica que o ESP entrou no modo AP
void configModeCallback(WiFiManager *myWiFiManager) 
{  
  //  Serial.println("Entered config mode");
  Serial.println("Entrou no modo de configuração");
  Serial.println(WiFi.softAPIP()); //imprime o IP do AP
  Serial.println(myWiFiManager->getConfigPortalSSID()); //imprime o SSID criado da rede
}

//callback que indica que salvamos uma nova rede para se conectar (modo estação)
void saveConfigCallback() 
{
  Serial.println("Configuração salva");
}

void setup(void)
{
  Serial.begin(115200);
  delay(10000);
  ESP.restart();
  
  if (bootCount == 0)
  {
    // connectWiFi();
      
    //Cria uma nova tarefa no core 0
    // xTaskCreatePinnedToCore(
        // wifiConnectionTask,     //Função que será executada
        // "wifiConnectionTask",   //Nome da tarefa
        // 10000,                  //Tamanho da memória disponível (em WORDs)
        // NULL,                   //Não vamos passar nenhum parametro
        // 2,                      //prioridade
        // NULL,                   //Não precisamos de referência para a tarefa
        // 0);                     //Número do core
    
    setup_WiFiManager();
  
    if(WiFi.status() == WL_CONNECTED)
    {
      setupNTP();
    }
  }

  //Recupera os dados sobre a data e horário
  Date date = getDate();

  M5.begin();
  pinMode(M5_BUTTON_HOME, INPUT_PULLUP);
  M5.Lcd.fillScreen(BLACK);
  M5.Lcd.setRotation(1);
  M5.Axp.ScreenBreath(10);             // 7-15
  // rtc setup start ---------------------------------------------
  String pt = (__DATE__ " " __TIME__); // PC DATE TIME READ
  //000000000011111111112  Read data
  //012345678901234567890
  //Jun  6 2019 07:20:41
  char m1[3]; int  m2; // Month conversion ( Jun to 6 )
  (pt.substring(0, 3)).toCharArray(m1, 4);
  for (int mx = 0; mx < 12; mx ++) {
    if (strcmp(m1, monthName[mx]) == 0) {
      m2 = mx + 1;
      break;
    }
  }
  RTC_DateTypeDef DateStruct;         // Month, Date, Year
  // DateStruct.Month   = m2;
  // DateStruct.Date    = (pt.substring(4, 6)).toInt();
  // DateStruct.Year    = (pt.substring(7,11)).toInt();
  DateStruct.Month   = date.month;
  DateStruct.Date    = date.day;
  DateStruct.Year    = date.year;
  M5.Rtc.SetData(&DateStruct);
  RTC_TimeTypeDef TimeStruct;         // Hours, Minutes, Seconds
  // TimeStruct.Hours   = (pt.substring(12,14)).toInt();
  // TimeStruct.Minutes = (pt.substring(15,17)).toInt();
  // TimeStruct.Seconds = (pt.substring(18,20)).toInt();
  TimeStruct.Hours   = date.hours;
  TimeStruct.Minutes = date.minutes;
  TimeStruct.Seconds = date.seconds;
  M5.Rtc.SetTime(&TimeStruct);
  // rtc setup end -----------------------------------------------

  Wire.begin(0, 26, 100000UL);

  sensor.setTimeout(500);
  if (!sensor.init())
  {
    while (1)
    {
    }
  }

  // Start continuous back-to-back mode (take readings as
  // fast as possible).  To use continuous timed mode
  // instead, provide a desired inter-measurement period in
  // ms (e.g. sensor.startContinuous(100)).
  sensor.startContinuous();

  pinMode(9, OUTPUT);
  digitalWrite(9, HIGH);
  pinMode(10, OUTPUT);
  digitalWrite(10, HIGH);

  //Increment boot number and print it every reboot
  ++bootCount;
  Serial.println("Boot number: " + String(bootCount));

  // Print the wakeup reason for ESP32
  // print_wakeup_reason();

  // Print the GPIO used to wake up
  //  print_GPIO_wake_up();

  /*
  First we configure the wake up source
  We set our ESP32 to wake up every 5 seconds
  */
  // esp_sleep_enable_timer_wakeup(TIME_TO_SLEEP * uS_TO_S_FACTOR);
  // Serial.println("Setup ESP32 to sleep for every " + String(TIME_TO_SLEEP) + " Seconds");
}

void loop(void)
{
  // if(WiFi.status() != WL_CONNECTED)
  // {
  loop_WiFiManager();
  // }

  M5.Rtc.GetTime(&RTC_TimeStruct);
  // M5.Rtc.GetData(&RTC_DateStruct);

  // read the state of the switch/button:
  currentState_M5_BUTTON_HOME = digitalRead(M5_BUTTON_HOME);

  if (lastState_M5_BUTTON_HOME == HIGH && currentState_M5_BUTTON_HOME == LOW)
  {
    blnBotaoPressionado_M5_BUTTON_HOME = true;
    intIntervaloAnteriorSleep = millis();
  }

  if (M5.Axp.GetBtnPress() == 0x02)
  {
    blnBotaoPressionado_M5_BUTTON_PWR01S = true;
    intIntervaloAnteriorSleep = millis();
  }

  if (M5.Axp.GetBtnPress() == 0x01)
  {
    blnBotaoPressionado_M5_BUTTON_PWR02S = true;
    intIntervaloAnteriorSleep = millis();
  }

  if (millis() - intIntervaloAnterior >= 100)
  {
    intIntervaloAnterior = millis();

    // save the the last state
    lastState_M5_BUTTON_HOME = currentState_M5_BUTTON_HOME;

    if ( mode_ == 6 ) {
      vfd_6_line(); // temperature
    }
    if ( mode_ == 5 ) {
      vfd_5_line(); // temperature
    }
    if ( mode_ == 4 ) {
      vfd_4_line(); // sensor distance meter
    }
    if ( mode_ == 3 ) {
      vfd_3_line(); // hh,mm,ss
    }
    if ( mode_ == 2 ) {
      vfd_2_line(); // yyyy,mm,dd,hh,mm,ss
    }
    if ( mode_ == 1 ) {
      vfd_1_line(); // mm,ss
    }

    if (blnBotaoPressionado_M5_BUTTON_HOME)
    {
      blnBotaoPressionado_M5_BUTTON_HOME = false;

      if (mode_ == 6) {
        mode_ = 1;
        M5.Lcd.fillScreen(BLACK);
        return;
      }
      if (mode_ == 5) {
        mode_ = 6;
        M5.Lcd.fillScreen(BLACK);
        return;
      }
      if (mode_ == 4) {
        mode_ = 5;
        M5.Lcd.fillScreen(BLACK);
        return;
      }
      if (mode_ == 3) {
        mode_ = 4;
        M5.Lcd.fillScreen(BLACK);
        return;
      }
      if (mode_ == 2) {
        mode_ = 3;
        M5.Lcd.fillScreen(BLACK);
        return;
      }
      if (mode_ == 1) {
        mode_ = 2;
        M5.Lcd.fillScreen(BLACK);
        return;
      }
    }

    if (blnBotaoPressionado_M5_BUTTON_PWR01S)
    {
      blnBotaoPressionado_M5_BUTTON_PWR01S = false;
      
      if (blnLEDREDLigado)
      {
        digitalWrite(10, LOW);
        blnLEDREDLigado = false;
      }
      else
      {
        digitalWrite(10, HIGH);
        blnLEDREDLigado = true;
      }
    }

    if (blnBotaoPressionado_M5_BUTTON_PWR02S)
    {
      blnBotaoPressionado_M5_BUTTON_PWR02S = false;

      if (blnLEDIRLigado)
      {
        digitalWrite(9, LOW);
        blnLEDIRLigado = false;
      }
      else
      {
        digitalWrite(9, HIGH);
        blnLEDIRLigado = true;
      }
    }

    if (millis() - intIntervaloAnteriorSleep >= 60000)
    {
      intIntervaloAnteriorSleep = millis();
      mtdDeepSleep(GPIO_NUM_37);
    }
  }
}

void vfd_6_line()
{
  TensaoBateriaS =  M5.Axp.GetBatVoltage();
  PercentualCargaBateria = mtdObterNivelBateria(TensaoBateriaS) * 10;

  M5.Rtc.GetTime(&RTC_TimeStruct);
  M5.Rtc.GetData(&RTC_DateStruct);

  int d1 = int(PercentualCargaBateria / 1000);
  int d2 = int((PercentualCargaBateria - d1 * 1000) / 100);
  int d3 = int((PercentualCargaBateria - d1 * 1000 - d2 * 100) / 10);
  int d4 = int(PercentualCargaBateria - d1 * 1000 - d2 * 100 - d3 * 10);

  M5.Rtc.GetTime(&RTC_TimeStruct);
  M5.Rtc.GetData(&RTC_DateStruct);
  int h1 = int(RTC_TimeStruct.Hours / 10 );
  int h2 = int(RTC_TimeStruct.Hours - h1 * 10 );
  int i1 = int(RTC_TimeStruct.Minutes / 10 );
  int i2 = int(RTC_TimeStruct.Minutes - i1 * 10 );
  int s1 = int(RTC_TimeStruct.Seconds / 10 );
  int s2 = int(RTC_TimeStruct.Seconds - s1 * 10 );

  M5.Lcd.pushImage(  2, 0, 35, 67, (uint16_t *)m[h1]);
  M5.Lcd.pushImage( 41, 0, 35, 67, (uint16_t *)m[h2]);
  M5.Lcd.drawPixel( 79, 22, ORANGE); M5.Lcd.drawPixel( 79, 48, ORANGE);
  M5.Lcd.drawPixel( 79, 21, YELLOW); M5.Lcd.drawPixel( 79, 47, YELLOW);
  M5.Lcd.pushImage( 83, 0, 35, 67, (uint16_t *)m[i1]);
  M5.Lcd.pushImage(121, 0, 35, 67, (uint16_t *)m[i2]);
  M5.Lcd.pushImage(140, 45, 18, 34, (uint16_t *)n[d4]);
  M5.Lcd.drawPixel(139, 74, ORANGE);
  M5.Lcd.drawPixel(139, 73, YELLOW);  
  M5.Lcd.pushImage(120, 45, 18, 34, (uint16_t *)n[d3]);
  M5.Lcd.pushImage(100, 45, 18, 34, (uint16_t *)n[d2]);
  // M5.Lcd.drawPixel(99, 74, ORANGE);
  // M5.Lcd.drawPixel(99, 73, YELLOW);
  M5.Lcd.pushImage(80, 45, 18, 34, (uint16_t *)n[d1]);

  // if ( s1 == 0 && s2 == 0 ){ fade();}
}

void vfd_5_line()
{
  temperaturaC = M5.Axp.GetTempInAXP192();

  M5.Rtc.GetTime(&RTC_TimeStruct);
  M5.Rtc.GetData(&RTC_DateStruct);

  int d1 = int(temperaturaC / 100);
  int d2 = int((temperaturaC - d1 * 100) / 10);
  int d3 = int((temperaturaC - d1 * 100 - d2 * 10) / 1);
  int d4 = int((temperaturaC - d1 * 100 - d2 * 10 - d3 * 1) * 10);

  M5.Rtc.GetTime(&RTC_TimeStruct);
  M5.Rtc.GetData(&RTC_DateStruct);
  int h1 = int(RTC_TimeStruct.Hours / 10 );
  int h2 = int(RTC_TimeStruct.Hours - h1 * 10 );
  int i1 = int(RTC_TimeStruct.Minutes / 10 );
  int i2 = int(RTC_TimeStruct.Minutes - i1 * 10 );
  int s1 = int(RTC_TimeStruct.Seconds / 10 );
  int s2 = int(RTC_TimeStruct.Seconds - s1 * 10 );

  M5.Lcd.pushImage(  2, 0, 35, 67, (uint16_t *)m[h1]);
  M5.Lcd.pushImage( 41, 0, 35, 67, (uint16_t *)m[h2]);
  M5.Lcd.drawPixel( 79, 22, ORANGE); M5.Lcd.drawPixel( 79, 48, ORANGE);
  M5.Lcd.drawPixel( 79, 21, YELLOW); M5.Lcd.drawPixel( 79, 47, YELLOW);
  M5.Lcd.pushImage( 83, 0, 35, 67, (uint16_t *)m[i1]);
  M5.Lcd.pushImage(121, 0, 35, 67, (uint16_t *)m[i2]);
  M5.Lcd.pushImage(140, 45, 18, 34, (uint16_t *)n[d4]);
  M5.Lcd.drawPixel(139, 74, ORANGE);
  M5.Lcd.drawPixel(139, 73, YELLOW);
  M5.Lcd.pushImage(120, 45, 18, 34, (uint16_t *)n[d3]);
  M5.Lcd.pushImage(100, 45, 18, 34, (uint16_t *)n[d2]);
  M5.Lcd.pushImage(80, 45, 18, 34, (uint16_t *)n[d1]);

  // if ( s1 == 0 && s2 == 0 ){ fade();}
}

void vfd_4_line()
{
  distanceMM = sensor.readRangeContinuousMillimeters() - 30; //get the distance in mm

  if (distanceMM > maximumDistance)
  {
    distanceMM = 0;
  }

  M5.Rtc.GetTime(&RTC_TimeStruct);
  M5.Rtc.GetData(&RTC_DateStruct);

  int d1 = int(distanceMM / 1000);
  int d2 = int((distanceMM - d1 * 1000) / 100);
  int d3 = int((distanceMM - d1 * 1000 - d2 * 100) / 10);
  int d4 = int(distanceMM - d1 * 1000 - d2 * 100 - d3 * 10);

  M5.Rtc.GetTime(&RTC_TimeStruct);
  M5.Rtc.GetData(&RTC_DateStruct);
  int h1 = int(RTC_TimeStruct.Hours / 10 );
  int h2 = int(RTC_TimeStruct.Hours - h1 * 10 );
  int i1 = int(RTC_TimeStruct.Minutes / 10 );
  int i2 = int(RTC_TimeStruct.Minutes - i1 * 10 );
  int s1 = int(RTC_TimeStruct.Seconds / 10 );
  int s2 = int(RTC_TimeStruct.Seconds - s1 * 10 );

  M5.Lcd.pushImage(  2, 0, 35, 67, (uint16_t *)m[h1]);
  M5.Lcd.pushImage( 41, 0, 35, 67, (uint16_t *)m[h2]);
  M5.Lcd.drawPixel( 79, 22, ORANGE); M5.Lcd.drawPixel( 79, 48, ORANGE);
  M5.Lcd.drawPixel( 79, 21, YELLOW); M5.Lcd.drawPixel( 79, 47, YELLOW);
  M5.Lcd.pushImage( 83, 0, 35, 67, (uint16_t *)m[i1]);
  M5.Lcd.pushImage(121, 0, 35, 67, (uint16_t *)m[i2]);
  M5.Lcd.pushImage(140, 45, 18, 34, (uint16_t *)n[d4]);
  M5.Lcd.pushImage(120, 45, 18, 34, (uint16_t *)n[d3]);
  M5.Lcd.pushImage(100, 45, 18, 34, (uint16_t *)n[d2]);
  M5.Lcd.pushImage(80, 45, 18, 34, (uint16_t *)n[d1]);

  // if ( s1 == 0 && s2 == 0 ){ fade();}
}

void vfd_3_line() {
  M5.Rtc.GetTime(&RTC_TimeStruct);
  M5.Rtc.GetData(&RTC_DateStruct);
  int h1 = int(RTC_TimeStruct.Hours / 10 );
  int h2 = int(RTC_TimeStruct.Hours - h1 * 10 );
  int i1 = int(RTC_TimeStruct.Minutes / 10 );
  int i2 = int(RTC_TimeStruct.Minutes - i1 * 10 );
  int s1 = int(RTC_TimeStruct.Seconds / 10 );
  int s2 = int(RTC_TimeStruct.Seconds - s1 * 10 );

  M5.Lcd.pushImage(  2, 0, 35, 67, (uint16_t *)m[h1]);
  M5.Lcd.pushImage( 41, 0, 35, 67, (uint16_t *)m[h2]);
  M5.Lcd.drawPixel( 79, 22, ORANGE); M5.Lcd.drawPixel( 79, 48, ORANGE);
  M5.Lcd.drawPixel( 79, 21, YELLOW); M5.Lcd.drawPixel( 79, 47, YELLOW);
  M5.Lcd.pushImage( 83, 0, 35, 67, (uint16_t *)m[i1]);
  M5.Lcd.pushImage(121, 0, 35, 67, (uint16_t *)m[i2]);
  M5.Lcd.pushImage(120, 45, 18, 34, (uint16_t *)n[s1]);
  M5.Lcd.pushImage(140, 45, 18, 34, (uint16_t *)n[s2]);

  if ( s1 == 0 && s2 == 0 ) {
    fade();
  }
}

void vfd_2_line() {
  M5.Rtc.GetTime(&RTC_TimeStruct);
  M5.Rtc.GetData(&RTC_DateStruct);
  //Serial.printf("Data: %04d-%02d-%02d\n",RTC_DateStruct.Year,RTC_DateStruct.Month,RTC_DateStruct.Date);
  //Serial.printf("Week: %d\n",RTC_DateStruct.WeekDay);
  //Serial.printf("Time: %02d : %02d : %02d\n",RTC_TimeStruct.Hours,RTC_TimeStruct.Minutes,RTC_TimeStruct.Seconds);
  // Data: 2019-06-06
  // Week: 0
  // Time: 09 : 55 : 26
  int y1 = int(RTC_DateStruct.Year    / 1000 );
  int y2 = int((RTC_DateStruct.Year   - y1 * 1000 ) / 100 );
  int y3 = int((RTC_DateStruct.Year   - y1 * 1000 - y2 * 100 ) / 10 );
  int y4 = int(RTC_DateStruct.Year    - y1 * 1000 - y2 * 100 - y3 * 10 );
  int j1 = int(RTC_DateStruct.Month   / 10);
  int j2 = int(RTC_DateStruct.Month   - j1 * 10 );
  int d1 = int(RTC_DateStruct.Date    / 10 );
  int d2 = int(RTC_DateStruct.Date    - d1 * 10 );
  int h1 = int(RTC_TimeStruct.Hours   / 10) ;
  int h2 = int(RTC_TimeStruct.Hours   - h1 * 10 );
  int i1 = int(RTC_TimeStruct.Minutes / 10 );
  int i2 = int(RTC_TimeStruct.Minutes - i1 * 10 );
  int s1 = int(RTC_TimeStruct.Seconds / 10 );
  int s2 = int(RTC_TimeStruct.Seconds - s1 * 10 );

  M5.Lcd.pushImage(  0, 0, 18, 34, (uint16_t *)n[y1]);
  M5.Lcd.pushImage( 19, 0, 18, 34, (uint16_t *)n[y2]);
  M5.Lcd.pushImage( 38, 0, 18, 34, (uint16_t *)n[y3]);
  M5.Lcd.pushImage( 57, 0, 18, 34, (uint16_t *)n[y4]);
  M5.Lcd.drawPixel( 77, 13, ORANGE); M5.Lcd.drawPixel( 77, 23, ORANGE);
  M5.Lcd.pushImage( 80, 0, 18, 34, (uint16_t *)n[j1]);
  M5.Lcd.pushImage( 99, 0, 18, 34, (uint16_t *)n[j2]);
  M5.Lcd.drawPixel(118, 13, ORANGE); M5.Lcd.drawPixel(119, 23, ORANGE);
  M5.Lcd.pushImage(120, 0, 18, 34, (uint16_t *)n[d1]);
  M5.Lcd.pushImage(140, 0, 18, 34, (uint16_t *)n[d2]);

  M5.Lcd.pushImage( 00, 40, 18, 34, (uint16_t *)n[h1]);
  M5.Lcd.pushImage( 20, 40, 18, 34, (uint16_t *)n[h2]);
  M5.Lcd.drawPixel( 48, 54, ORANGE); M5.Lcd.drawPixel( 48, 64, ORANGE);
  M5.Lcd.pushImage( 60, 40, 18, 34, (uint16_t *)n[i1]);
  M5.Lcd.pushImage( 80, 40, 18, 34, (uint16_t *)n[i2]);
  M5.Lcd.drawPixel(108, 54, ORANGE); M5.Lcd.drawPixel(108, 64, ORANGE);
  M5.Lcd.pushImage(120, 40, 18, 34, (uint16_t *)n[s1]);
  M5.Lcd.pushImage(140, 40, 18, 34, (uint16_t *)n[s2]);

  if ( i1 == 0 && i2 == 0 ) {
    fade();
  }
}

void vfd_1_line() {
  M5.Rtc.GetTime(&RTC_TimeStruct);
  M5.Rtc.GetData(&RTC_DateStruct);
  int i1 = int(RTC_TimeStruct.Minutes / 10 );
  int i2 = int(RTC_TimeStruct.Minutes - i1 * 10 );
  int s1 = int(RTC_TimeStruct.Seconds / 10 );
  int s2 = int(RTC_TimeStruct.Seconds - s1 * 10 );

  M5.Lcd.pushImage(  2, 6, 35, 67, (uint16_t *)m[i1]);
  M5.Lcd.pushImage( 41, 6, 35, 67, (uint16_t *)m[i2]);
  M5.Lcd.drawPixel( 79, 28, ORANGE); M5.Lcd.drawPixel( 79, 54, ORANGE);
  M5.Lcd.drawPixel( 79, 27, YELLOW); M5.Lcd.drawPixel( 79, 53, YELLOW);
  M5.Lcd.pushImage( 83, 6, 35, 67, (uint16_t *)m[s1]);
  M5.Lcd.pushImage(121, 6, 35, 67, (uint16_t *)m[s2]);

  if ( s1 == 0 && s2 == 0 ) {
    fade();
  }
}

void fade() {
  for (int i = 7; i < 16; i++) {
    M5.Axp.ScreenBreath(i);
    delay(25);
  }
  for (int i = 15; i > 7; i--) {
    M5.Axp.ScreenBreath(i);
    delay(25);
  }
  M5.Axp.ScreenBreath(12);
}
